Name_lang,UiSwatchColor,UiModelSaturation,UiModelOpacity,OverrideShapeshiftDisplayID,ArtifactAppearanceSetID,UiCameraID,DisplayIndex,ItemAppearanceModifierID,Flags,OverrideShapeshiftFormID,ID,UnlockPlayerConditionID,UiItemAppearanceID,UiAltItemAppearanceID
"Purple Crystal",0,0.5,0.5,66784,1,0,1,10,0,1,1,0,0,0
"Blue Crystal",0,0.5,0.5,0,1,0,2,12,0,0,2,0,0,0
"Red Crystal",0,0.5,0.5,66785,1,0,3,11,0,1,3,0,0,0
"Yellow Spikes",0,0.5,0.5,0,2,0,1,18,0,0,5,12549,0,0
"Green Spikes",0,0.5,0.5,0,2,0,3,19,0,0,6,0,0,0
"Fiery Spikes",0,0.5,0.5,0,2,0,2,20,0,0,7,0,0,0
Ashbringer,13946667,0.5,0.5,0,3,62,2,9,0,0,8,37718,0,0
Ashbringer,12207429,0.5,0.5,0,3,62,1,10,1,0,9,0,0,0
Ashbringer,2777830,0.5,0.5,0,3,62,3,11,0,0,10,37719,0,0
Ashbringer,7194424,0.5,0.5,0,3,62,4,12,0,0,11,37720,0,0
Ashbringer,13753664,0.5,0.5,0,4,65,2,13,0,0,12,37722,0,0
Ashbringer,14170168,0.5,0.5,0,4,65,1,14,0,0,13,37721,0,0
Ashbringer,4341749,0.5,0.5,0,4,65,3,15,0,0,14,37723,0,0
Ashbringer,2400311,0.5,0.5,0,4,65,4,16,0,0,15,37724,0,0
Ashbringer,15636775,0.5,0.5,0,5,63,1,17,0,0,16,37725,0,0
Ashbringer,9769406,0.80000001192,0.69999998808,0,6,66,1,18,0,0,17,37726,0,0
Ashbringer,5384685,0.5,0.60000002384,0,6,66,2,19,0,0,18,37728,0,0
Ashbringer,46171,0.69999998808,0.5,0,6,66,3,20,0,0,19,37729,0,0
Ashbringer,2918886,0.69999998808,0.5,0,6,66,4,21,0,0,20,37730,0,0
Ashbringer,15526961,0.5,0.5,0,7,64,3,22,0,0,21,52635,0,0
Ashbringer,16250871,0.5,0.5,0,7,64,2,23,0,0,22,52557,0,0
Ashbringer,4385004,0.5,0.5,0,7,64,1,24,0,0,23,44699,0,0
Ashbringer,5054922,0.5,0.5,0,7,64,4,25,0,0,24,52668,0,0
"Twinblades of the Deceiver",3666175,0.5,0.5,0,8,72,2,9,0,0,25,37718,0,0
"Twinblades of the Deceiver",6870528,0.5,0.5,0,8,72,1,10,1,0,26,0,0,0
"Twinblades of the Deceiver",9845974,0.5,0.5,0,8,72,3,11,0,0,27,37719,0,0
"Twinblades of the Deceiver",15477542,0.5,0.5,0,8,72,4,12,0,0,28,37720,0,0
"Twinblades of the Deceiver",4433378,0.5,0.5,0,9,76,2,13,0,0,29,37722,0,0
"Twinblades of the Deceiver",9627184,0.5,0.5,0,9,76,1,14,0,0,30,37721,0,0
"Twinblades of the Deceiver",9980106,0.5,0.5,0,9,76,3,15,0,0,31,37723,0,0
"Twinblades of the Deceiver",14958913,0.5,0.5,0,9,76,4,16,0,0,32,37724,0,0
"Twinblades of the Deceiver",8200995,0.5,0.5,0,10,75,4,17,0,0,33,37733,0,0
"Twinblades of the Deceiver",9231422,0.5,0.5,0,10,75,2,18,0,0,34,37731,0,0
"Twinblades of the Deceiver",10767320,0.5,0.5,0,10,75,3,19,0,0,35,37732,0,0
"Twinblades of the Deceiver",16064287,0.5,0.5,0,10,75,1,20,0,0,36,37725,0,0
"Twinblades of the Deceiver",13127224,0.5,0.5,0,11,77,3,21,0,0,37,52618,0,0
"Twinblades of the Deceiver",11200571,0.5,0.5,0,11,77,2,22,0,0,38,52485,0,0
"Twinblades of the Deceiver",15311409,0.5,0.5,0,11,77,1,23,0,0,39,44679,0,0
"Twinblades of the Deceiver",12598501,0.5,0.5,0,11,77,4,24,0,0,40,52651,0,0
"Twinblades of the Deceiver",4626395,0.5,0.5,0,12,73,3,25,0,0,41,37729,0,0
"Twinblades of the Deceiver",3657332,0.5,0.5,0,12,73,2,26,0,0,42,37728,0,0
"Twinblades of the Deceiver",7223739,0.5,0.5,0,12,73,1,27,0,0,43,37726,0,0
"Twinblades of the Deceiver",15857465,0.5,0.5,0,12,73,4,28,0,0,44,37730,0,0
"G'Hanir, the Mother Tree",-12527023,0.5,0.5,0,13,61,1,9,1,0,45,0,0,0
"G'Hanir, the Mother Tree",14759167,0.5,0.5,0,13,61,2,10,0,0,46,37718,0,0
"G'Hanir, the Mother Tree",-14496857,0.5,0.5,0,13,61,3,11,0,0,47,37719,0,0
"G'Hanir, the Mother Tree",-131226,0.5,0.5,0,13,61,4,12,0,0,48,37720,0,0
"G'Hanir, the Mother Tree",-12858266,0.5,0.5,0,14,68,1,13,0,0,49,37721,0,0
"G'Hanir, the Mother Tree",-8716125,0.5,0.5,0,14,68,2,14,0,0,50,37722,0,0
"G'Hanir, the Mother Tree",-9044232,0.5,0.5,0,14,68,3,15,0,0,51,37723,0,0
"G'Hanir, the Mother Tree",-1443782,0.5,0.5,0,14,68,4,16,0,0,52,37724,0,0
"G'Hanir, the Mother Tree",-5955107,0.5,0.5,0,15,60,2,17,0,0,53,37731,0,0
"G'Hanir, the Mother Tree",-2621457,0.5,0.5,0,15,60,1,18,0,0,54,37725,0,0
"G'Hanir, the Mother Tree",42719,0.5,0.5,0,15,60,3,19,0,0,55,37732,0,0
"G'Hanir, the Mother Tree",2621373,0.5,0.5,0,15,60,4,20,0,0,56,37733,0,0
"G'Hanir, the Mother Tree",1834826,0.5,0.5,0,16,69,2,21,0,0,57,37728,0,0
"G'Hanir, the Mother Tree",7995557,0.5,0.5,0,16,69,1,22,0,0,58,37726,0,0
"G'Hanir, the Mother Tree",12910592,0.5,0.5,0,16,69,3,23,0,0,59,37729,0,0
"G'Hanir, the Mother Tree",-12486401,0.5,0.5,0,16,69,4,24,0,0,60,37730,0,0
"G'Hanir, the Mother Tree",3800902,0.5,0.5,0,17,70,2,25,0,0,61,39784,0,0
"G'Hanir, the Mother Tree",-10008885,0.5,0.5,0,17,70,1,26,0,0,62,42275,0,0
"G'Hanir, the Mother Tree",13369344,0.5,0.5,0,17,70,3,27,0,0,63,39785,0,0
"G'Hanir, the Mother Tree",-13534254,0.5,0.5,0,17,70,4,28,0,0,64,39786,0,0
"Scale of the Earthwarder",13256731,0.60000002384,0.44999998808,0,20,71,1,12,1,0,66,0,0,0
"Fangs of the Devourer",8187704,0.5,0.5,0,21,0,1,9,1,0,67,0,0,0
"Fangs of the Devourer",4099302,0.5,0.5,0,21,0,2,10,0,0,68,37718,0,0
"Fangs of the Devourer",7359174,0.5,0.5,0,21,0,3,11,0,0,69,37719,0,0
"Fangs of the Devourer",3857118,0.5,0.5,0,21,0,4,12,0,0,70,37720,0,0
"Fangs of the Devourer",8708667,0.5,0.5,0,22,0,1,13,0,0,71,37725,0,0
"Fangs of the Devourer",4647141,0.5,0.5,0,22,0,2,14,0,0,72,37731,0,0
"Fangs of the Devourer",8009433,0.5,0.5,0,22,0,3,15,0,0,73,37732,0,0
"Fangs of the Devourer",15199526,0.5,0.5,0,22,0,4,16,0,0,74,37733,0,0
"Fangs of the Devourer",7266609,0.5,0.5,0,23,0,3,17,0,0,75,37723,0,0
"Fangs of the Devourer",4287200,0.5,0.5,0,23,0,2,18,0,0,76,37722,0,0
"Fangs of the Devourer",7749083,0.5,0.5,0,23,0,1,19,0,0,77,37721,0,0
"Fangs of the Devourer",3989733,0.5,0.5,0,23,0,4,20,0,0,78,37724,0,0
"Fangs of the Devourer",2152008,0.5,0.5,0,24,0,3,21,0,0,79,37729,0,0
"Fangs of the Devourer",5577646,0.5,0.5,0,24,0,2,22,0,0,80,37728,0,0
"Fangs of the Devourer",15277084,0.5,0.5,0,24,0,1,23,0,0,81,37726,0,0
"Fangs of the Devourer",3117446,0.5,0.5,0,24,0,4,24,0,0,82,37730,0,0
"Fangs of the Devourer",4780008,0.5,0.5,0,25,0,2,25,0,0,83,52461,0,0
"Fangs of the Devourer",8037362,0.5,0.5,0,25,0,1,26,0,0,84,44700,0,0
"Fangs of the Devourer",8207315,0.5,0.5,0,25,0,3,27,0,0,85,52592,0,0
"Fangs of the Devourer",15332339,0.5,0.5,0,25,0,4,28,0,0,86,52674,0,0
"Maw of the Damned",16723502,0.60000002384,0.40000000596,0,32,0,1,9,1,0,107,0,0,0
Apocalypse,3138349,0.5,0.5,0,33,62,1,9,1,0,110,0,0,0
"Blades of the Fallen Prince",3256556,0.69999998808,0.40000000596,0,39,62,1,9,1,0,111,0,0,0
Apocalypse,2941171,0.5,0.5,0,33,62,2,10,0,0,112,37718,0,0
"Fists of the Storm",5682687,0.5,0.5,0,40,0,1,9,1,0,113,0,0,0
"Thas'dorah, Legacy of the Windrunners",4186327,0.5,0.5,0,41,0,1,9,1,0,114,0,0,0
"The Kingslayers",7280536,0.5,0.5,0,42,0,2,9,0,0,115,37718,0,0
"Sharas'dal, Scepter of Tides",-14700624,0.5,0.5,0,43,0,1,9,1,0,116,0,0,0
Doomhammer,11190488,0.5,0.5,0,44,0,1,9,1,0,117,0,0,0
"T'uure, Beacon of the Naaru",2267886,0.5,0.5,0,45,0,1,9,1,0,118,0,0,0
"Xal'atath, Blade of the Black Empire",6004187,0.5,0.5,0,46,0,1,9,1,0,119,0,0,0
"The Silver Hand",16120349,0.5,0.5,0,47,0,1,9,1,0,120,0,0,0
"Claws of Ursoc",7878111,0.5,0.5,66686,48,0,1,9,3,5,121,37266,0,0
"Claws of Ursoc",1525299,0.5,0.5,66682,48,0,7,9,0,5,269,37720,0,0
"Sheilun, Staff of the Mists",1493233,0.5,0.5,0,50,0,1,9,1,0,123,0,0,0
Felo'melorn,15950399,0.5,0.5,0,51,0,1,9,1,0,124,0,0,0
"The Eagle Spear",15876397,0.5,0.5,0,52,0,1,9,1,0,125,0,0,0
"Aluneth, Greatstaff of the Magna",10432187,0.5,0.5,0,53,0,1,9,1,0,126,0,0,0
"Aluneth, Greatstaff of the Magna",16645629,0.5,0.5,0,53,0,3,10,0,0,127,37719,0,0
"Aluneth, Greatstaff of the Magna",4711769,0.5,0.5,0,53,0,4,11,0,0,128,37720,0,0
"Aluneth, Greatstaff of the Magna",4439023,0.5,0.5,0,53,0,2,12,0,0,129,37718,0,0
"Aluneth, Greatstaff of the Magna",4439023,0.5,0.5,0,54,0,2,13,0,0,130,37722,0,0
"Aluneth, Greatstaff of the Magna",3207005,0.5,0.5,0,54,0,4,14,0,0,131,37724,0,0
"Aluneth, Greatstaff of the Magna",10564273,0.5,0.5,0,54,0,1,15,0,0,132,37721,0,0
"Aluneth, Greatstaff of the Magna",16777215,0.5,0.5,0,54,0,3,16,0,0,133,37723,0,0
"Aluneth, Greatstaff of the Magna",2320618,0.5,0.5,0,55,0,1,17,0,0,134,37725,0,0
"Aluneth, Greatstaff of the Magna",3666734,0.5,0.5,0,55,0,4,18,0,0,135,37733,0,0
"Aluneth, Greatstaff of the Magna",10692572,0.5,0.5,0,55,0,2,19,0,0,136,37731,0,0
"Aluneth, Greatstaff of the Magna",16777215,0.5,0.5,0,55,0,3,20,0,0,137,37732,0,0
"Aluneth, Greatstaff of the Magna",5143016,0.5,0.5,0,56,0,2,21,0,0,138,37728,0,0
"Aluneth, Greatstaff of the Magna",5630030,0.5,0.5,0,56,0,4,22,0,0,139,37730,0,0
"Aluneth, Greatstaff of the Magna",15767278,0.5,0.5,0,56,0,3,23,0,0,140,37729,0,0
"Aluneth, Greatstaff of the Magna",11680943,0.5,0.5,0,56,0,1,24,0,0,141,37726,0,0
"Aluneth, Greatstaff of the Magna",5143016,0.5,0.5,0,57,0,4,25,0,0,142,52660,0,0
"Aluneth, Greatstaff of the Magna",11948839,0.5,0.5,0,57,0,2,26,0,0,143,52495,0,0
"Aluneth, Greatstaff of the Magna",15267596,0.5,0.5,0,57,0,1,27,0,0,144,44158,0,0
"Aluneth, Greatstaff of the Magna",6382171,0.5,0.5,0,57,0,3,28,0,0,145,52627,0,0
"Scale of the Earthwarder",9056925,0.60000002384,0.44999998808,0,20,71,4,11,0,0,146,37720,0,0
"Scale of the Earthwarder",6542710,0.5,0.40000000596,0,20,71,2,10,0,0,147,37718,0,0
"Scale of the Earthwarder",3635402,0.60000002384,0.40000000596,0,20,71,3,9,0,0,148,37719,0,0
"Scale of the Earthwarder",2588395,0.5,0.5,0,61,71,3,13,0,0,149,37723,0,0
"Scale of the Earthwarder",13153068,0.5,0.5,0,61,71,2,14,0,0,150,37722,0,0
"Scale of the Earthwarder",12330987,0.5,0.5,0,61,71,4,15,0,0,151,37724,0,0
"Scale of the Earthwarder",10822946,0.5,0.5,0,61,71,1,16,0,0,152,37721,0,0
"Scale of the Earthwarder",5011930,0.5,0.34999999404,0,58,71,2,17,0,0,153,37728,0,0
"Scale of the Earthwarder",4577901,0.40000000596,0.34999999404,0,58,71,1,18,0,0,154,37726,0,0
"Scale of the Earthwarder",10629571,0.5,0.34999999404,0,58,71,3,19,0,0,155,37729,0,0
"Scale of the Earthwarder",15410986,0.5,0.34999999404,0,58,71,4,20,0,0,156,37730,0,0
"Scale of the Earthwarder",4626147,0.30000001192,0.60000002384,0,59,71,2,21,0,0,157,39784,0,0
"Scale of the Earthwarder",8975941,0.5,0.5,0,59,71,3,22,0,0,158,39785,0,0
"Scale of the Earthwarder",15378707,0.5,0.5,0,59,71,1,23,0,0,159,42304,0,0
"Scale of the Earthwarder",11216875,0.5,0.5,0,59,71,4,24,0,0,160,39786,0,0
"Scale of the Earthwarder",2588395,0.5,0.5,0,60,71,3,25,0,0,161,37732,0,0
"Scale of the Earthwarder",2616127,0.5,0.5,0,60,71,2,26,0,0,162,37731,0,0
"Scale of the Earthwarder",8265410,0.5,0.5,0,60,71,4,27,0,0,163,37733,0,0
"Scale of the Earthwarder",16314894,0.5,0.5,0,60,71,1,28,0,0,164,37725,0,0
"Ebonchill, Greatstaff of Alodi",2697697,0.5,0.5,0,64,0,1,9,1,0,168,0,0,0
"Ebonchill, Greatstaff of Alodi",5099863,0.5,0.5,0,64,0,2,10,0,0,169,37718,0,0
"Ebonchill, Greatstaff of Alodi",10174674,0.5,0.5,0,64,0,3,11,0,0,170,37719,0,0
"Ebonchill, Greatstaff of Alodi",16711685,0.5,0.5,0,64,0,4,12,0,0,171,37720,0,0
"Ebonchill, Greatstaff of Alodi",3881451,0.5,0.5,0,65,0,1,13,0,0,172,37721,0,0
"Ebonchill, Greatstaff of Alodi",5099863,0.5,0.5,0,65,0,2,14,0,0,173,37722,0,0
"Ebonchill, Greatstaff of Alodi",10174674,0.5,0.5,0,65,0,3,15,0,0,174,37723,0,0
"Ebonchill, Greatstaff of Alodi",16711685,0.5,0.5,0,65,0,4,16,0,0,175,37724,0,0
"Ebonchill, Greatstaff of Alodi",2697697,0.5,0.5,0,66,0,2,17,0,0,176,37728,0,0
"Ebonchill, Greatstaff of Alodi",2487336,0.5,0.5,0,66,0,1,18,0,0,177,37726,0,0
"Ebonchill, Greatstaff of Alodi",10174674,0.5,0.5,0,66,0,3,19,0,0,178,37729,0,0
"Ebonchill, Greatstaff of Alodi",16711685,0.5,0.5,0,66,0,4,20,0,0,179,37730,0,0
"Ebonchill, Greatstaff of Alodi",14517529,0.5,0.5,0,67,0,1,21,0,0,180,42283,0,0
"Ebonchill, Greatstaff of Alodi",11999467,0.5,0.5,0,67,0,2,22,0,0,181,39784,0,0
"Ebonchill, Greatstaff of Alodi",11006016,0.5,0.5,0,67,0,3,23,0,0,182,39785,0,0
"Ebonchill, Greatstaff of Alodi",2663653,0.5,0.5,0,67,0,4,24,0,0,183,39786,0,0
"Ebonchill, Greatstaff of Alodi",2744738,0.5,0.5,0,68,0,1,25,0,0,184,37725,0,0
"Ebonchill, Greatstaff of Alodi",3187001,0.5,0.5,0,68,0,2,26,0,0,185,37731,0,0
"Ebonchill, Greatstaff of Alodi",10174674,0.5,0.5,0,68,0,3,27,0,0,186,37732,0,0
"Ebonchill, Greatstaff of Alodi",15584394,0.5,0.5,0,68,0,4,28,0,0,187,37733,0,0
"Scepter of Sargeras",7614128,0.5,0.5,0,49,0,1,9,1,0,188,0,0,0
"Scepter of Sargeras",4870381,0.5,0.5,0,49,0,2,10,0,0,189,37718,0,0
"Scepter of Sargeras",2745662,0.5,0.5,0,49,0,3,11,0,0,190,37719,0,0
"Scepter of Sargeras",16711680,0.5,0.5,0,49,0,4,12,0,0,191,37720,0,0
"Scepter of Sargeras",7614128,0.5,0.5,0,69,0,3,13,0,0,192,37723,0,0
"Scepter of Sargeras",4870381,0.5,0.5,0,69,0,2,14,0,0,193,37722,0,0
"Scepter of Sargeras",2745662,0.5,0.5,0,69,0,1,15,0,0,194,37721,0,0
"Scepter of Sargeras",16711680,0.5,0.5,0,69,0,4,16,0,0,195,37724,0,0
"Scepter of Sargeras",7614128,0.5,0.5,0,70,0,3,17,0,0,196,37732,0,0
"Scepter of Sargeras",1172800,0.5,0.5,0,70,0,2,18,0,0,197,37731,0,0
"Scepter of Sargeras",15725596,0.5,0.5,0,70,0,1,19,0,0,198,37725,0,0
"Scepter of Sargeras",16711680,0.5,0.5,0,70,0,4,20,0,0,199,37733,0,0
"Scepter of Sargeras",7614128,0.5,0.5,0,71,0,1,21,0,0,200,37726,0,0
"Scepter of Sargeras",4870381,0.5,0.5,0,71,0,2,22,0,0,201,37728,0,0
"Scepter of Sargeras",2745662,0.5,0.5,0,71,0,3,23,0,0,202,37729,0,0
"Scepter of Sargeras",16711680,0.5,0.5,0,71,0,4,24,0,0,203,37730,0,0
"Scepter of Sargeras",7614128,0.5,0.5,0,72,0,4,25,0,0,204,39786,0,0
"Scepter of Sargeras",4907757,0.5,0.5,0,72,0,2,26,0,0,205,39784,0,0
"Scepter of Sargeras",2745662,0.5,0.5,0,72,0,3,27,0,0,206,39785,0,0
"Scepter of Sargeras",16711680,0.5,0.5,0,72,0,1,28,0,0,207,42301,0,0
"Thas'dorah, Legacy of the Windrunners",7140935,0.5,0.5,0,41,0,2,10,0,0,209,37718,0,0
"Thas'dorah, Legacy of the Windrunners",4496584,0.5,0.5,0,41,0,3,11,0,0,210,37719,0,0
"Thas'dorah, Legacy of the Windrunners",13916219,0.5,0.5,0,41,0,4,12,0,0,211,37720,0,0
"Thas'dorah, Legacy of the Windrunners",4964577,0.5,0.5,0,73,0,2,13,0,0,212,37728,0,0
"Thas'dorah, Legacy of the Windrunners",14282300,0.5,0.5,0,73,0,4,14,0,0,213,37730,0,0
"Thas'dorah, Legacy of the Windrunners",14631490,0.5,0.5,0,73,0,3,15,0,0,214,37729,0,0
"Thas'dorah, Legacy of the Windrunners",7868432,0.5,0.5,0,73,0,1,16,0,0,215,37726,0,0
"Thas'dorah, Legacy of the Windrunners",4251876,0.5,0.5,0,74,0,4,17,0,0,216,37733,0,0
"Thas'dorah, Legacy of the Windrunners",9103712,0.5,0.5,0,74,0,2,18,0,0,217,37731,0,0
"Thas'dorah, Legacy of the Windrunners",9189825,0.5,0.5,0,74,0,3,19,0,0,218,37732,0,0
"Thas'dorah, Legacy of the Windrunners",14726704,0.5,0.5,0,74,0,1,20,0,0,219,37725,0,0
"Thas'dorah, Legacy of the Windrunners",11641009,0.5,0.5,0,75,0,4,21,0,0,220,37724,0,0
"Thas'dorah, Legacy of the Windrunners",4957916,0.5,0.5,0,75,0,2,22,0,0,221,37722,0,0
"Thas'dorah, Legacy of the Windrunners",13382965,0.5,0.5,0,75,0,3,23,0,0,222,37723,0,0
"Thas'dorah, Legacy of the Windrunners",-7579995,0.5,0.5,0,75,0,1,24,0,0,223,37721,0,0
"Thas'dorah, Legacy of the Windrunners",2459070,0.5,0.5,0,76,0,1,25,0,0,224,42278,0,0
"Thas'dorah, Legacy of the Windrunners",10483279,0.5,0.5,0,76,0,2,26,0,0,225,39784,0,0
"Thas'dorah, Legacy of the Windrunners",15539999,0.5,0.5,0,76,0,3,27,0,0,226,39785,0,0
"Thas'dorah, Legacy of the Windrunners",3204308,0.5,0.5,0,76,0,4,28,0,0,227,39786,0,0
"The Kingslayers",16711680,0.5,0.5,0,42,0,1,10,1,0,228,0,0,0
"The Kingslayers",5368054,0.5,0.5,0,42,0,3,11,0,0,229,37719,0,0
"The Kingslayers",16776960,0.5,0.5,0,42,0,4,12,0,0,230,37720,0,0
"The Kingslayers",16107805,0.5,0.5,0,77,0,3,13,0,0,231,37723,0,0
"The Kingslayers",10433269,0.5,0.5,0,77,0,2,14,0,0,232,37722,0,0
"The Kingslayers",255,0.5,0.5,0,78,0,2,17,0,0,233,37731,0,0
"The Kingslayers",255,0.5,0.5,0,79,0,2,21,0,0,234,37728,0,0
"The Kingslayers",16711680,0.5,0.5,0,77,0,1,15,0,0,235,37721,0,0
"The Kingslayers",4320243,0.5,0.5,0,77,0,4,16,0,0,236,37724,0,0
"The Kingslayers",65280,0.5,0.5,0,78,0,1,18,0,0,237,37725,0,0
"The Kingslayers",16711680,0.5,0.5,0,78,0,3,19,0,0,238,37732,0,0
"The Kingslayers",4127224,0.5,0.5,0,78,0,4,20,0,0,239,37733,0,0
"The Kingslayers",16036875,0.5,0.5,0,79,0,1,22,0,0,240,37726,0,0
"The Kingslayers",4913390,0.5,0.5,0,79,0,3,23,0,0,241,37729,0,0
"The Kingslayers",16776960,0.5,0.5,0,79,0,4,24,0,0,242,37730,0,0
"Scythe of Elune",-12526923,0.5,0.5,0,81,61,1,9,1,0,244,0,0,0
"Xal'atath, Blade of the Black Empire",9778147,0.5,0.5,0,46,0,2,10,0,0,245,37718,0,0
"Xal'atath, Blade of the Black Empire",4775111,0.5,0.5,0,46,0,3,11,0,0,246,37719,0,0
"Xal'atath, Blade of the Black Empire",15463408,0.5,0.5,0,46,0,4,12,0,0,247,37720,0,0
"Xal'atath, Blade of the Black Empire",-6183280,0.5,0.5,0,82,0,3,13,0,0,248,37723,0,0
"Xal'atath, Blade of the Black Empire",7463221,0.5,0.5,0,82,0,2,14,0,0,249,37722,0,0
"Xal'atath, Blade of the Black Empire",7023546,0.5,0.5,0,82,0,1,15,0,0,250,37721,0,0
"Xal'atath, Blade of the Black Empire",3531476,0.5,0.5,0,82,0,4,16,0,0,251,37724,0,0
"Xal'atath, Blade of the Black Empire",9518140,0.5,0.5,0,83,0,4,17,0,0,252,37733,0,0
"Xal'atath, Blade of the Black Empire",2986533,0.5,0.5,0,83,0,2,18,0,0,253,37731,0,0
"Xal'atath, Blade of the Black Empire",6960054,0.5,0.5,0,83,0,3,19,0,0,254,37732,0,0
"Xal'atath, Blade of the Black Empire",15144984,0.5,0.5,0,83,0,1,20,0,0,255,37725,0,0
"Xal'atath, Blade of the Black Empire",7262259,0.5,0.5,0,84,0,2,21,0,0,256,37728,0,0
"Xal'atath, Blade of the Black Empire",8929508,0.5,0.5,0,84,0,1,22,0,0,257,37726,0,0
"Xal'atath, Blade of the Black Empire",4382149,0.5,0.5,0,84,0,3,23,0,0,258,37729,0,0
"Xal'atath, Blade of the Black Empire",16777215,0.5,0.5,0,84,0,4,24,0,0,259,37730,0,0
"Xal'atath, Blade of the Black Empire",-5505025,0.5,0.5,0,85,0,2,25,0,0,260,52509,0,0
"Xal'atath, Blade of the Black Empire",-12714089,0.5,0.5,0,85,0,1,26,0,0,261,44703,0,0
"Xal'atath, Blade of the Black Empire",9450975,0.5,0.5,0,85,0,3,27,0,0,262,52638,0,0
"Xal'atath, Blade of the Black Empire",14804548,0.5,0.5,0,85,0,4,28,0,0,263,52671,0,0
"Claws of Ursoc",6233864,0.5,0.5,66693,48,0,2,9,3,5,264,37268,0,0
"Claws of Ursoc",4840150,0.5,0.5,66683,48,0,3,9,3,5,265,37269,0,0
"Claws of Ursoc",12137809,0.5,0.5,66685,48,0,4,9,3,5,266,37270,0,0
"Claws of Ursoc",13541153,0.5,0.5,66687,48,0,5,9,0,5,267,37719,0,0
"Claws of Ursoc",14079702,0.5,0.5,66688,48,0,6,9,0,5,268,37718,0,0
"Claws of Ursoc",5675392,0.5,0.5,66696,86,0,2,9,0,5,270,37722,0,0
"Claws of Ursoc",3064568,0.5,0.5,66704,87,0,2,10,0,5,271,37731,0,0
"Claws of Ursoc",4646628,0.5,0.5,66719,88,0,1,11,0,5,272,37726,0,0
"Claws of Ursoc",4948674,0.5,0.5,66720,89,0,2,12,0,5,273,39784,0,0
"Claws of Ursoc",5992620,0.5,0.5,66697,86,0,1,9,0,5,274,37721,0,0
"Claws of Ursoc",5029219,0.5,0.5,66698,86,0,3,9,0,5,275,37723,0,0
"Claws of Ursoc",14042838,0.5,0.5,66699,86,0,4,9,0,5,276,37724,0,0
"Claws of Ursoc",7926557,0.5,0.5,66705,87,0,1,10,0,5,277,37725,0,0
"Claws of Ursoc",12071158,0.5,0.5,66706,87,0,3,10,0,5,278,37732,0,0
"Claws of Ursoc",16189962,0.5,0.5,66707,87,0,4,10,0,5,279,37733,0,0
"Claws of Ursoc",16094250,0.5,0.5,66718,88,0,2,11,0,5,280,37728,0,0
"Claws of Ursoc",4511604,0.5,0.5,66717,88,0,3,11,0,5,281,37729,0,0
"Claws of Ursoc",15737376,0.5,0.5,66716,88,0,4,11,0,5,282,37730,0,0
"Claws of Ursoc",8346917,0.5,0.5,66721,89,0,1,12,0,5,283,42274,0,0
"Claws of Ursoc",14826299,0.5,0.5,66722,89,0,3,12,0,5,284,39785,0,0
"Claws of Ursoc",16777215,0.5,0.5,66723,89,0,4,12,0,5,285,39786,0,0
"Fangs of Ashamane",5052011,0.5,0.5,66775,91,0,5,9,0,1,287,37718,0,0
Titanstrike,3176653,0.5,0.5,0,116,0,1,9,1,0,288,0,0,0
"Fu Zan, the Wanderer's Companion",1370755,0.69999998808,0.55000001192,0,129,0,1,9,1,0,289,0,0,0
"Fists of the Heavns",3977706,0.5,0.60000002384,0,138,0,1,9,1,0,290,0,0,0
Truthguard,-12849686,0.5,0.5,0,147,71,1,9,1,0,291,0,0,0
"Light's Wrath",-8467201,0.5,0.5,0,152,0,1,9,1,0,292,0,0,0
"Ulthalesh, The Deadwind Harvester",16439925,0.40000000596,0.64999997616,0,178,0,1,9,1,0,294,0,0,0
"Strom'kar, the Warbreaker",-15823458,0.5,0.5,0,188,0,1,9,1,0,295,0,0,0
"Warswords of the Valarjar",-16354,0.60000002384,0.60000002384,0,193,62,1,9,1,0,296,0,0,0
Doomhammer,9511943,0.5,0.5,0,44,0,2,10,0,0,297,37718,0,0
Doomhammer,8052479,0.5,0.5,0,170,0,1,13,0,0,298,37721,0,0
Doomhammer,16745493,0.60000002384,0.44999998808,0,172,0,1,17,0,0,299,37726,0,0
Doomhammer,4456425,0.30000001192,0.44999998808,0,171,0,2,21,0,0,300,37731,0,0
Doomhammer,5042943,0.40000000596,0.34999999404,0,173,0,1,25,0,0,301,44692,0,0
Doomhammer,16769633,0.5,0.5,0,44,0,3,11,0,0,302,37719,0,0
Doomhammer,14844592,0.5,0.5,0,44,0,4,12,0,0,303,37720,0,0
Doomhammer,16768861,0.5,0.5,0,170,0,2,14,0,0,304,37722,0,0
Doomhammer,5963633,0.5,0.5,0,170,0,3,15,0,0,305,37723,0,0
Doomhammer,16738109,0.5,0.5,0,170,0,4,16,0,0,306,37724,0,0
Doomhammer,4259817,0.5,0.40000000596,0,172,0,2,18,0,0,307,37728,0,0
Doomhammer,3075386,0.30000001192,0.44999998808,0,172,0,3,19,0,0,308,37729,0,0
Doomhammer,16726646,0.30000001192,0.44999998808,0,172,0,4,20,0,0,309,37730,0,0
Doomhammer,9895754,0.30000001192,0.44999998808,0,171,0,1,22,0,0,310,37725,0,0
Doomhammer,16762196,0.30000001192,0.44999998808,0,171,0,3,23,0,0,311,37732,0,0
Doomhammer,13648383,0.30000001192,0.44999998808,0,171,0,4,24,0,0,312,37733,0,0
Doomhammer,-9069901,0.5,0.40000000596,0,173,0,2,26,0,0,313,52549,0,0
Doomhammer,2621326,0.40000000596,0.40000000596,0,173,0,3,27,0,0,314,52640,0,0
Doomhammer,13168634,0.5,0.40000000596,0,173,0,4,28,0,0,315,52676,0,0
"Ulthalesh, The Deadwind Harvester",-1585294,0.5,0.5,0,179,0,4,13,0,0,316,37724,0,0
"Ulthalesh, The Deadwind Harvester",16769676,0.5,0.5,0,180,0,2,17,0,0,317,37731,0,0
"Ulthalesh, The Deadwind Harvester",2238949,0.5,0.5,0,181,0,3,21,0,0,318,39786,0,0
"Ulthalesh, The Deadwind Harvester",2024822,0.5,0.5,0,182,0,1,25,0,0,319,37726,0,0
"Ulthalesh, The Deadwind Harvester",4439624,0.40000000596,0.64999997616,0,178,0,2,10,0,0,320,37718,0,0
"Ulthalesh, The Deadwind Harvester",10829783,0.5,0.5,0,178,0,3,11,0,0,321,37719,0,0
"Ulthalesh, The Deadwind Harvester",13118749,0.5,0.5,0,178,0,4,12,0,0,322,37720,0,0
"Ulthalesh, The Deadwind Harvester",15568426,0.5,0.5,0,182,0,2,26,0,0,323,37728,0,0
"Ulthalesh, The Deadwind Harvester",6433946,0.5,0.5,0,182,0,4,27,0,0,324,37729,0,0
"Ulthalesh, The Deadwind Harvester",16124176,0.5,0.5,0,182,0,3,28,0,0,325,37730,0,0
"Ulthalesh, The Deadwind Harvester",4519215,0.5,0.5,0,181,0,2,22,0,0,326,39784,0,0
"Ulthalesh, The Deadwind Harvester",15740205,0.5,0.5,0,181,0,4,23,0,0,327,39785,0,0
"Ulthalesh, The Deadwind Harvester",12074983,0.5,0.5,0,181,0,1,24,0,0,328,42299,0,0
"Ulthalesh, The Deadwind Harvester",6089290,0.5,0.5,0,180,0,1,18,0,0,329,37725,0,0
"Ulthalesh, The Deadwind Harvester",10106346,0.5,0.5,0,180,0,3,19,0,0,330,37732,0,0
"Ulthalesh, The Deadwind Harvester",13835035,0.5,0.5,0,180,0,4,20,0,0,331,37733,0,0
"Ulthalesh, The Deadwind Harvester",3532867,0.5,0.5,0,179,0,2,14,0,0,332,37722,0,0
"Ulthalesh, The Deadwind Harvester",10234844,0.5,0.5,0,179,0,3,15,0,0,333,37723,0,0
"Ulthalesh, The Deadwind Harvester",14161945,0.5,0.5,0,179,0,1,16,0,0,334,37721,0,0
"Fu Zan, the Wanderer's Companion",5424127,0.69999998808,0.55000001192,0,129,0,2,10,0,0,336,37718,0,0
"Fu Zan, the Wanderer's Companion",4707946,0.5,0.5,0,130,0,1,13,0,0,337,37721,0,0
"Fu Zan, the Wanderer's Companion",3855469,0.5,0.5,0,132,0,4,17,0,0,338,37733,0,0
"Fu Zan, the Wanderer's Companion",4381060,0.5,0.5,0,131,0,3,21,0,0,339,37729,0,0
"Fu Zan, the Wanderer's Companion",6677627,0.5,0.5,0,133,0,2,25,0,0,340,52551,0,0
"Fu Zan, the Wanderer's Companion",15082532,0.5,0.5,0,129,0,3,11,0,0,341,37719,0,0
"Fu Zan, the Wanderer's Companion",15651405,0.5,0.5,0,129,0,4,12,0,0,342,37720,0,0
"Fu Zan, the Wanderer's Companion",6789609,0.5,0.5,0,130,0,2,14,0,0,343,37722,0,0
"Fu Zan, the Wanderer's Companion",13970990,0.5,0.5,0,130,0,3,15,0,0,344,37723,0,0
"Fu Zan, the Wanderer's Companion",13820224,0.5,0.5,0,130,0,4,16,0,0,345,37724,0,0
"Fu Zan, the Wanderer's Companion",4492232,0.5,0.5,0,132,0,2,18,0,0,346,37731,0,0
"Fu Zan, the Wanderer's Companion",14559529,0.5,0.5,0,132,0,3,19,0,0,347,37732,0,0
"Fu Zan, the Wanderer's Companion",14343983,0.5,0.5,0,132,0,1,20,0,0,348,37725,0,0
"Fu Zan, the Wanderer's Companion",7249636,0.5,0.5,0,131,0,2,22,0,0,349,37728,0,0
"Fu Zan, the Wanderer's Companion",15283252,0.5,0.5,0,131,0,1,23,0,0,350,37726,0,0
"Fu Zan, the Wanderer's Companion",14673484,0.5,0.5,0,131,0,4,24,0,0,351,37730,0,0
"Fu Zan, the Wanderer's Companion",5809634,0.5,0.5,0,133,0,1,26,0,0,352,44685,0,0
"Fu Zan, the Wanderer's Companion",14628149,0.5,0.5,0,133,0,3,27,0,0,353,52630,0,0
"Fu Zan, the Wanderer's Companion",15001147,0.5,0.5,0,133,0,4,28,0,0,354,52663,0,0
"Maw of the Damned",12390339,0.60000002384,0.40000000596,0,32,0,2,10,0,0,355,37718,0,0
"Maw of the Damned",9370663,0.5,0.40000000596,0,32,0,3,11,0,0,356,37719,0,0
"Maw of the Damned",3793407,0.60000002384,0.40000000596,0,32,0,4,12,0,0,357,37720,0,0
"Maw of the Damned",16717848,0.5,0.40000000596,0,92,0,1,13,0,0,358,37721,0,0
"Maw of the Damned",10223425,0.5,0.40000000596,0,93,0,2,17,0,0,359,52492,0,0
"Maw of the Damned",4313599,0.69999998808,0.40000000596,0,94,0,3,21,0,0,360,37732,0,0
"Maw of the Damned",13763805,0.60000002384,0.40000000596,0,92,0,2,14,0,0,361,37722,0,0
"Maw of the Damned",9502534,0.60000002384,0.40000000596,0,92,0,3,15,0,0,362,37723,0,0
"Maw of the Damned",3070207,0.60000002384,0.40000000596,0,92,0,4,16,0,0,363,37724,0,0
"Maw of the Damned",16715535,0.40000000596,0.40000000596,0,93,0,1,18,0,0,364,44540,0,0
"Maw of the Damned",3669950,0.60000002384,0.40000000596,0,93,0,3,19,0,0,365,52615,0,0
"Maw of the Damned",14876159,0.60000002384,0.40000000596,0,93,0,4,20,0,0,366,52648,0,0
"Maw of the Damned",3866564,0.60000002384,0.40000000596,0,94,0,2,22,0,0,367,37731,0,0
"Maw of the Damned",16730549,0.60000002384,0.40000000596,0,94,0,1,23,0,0,368,37725,0,0
"Maw of the Damned",14482943,0.69999998808,0.40000000596,0,94,0,4,24,0,0,369,37733,0,0
"Blades of the Fallen Prince",5884671,0.5,0.40000000596,0,96,62,1,13,0,0,370,37721,0,0
"Blades of the Fallen Prince",3256556,0.60000002384,0.5,0,99,62,1,17,0,0,371,37725,0,0
"Blades of the Fallen Prince",3256556,0.60000002384,0.40000000596,0,97,62,2,21,0,0,372,52493,0,0
"Blades of the Fallen Prince",3256556,0.69999998808,0.40000000596,0,98,62,1,25,0,0,373,37726,0,0
"Blades of the Fallen Prince",189775,0.60000002384,0.40000000596,0,39,62,2,10,0,0,374,37718,0,0
"Blades of the Fallen Prince",15516721,0.80000001192,0.40000000596,0,39,62,3,11,0,0,375,37719,0,0
"Blades of the Fallen Prince",3271908,0.69999998808,0.40000000596,0,39,62,4,12,0,0,376,37720,0,0
"Blades of the Fallen Prince",3271788,0.69999998808,0.5,0,96,62,2,14,0,0,377,37722,0,0
"Blades of the Fallen Prince",16425258,0.5,0.40000000596,0,96,62,3,15,0,0,378,37723,0,0
"Blades of the Fallen Prince",3269100,0.80000001192,0.40000000596,0,96,62,4,16,0,0,379,37724,0,0
"Blades of the Fallen Prince",3140633,0.60000002384,0.40000000596,0,99,62,2,18,0,0,380,37731,0,0
"Blades of the Fallen Prince",16756275,0.60000002384,0.5,0,99,62,3,19,0,0,381,37732,0,0
"Blades of the Fallen Prince",16182072,0.69999998808,0.40000000596,0,99,62,4,20,0,0,382,37733,0,0
"Blades of the Fallen Prince",3997653,0.60000002384,0.40000000596,0,97,62,1,22,0,0,383,44541,0,0
"Blades of the Fallen Prince",12726271,0.60000002384,0.40000000596,0,97,62,3,23,0,0,384,52616,0,0
"Blades of the Fallen Prince",15482929,0.5,0.40000000596,0,97,62,4,24,0,0,385,52649,0,0
"Blades of the Fallen Prince",3271758,0.60000002384,0.40000000596,0,98,62,2,26,0,0,386,37728,0,0
"Blades of the Fallen Prince",12923372,0.60000002384,0.30000001192,0,98,62,3,27,0,0,387,37729,0,0
"Blades of the Fallen Prince",16758311,0.69999998808,0.34999999404,0,98,62,4,28,0,0,388,37730,0,0
Apocalypse,11678188,0.5,0.40000000596,0,33,62,3,11,0,0,389,37719,0,0
Apocalypse,15554105,0.5,0.40000000596,0,33,62,4,12,0,0,390,37720,0,0
Apocalypse,3254508,0.60000002384,0.30000001192,0,102,62,2,13,0,0,391,37722,0,0
Apocalypse,5165052,0.5,0.40000000596,0,100,62,4,17,0,0,392,37730,0,0
Apocalypse,3199231,0.5,0.44999998808,0,101,62,4,21,0,0,393,37733,0,0
Apocalypse,3256556,0.5,0.40000000596,0,103,62,2,25,0,0,394,39784,0,0
Apocalypse,5565489,0.5,0.30000001192,0,102,62,1,14,0,0,395,37721,0,0
Apocalypse,16730401,0.40000000596,0.30000001192,0,102,62,3,15,0,0,396,37723,0,0
Apocalypse,16777215,0.5,0.34999999404,0,102,62,4,16,0,0,397,37724,0,0
Apocalypse,7859249,0.5,0.40000000596,0,100,62,2,18,0,0,398,37728,0,0
Apocalypse,16752945,0.5,0.34999999404,0,100,62,1,19,0,0,399,37726,0,0
Apocalypse,15220778,0.40000000596,0.40000000596,0,100,62,3,20,0,0,400,37729,0,0
Apocalypse,16736568,0.5,0.40000000596,0,101,62,2,22,0,0,401,37731,0,0
Apocalypse,3538903,0.5,0.40000000596,0,101,62,3,23,0,0,402,37732,0,0
Apocalypse,15723566,0.5,0.40000000596,0,101,62,1,24,0,0,403,37725,0,0
Apocalypse,9318892,0.5,0.34999999404,0,103,62,1,26,0,0,404,42267,0,0
Apocalypse,16342826,0.5,0.34999999404,0,103,62,3,27,0,0,405,39785,0,0
Apocalypse,2359283,0.5,0.34999999404,0,103,62,4,28,0,0,406,39786,0,0
"Scythe of Elune",-12526909,0.5,0.5,0,108,61,1,13,0,0,407,37721,0,0
"Scythe of Elune",-13326639,0.5,0.5,0,109,61,4,17,0,0,408,37733,0,0
"Scythe of Elune",-12526894,0.5,0.5,0,111,61,3,21,0,0,409,37729,0,0
"Scythe of Elune",-11569184,0.5,0.5,0,110,61,4,25,0,0,410,39786,0,0
"Scythe of Elune",-8459948,0.5,0.5,0,81,61,2,10,0,0,411,37718,0,0
"Scythe of Elune",-5941542,0.5,0.5,0,81,61,3,11,0,0,412,37719,0,0
"Scythe of Elune",-1721312,0.5,0.5,0,81,61,4,12,0,0,413,37720,0,0
"Scythe of Elune",-12527023,0.5,0.5,0,108,61,2,14,0,0,414,37722,0,0
"Scythe of Elune",-6666286,0.5,0.5,0,108,61,3,15,0,0,415,37723,0,0
"Scythe of Elune",-282090,0.5,0.5,0,108,61,4,16,0,0,416,37724,0,0
"Scythe of Elune",-12527023,0.5,0.5,0,109,61,2,18,0,0,417,37731,0,0
"Scythe of Elune",-6603316,0.5,0.5,0,109,61,3,19,0,0,418,37732,0,0
"Scythe of Elune",-1,0.5,0.5,0,109,61,1,20,0,0,419,37725,0,0
"Scythe of Elune",-524416,0.5,0.5,0,111,61,2,22,0,0,420,37728,0,0
"Scythe of Elune",-32382,0.5,0.5,0,111,61,1,23,0,0,421,37726,0,0
"Scythe of Elune",-2909614,0.5,0.5,0,111,61,4,24,0,0,422,37730,0,0
"Scythe of Elune",-4037147,0.5,0.5,0,110,61,2,26,0,0,423,39784,0,0
"Scythe of Elune",-1621953,0.5,0.5,0,110,61,3,27,0,0,424,39785,0,0
"Scythe of Elune",-664011,0.5,0.5,0,110,61,1,28,0,0,425,42271,0,0
"Fangs of Ashamane",4112989,0.5,0.5,66779,91,0,1,9,3,1,426,38416,0,0
"Fangs of Ashamane",10319436,0.5,0.5,66777,91,0,2,9,3,1,427,38417,0,0
"Fangs of Ashamane",14274424,0.5,0.5,66778,91,0,3,9,3,1,428,38418,0,0
"Fangs of Ashamane",2983883,0.5,0.5,66776,91,0,6,9,0,1,429,37719,0,0
"Fangs of Ashamane",9321405,0.5,0.5,66780,91,0,4,9,3,1,430,38419,0,0
"Fangs of Ashamane",13822955,0.5,0.5,66781,91,0,7,9,0,1,431,37720,0,0
"Fangs of Ashamane",2876068,0.5,0.5,66786,112,0,2,10,0,1,432,37722,0,0
"Fangs of Ashamane",9057236,0.5,0.5,66794,115,0,1,12,0,1,433,37726,0,0
"Fangs of Ashamane",2352725,0.5,0.5,66790,113,0,1,10,0,1,434,37725,0,0
"Fangs of Ashamane",3653887,0.5,0.5,66782,114,0,1,11,0,1,435,44681,0,0
"Fangs of Ashamane",13465931,0.5,0.5,66787,112,0,1,10,0,1,436,37721,0,0
"Fangs of Ashamane",15580434,0.5,0.5,66788,112,0,3,10,0,1,437,37723,0,0
"Fangs of Ashamane",14161390,0.5,0.5,66789,112,0,4,10,0,1,438,37724,0,0
"Fangs of Ashamane",3332826,0.5,0.5,66795,115,0,2,12,0,1,439,37728,0,0
"Fangs of Ashamane",14362155,0.5,0.5,66796,115,0,3,12,0,1,440,37729,0,0
"Fangs of Ashamane",13184910,0.5,0.5,66797,115,0,4,12,0,1,441,37730,0,0
"Fangs of Ashamane",15581735,0.5,0.5,66791,113,0,2,10,0,1,442,37731,0,0
"Fangs of Ashamane",9779671,0.5,0.5,66792,113,0,3,10,0,1,443,37732,0,0
"Fangs of Ashamane",8517880,0.5,0.5,66793,113,0,4,10,0,1,444,37733,0,0
"Fangs of Ashamane",10354500,0.5,0.5,66783,114,0,2,11,0,1,445,52480,0,0
"Fangs of Ashamane",14953215,0.5,0.5,66784,114,0,3,11,0,1,446,52621,0,0
"Fangs of Ashamane",16587541,0.5,0.5,66785,114,0,4,11,0,1,447,52654,0,0
Titanstrike,5998826,0.5,0.5,0,117,0,1,13,0,0,448,37721,0,0
Titanstrike,3986919,0.5,0.5,0,118,0,4,17,0,0,449,37730,0,0
Titanstrike,4907719,0.5,0.5,0,119,0,3,21,0,0,450,37732,0,0
Titanstrike,4039121,0.5,0.5,0,120,0,3,25,0,0,451,52624,0,0
Titanstrike,9981390,0.5,0.5,0,116,0,2,10,0,0,452,37718,0,0
Titanstrike,13972532,0.5,0.5,0,116,0,3,11,0,0,453,37719,0,0
Titanstrike,14542138,0.5,0.5,0,116,0,4,12,0,0,454,37720,0,0
Titanstrike,10939987,0.5,0.5,0,117,0,4,14,0,0,455,37724,0,0
Titanstrike,13251538,0.5,0.5,0,117,0,2,15,0,0,456,37722,0,0
Titanstrike,15287107,0.5,0.5,0,117,0,3,16,0,0,457,37723,0,0
Titanstrike,3272816,0.5,0.5,0,118,0,2,18,0,0,458,37728,0,0
Titanstrike,14959941,0.5,0.5,0,118,0,3,19,0,0,459,37729,0,0
Titanstrike,14410551,0.5,0.5,0,118,0,1,20,0,0,460,37726,0,0
Titanstrike,7138880,0.5,0.5,0,119,0,2,22,0,0,461,37731,0,0
Titanstrike,10304702,0.5,0.5,0,119,0,1,23,0,0,462,37725,0,0
Titanstrike,15397434,0.5,0.5,0,119,0,4,24,0,0,463,37733,0,0
Titanstrike,8967744,0.5,0.5,0,120,0,4,26,0,0,464,52657,0,0
Titanstrike,9257932,0.5,0.5,0,120,0,2,27,0,0,465,52489,0,0
Titanstrike,14235190,0.5,0.5,0,120,0,1,28,0,0,466,44684,0,0
"The Eagle Spear",12470239,0.5,0.5,0,52,0,2,10,0,0,467,37718,0,0
"The Eagle Spear",3335367,0.5,0.5,0,52,0,3,11,0,0,468,37719,0,0
"The Eagle Spear",14018379,0.5,0.5,0,52,0,4,12,0,0,469,37720,0,0
"The Eagle Spear",7488970,0.5,0.5,0,121,0,2,13,0,0,470,37722,0,0
"The Eagle Spear",3094245,0.5,0.5,0,122,0,3,17,0,0,471,37732,0,0
"The Eagle Spear",3468770,0.5,0.5,0,123,0,1,21,0,0,472,37726,0,0
"The Eagle Spear",14512207,0.5,0.5,0,124,0,1,25,0,0,473,42279,0,0
"The Eagle Spear",9040429,0.5,0.5,0,121,0,4,14,0,0,474,37724,0,0
"The Eagle Spear",14699836,0.5,0.5,0,121,0,1,15,0,0,475,37721,0,0
"The Eagle Spear",-16711681,0.5,0.5,0,121,0,3,16,0,0,476,37723,0,0
"The Eagle Spear",8183624,0.5,0.5,0,123,0,2,22,0,0,477,37728,0,0
"The Eagle Spear",4149992,0.5,0.5,0,123,0,3,23,0,0,478,37729,0,0
"The Eagle Spear",15876397,0.5,0.5,0,123,0,4,24,0,0,479,37730,0,0
"The Eagle Spear",3063335,0.5,0.5,0,122,0,2,18,0,0,480,37731,0,0
"The Eagle Spear",15876397,0.5,0.5,0,122,0,1,19,0,0,481,37725,0,0
"The Eagle Spear",3007454,0.5,0.5,0,122,0,4,20,0,0,482,37733,0,0
"The Eagle Spear",12749187,0.5,0.5,0,124,0,2,26,0,0,483,39784,0,0
"The Eagle Spear",10895581,0.5,0.5,0,124,0,3,27,0,0,484,39785,0,0
"The Eagle Spear",15614997,0.5,0.5,0,124,0,4,28,0,0,485,39786,0,0
Felo'melorn,4284145,0.5,0.5,0,125,0,4,13,0,0,486,37724,0,0
Felo'melorn,3751385,0.5,0.5,0,127,0,4,17,0,0,487,37730,0,0
Felo'melorn,4575473,0.5,0.5,0,126,0,2,21,0,0,488,37731,0,0
Felo'melorn,4191186,0.5,0.5,0,128,0,1,25,0,0,489,44162,0,0
Felo'melorn,8470515,0.5,0.5,0,51,0,2,10,0,0,490,37718,0,0
Felo'melorn,5419819,0.5,0.5,0,51,0,3,11,0,0,491,37719,0,0
Felo'melorn,9802991,0.5,0.5,0,51,0,4,12,0,0,492,37720,0,0
Felo'melorn,6147118,0.5,0.5,0,125,0,2,14,0,0,493,37722,0,0
Felo'melorn,9642695,0.5,0.5,0,125,0,3,15,0,0,494,37723,0,0
Felo'melorn,15950399,0.5,0.5,0,125,0,1,16,0,0,495,37721,0,0
Felo'melorn,2417512,0.5,0.5,0,127,0,2,18,0,0,496,37728,0,0
Felo'melorn,10303436,0.5,0.5,0,127,0,3,19,0,0,497,37729,0,0
Felo'melorn,15950399,0.5,0.5,0,127,0,1,20,0,0,498,37726,0,0
Felo'melorn,4780859,0.5,0.5,0,126,0,1,22,0,0,499,37725,0,0
Felo'melorn,13524967,0.5,0.5,0,126,0,3,23,0,0,500,37732,0,0
Felo'melorn,16728085,0.5,0.5,0,126,0,4,24,0,0,501,37733,0,0
Felo'melorn,9240352,0.5,0.5,0,128,0,2,26,0,0,502,52496,0,0
Felo'melorn,12407793,0.5,0.5,0,128,0,3,27,0,0,503,52628,0,0
Felo'melorn,15950399,0.5,0.5,0,128,0,4,28,0,0,504,52661,0,0
"Sheilun, Staff of the Mists",1493233,0.5,0.5,0,134,0,2,13,0,0,505,37722,0,0
"Sheilun, Staff of the Mists",1493233,0.5,0.5,0,137,0,4,17,0,0,506,37733,0,0
"Sheilun, Staff of the Mists",1455345,0.5,0.5,0,135,0,3,21,0,0,507,39785,0,0
"Sheilun, Staff of the Mists",1493233,0.5,0.5,0,136,0,1,25,0,0,508,37726,0,0
"Sheilun, Staff of the Mists",5038232,0.5,0.5,0,50,0,2,10,0,0,509,37718,0,0
"Sheilun, Staff of the Mists",15801366,0.5,0.5,0,50,0,3,11,0,0,510,37719,0,0
"Sheilun, Staff of the Mists",15593750,0.5,0.5,0,50,0,4,12,0,0,511,37720,0,0
"Sheilun, Staff of the Mists",1503655,0.5,0.5,0,134,0,1,14,0,0,512,37721,0,0
"Sheilun, Staff of the Mists",15806742,0.5,0.5,0,134,0,3,15,0,0,513,37723,0,0
"Sheilun, Staff of the Mists",15397142,0.5,0.5,0,134,0,4,16,0,0,514,37724,0,0
"Sheilun, Staff of the Mists",8319254,0.5,0.5,0,137,0,2,18,0,0,515,37731,0,0
"Sheilun, Staff of the Mists",11885769,0.5,0.5,0,137,0,3,19,0,0,516,37732,0,0
"Sheilun, Staff of the Mists",15807510,0.5,0.5,0,137,0,1,20,0,0,517,37725,0,0
"Sheilun, Staff of the Mists",15828300,0.5,0.5,0,135,0,2,22,0,0,518,39784,0,0
"Sheilun, Staff of the Mists",2075252,0.5,0.5,0,135,0,1,23,0,0,519,42285,0,0
"Sheilun, Staff of the Mists",16716288,0.5,0.5,0,135,0,4,24,0,0,520,39786,0,0
"Sheilun, Staff of the Mists",1503543,0.5,0.5,0,136,0,2,26,0,0,521,37728,0,0
"Sheilun, Staff of the Mists",8984305,0.5,0.5,0,136,0,3,27,0,0,522,37729,0,0
"Sheilun, Staff of the Mists",4675056,0.5,0.5,0,136,0,4,28,0,0,523,37730,0,0
"Fists of the Heavns",4176098,0.60000002384,0.5,0,139,0,4,13,0,0,524,37724,0,0
"Fists of the Heavns",3466495,0.5,0.64999997616,0,140,0,1,17,0,0,525,37725,0,0
"Fists of the Heavns",5128162,0.60000002384,0.5,0,141,0,3,21,0,0,526,37729,0,0
"Fists of the Heavns",4170722,0.5,0.60000002384,0,142,0,1,25,0,0,527,42286,0,0
"Fists of the Heavns",4710975,0.5,0.60000002384,0,138,0,2,10,0,0,528,37718,0,0
"Fists of the Heavns",16728353,0.60000002384,0.55000001192,0,138,0,3,11,0,0,529,37719,0,0
"Fists of the Heavns",16771663,0.5,0.60000002384,0,138,0,4,12,0,0,530,37720,0,0
"Fists of the Heavns",7143264,0.5,0.5,0,139,0,2,14,0,0,531,37722,0,0
"Fists of the Heavns",16734003,0.5,0.5,0,139,0,3,15,0,0,532,37723,0,0
"Fists of the Heavns",16449363,0.40000000596,0.5,0,139,0,1,16,0,0,533,37721,0,0
"Fists of the Heavns",16398113,0.30000001192,0.55000001192,0,140,0,2,18,0,0,534,37731,0,0
"Fists of the Heavns",15066623,0.40000000596,0.5,0,140,0,3,19,0,0,535,37732,0,0
"Fists of the Heavns",4186724,0.60000002384,0.5,0,140,0,4,20,0,0,536,37733,0,0
"Fists of the Heavns",6487878,0.40000000596,0.5,0,141,0,2,22,0,0,537,37728,0,0
"Fists of the Heavns",14828607,0.60000002384,0.5,0,141,0,1,23,0,0,538,37726,0,0
"Fists of the Heavns",16773195,0.40000000596,0.40000000596,0,141,0,4,24,0,0,539,37730,0,0
"Fists of the Heavns",5634632,0.5,0.55000001192,0,142,0,2,26,0,0,540,39784,0,0
"Fists of the Heavns",16728898,0.40000000596,0.60000002384,0,142,0,3,27,0,0,541,39785,0,0
"Fists of the Heavns",13954047,0.5,0.60000002384,0,142,0,4,28,0,0,542,39786,0,0
"The Silver Hand",46079,0.5,0.5,0,143,0,2,13,0,0,543,37722,0,0
"The Silver Hand",46079,0.5,0.5,0,145,0,1,25,0,0,544,37726,0,0
"The Silver Hand",3324917,0.5,0.5,0,146,0,1,21,0,0,545,37725,0,0
"The Silver Hand",46079,0.5,0.5,0,144,0,3,17,0,0,546,52633,0,0
"The Silver Hand",1959674,0.5,0.5,0,47,0,2,10,0,0,547,37718,0,0
"The Silver Hand",9584105,0.5,0.5,0,47,0,3,11,0,0,548,37719,0,0
"The Silver Hand",16257561,0.5,0.5,0,47,0,4,12,0,0,549,37720,0,0
"The Silver Hand",3404714,0.5,0.5,0,145,0,2,26,0,0,550,37728,0,0
"The Silver Hand",8207285,0.5,0.5,0,145,0,3,27,0,0,551,37729,0,0
"The Silver Hand",13312069,0.5,0.5,0,145,0,4,28,0,0,552,37730,0,0
"The Silver Hand",9253870,0.5,0.5,0,143,0,3,14,0,0,553,37723,0,0
"Aldrachi Warblades",16765254,0.5,0.5,0,90,72,1,9,1,0,554,0,0,0
"Aldrachi Warblades",4619282,0.5,0.5,0,90,72,2,10,0,0,555,37718,0,0
"Aldrachi Warblades",7801775,0.5,0.5,0,90,72,3,11,0,0,556,37719,0,0
"Aldrachi Warblades",11776947,0.5,0.5,0,90,72,4,12,0,0,557,37720,0,0
"Aldrachi Warblades",-11213384,0.5,0.5,0,104,76,2,13,0,0,558,37722,0,0
"Aldrachi Warblades",-2396893,0.5,0.5,0,104,76,1,14,0,0,559,37721,0,0
"Aldrachi Warblades",-13835203,0.5,0.5,0,104,76,3,15,0,0,560,37723,0,0
"Aldrachi Warblades",-4512805,0.5,0.5,0,104,76,4,16,0,0,561,37724,0,0
"Aldrachi Warblades",-12913687,0.5,0.5,0,106,76,2,17,0,0,562,37731,0,0
"Aldrachi Warblades",-7998908,0.5,0.5,0,106,76,1,18,0,0,563,37725,0,0
"Aldrachi Warblades",-2606084,0.5,0.5,0,106,76,3,19,0,0,564,37732,0,0
"Aldrachi Warblades",-2475488,0.5,0.5,0,106,76,4,20,0,0,565,37733,0,0
"Aldrachi Warblades",-7432515,0.5,0.5,0,105,76,2,21,0,0,566,37728,0,0
"Aldrachi Warblades",-1652091,0.5,0.5,0,105,76,1,22,0,0,567,37726,0,0
"Aldrachi Warblades",-10123675,0.5,0.5,0,105,76,3,23,0,0,568,37729,0,0
"Aldrachi Warblades",-9808299,0.5,0.5,0,105,76,4,24,0,0,569,37730,0,0
"Aldrachi Warblades",-13123135,0.5,0.5,0,107,76,2,25,0,0,570,39784,0,0
"Aldrachi Warblades",-7812810,0.5,0.5,0,107,76,1,26,0,0,571,42270,0,0
"Aldrachi Warblades",-8641594,0.5,0.5,0,107,76,3,27,0,0,572,39785,0,0
"Aldrachi Warblades",-1692130,0.5,0.5,0,107,76,4,28,0,0,573,39786,0,0
"Maw of the Damned",-10290945,0.69999998808,0.40000000596,0,95,0,1,25,0,0,576,37726,0,0
"Maw of the Damned",-7602357,0.60000002384,0.40000000596,0,95,0,2,26,0,0,577,37728,0,0
"Maw of the Damned",-2014465,0.60000002384,0.40000000596,0,95,0,3,27,0,0,578,37729,0,0
"Maw of the Damned",-61,0.60000002384,0.30000001192,0,95,0,4,28,0,0,579,37730,0,0
"The Silver Hand",-2352602,0.5,0.5,0,143,0,4,15,0,0,581,37724,0,0
"The Silver Hand",-656866,0.5,0.5,0,143,0,1,16,0,0,582,37721,0,0
"The Silver Hand",8923843,0.5,0.5,0,144,0,2,18,0,0,583,52554,0,0
"The Silver Hand",-2734822,0.5,0.5,0,144,0,1,19,0,0,584,44686,0,0
"The Silver Hand",-12652954,0.5,0.5,0,144,0,4,20,0,0,585,52666,0,0
"The Silver Hand",-6081340,0.5,0.5,0,146,0,3,22,0,0,586,37732,0,0
"The Silver Hand",-4443328,0.5,0.5,0,146,0,4,23,0,0,587,37733,0,0
"The Silver Hand",-8124,0.5,0.5,0,146,0,2,24,0,0,588,37731,0,0
"The Kingslayers",4153830,0.5,0.5,0,80,0,3,25,0,0,609,39785,0,0
"The Kingslayers",15671585,0.5,0.5,0,80,0,2,26,0,0,610,39784,0,0
"The Kingslayers",4252894,0.5,0.5,0,80,0,1,27,0,0,611,42293,0,0
"The Kingslayers",15724561,0.5,0.5,0,80,0,4,28,0,0,612,39786,0,0
"Warswords of the Valarjar",-2280887,0.60000002384,0.60000002384,0,193,62,2,10,0,0,654,37718,0,0
"Warswords of the Valarjar",-7854972,0.60000002384,0.60000002384,0,193,62,3,11,0,0,655,37719,0,0
"Warswords of the Valarjar",-12471975,0.60000002384,0.60000002384,0,193,62,4,12,0,0,656,37720,0,0
"Warswords of the Valarjar",-16354,0.60000002384,0.60000002384,0,194,62,1,13,0,0,657,37721,0,0
"Warswords of the Valarjar",-15484360,0.60000002384,0.60000002384,0,194,62,4,14,0,0,658,37724,0,0
"Warswords of the Valarjar",-7857532,0.60000002384,0.60000002384,0,194,62,3,15,0,0,659,37723,0,0
"Warswords of the Valarjar",-1302013,0.60000002384,0.60000002384,0,194,62,2,16,0,0,660,37722,0,0
"Warswords of the Valarjar",-13054222,0.60000002384,0.60000002384,0,195,62,1,17,0,0,661,37726,0,0
"Warswords of the Valarjar",-13969592,0.60000002384,0.60000002384,0,195,62,2,18,0,0,662,37728,0,0
"Warswords of the Valarjar",-285430,0.60000002384,0.60000002384,0,195,62,3,19,0,0,663,37729,0,0
"Warswords of the Valarjar",-5367786,0.60000002384,0.60000002384,0,195,62,4,20,0,0,664,37730,0,0
"Warswords of the Valarjar",-10961472,0.60000002384,0.60000002384,0,196,62,1,21,0,0,665,44691,0,0
"Warswords of the Valarjar",-12996050,0.60000002384,0.60000002384,0,196,62,2,22,0,0,666,52562,0,0
"Warswords of the Valarjar",-6209335,0.60000002384,0.60000002384,0,196,62,3,23,0,0,667,52646,0,0
"Warswords of the Valarjar",-7261642,0.60000002384,0.60000002384,0,196,62,4,24,0,0,668,52682,0,0
"Warswords of the Valarjar",-2238150,0.60000002384,0.60000002384,0,197,62,1,25,0,0,669,37725,0,0
"Warswords of the Valarjar",-14367683,0.60000002384,0.60000002384,0,197,62,2,26,0,0,670,37731,0,0
"Warswords of the Valarjar",-5692496,0.60000002384,0.60000002384,0,197,62,3,27,0,0,671,37732,0,0
"Warswords of the Valarjar",-7134908,0.60000002384,0.60000002384,0,197,62,4,28,0,0,672,37733,0,0
"Fists of the Storm",-44545,0.5,0.5,0,40,0,2,10,0,0,673,37718,0,0
"Fists of the Storm",-1,0.5,0.5,0,40,0,3,11,0,0,674,37719,0,0
"Fists of the Storm",-128,0.5,0.5,0,40,0,4,12,0,0,675,37720,0,0
"Fists of the Storm",-16515073,0.5,0.5,0,166,0,1,13,0,0,676,37721,0,0
"Fists of the Storm",-14155830,0.5,0.5,0,166,0,2,14,0,0,677,37722,0,0
"Fists of the Storm",-6126520,0.5,0.5,0,166,0,3,15,0,0,678,37723,0,0
"Fists of the Storm",-217,0.5,0.5,0,166,0,4,16,0,0,679,37724,0,0
"Fists of the Storm",-16089158,0.5,0.5,0,167,0,3,17,0,0,680,37732,0,0
"Fists of the Storm",-11288576,0.5,0.5,0,167,0,2,18,0,0,681,37731,0,0
"Fists of the Storm",-628222,0.5,0.5,0,167,0,1,19,0,0,682,37725,0,0
"Fists of the Storm",-8687122,0.5,0.5,0,167,0,4,20,0,0,683,37733,0,0
"Fists of the Storm",-10892545,0.5,0.5,0,168,0,1,21,0,0,684,44689,0,0
"Fists of the Storm",-14876673,0.5,0.5,0,168,0,2,22,0,0,685,52546,0,0
"Fists of the Storm",-40356,0.5,0.5,0,168,0,3,23,0,0,686,52639,0,0
"Fists of the Storm",-160,0.5,0.5,0,168,0,4,24,0,0,687,52675,0,0
"Fists of the Storm",-13648403,0.5,0.5,0,169,0,3,25,0,0,688,37729,0,0
"Fists of the Storm",-8323250,0.5,0.5,0,169,0,2,26,0,0,689,37728,0,0
"Fists of the Storm",-8628494,0.5,0.5,0,169,0,1,27,0,0,690,37726,0,0
"Fists of the Storm",-573127,0.5,0.5,0,169,0,4,28,0,0,691,37730,0,0
Dreadblades,-5371382,0.5,0.5,0,161,62,1,9,1,0,692,0,0,0
Dreadblades,-11782950,0.5,0.5,0,161,62,2,10,0,0,693,37718,0,0
Dreadblades,-8186187,0.5,0.5,0,161,62,3,11,0,0,694,37719,0,0
Dreadblades,-4289730,0.5,0.5,0,161,62,4,12,0,0,695,37720,0,0
Dreadblades,-1465295,0.5,0.5,0,162,62,3,13,0,0,696,37723,0,0
Dreadblades,-9815124,0.5,0.5,0,162,62,2,14,0,0,697,37722,0,0
Dreadblades,-14279134,0.5,0.5,0,162,62,1,15,0,0,698,37721,0,0
Dreadblades,-7237265,0.5,0.5,0,162,62,4,16,0,0,699,37724,0,0
Dreadblades,-12889880,0.5,0.5,0,164,62,3,17,0,0,700,52593,0,0
Dreadblades,-7579710,0.5,0.5,0,164,62,2,18,0,0,701,52462,0,0
Dreadblades,-949116,0.5,0.5,0,164,62,1,19,0,0,702,44693,0,0
Dreadblades,-1247714,0.5,0.5,0,164,62,4,20,0,0,703,52673,0,0
Truthguard,-2722739,0.5,0.5,0,147,71,2,10,0,0,704,37718,0,0
Truthguard,-7721028,0.5,0.5,0,147,71,3,11,0,0,705,37719,0,0
Truthguard,-160,0.5,0.5,0,147,71,4,12,0,0,706,37720,0,0
Truthguard,-7078146,0.5,0.5,0,148,71,1,13,0,0,707,37721,0,0
Truthguard,-1684683,0.5,0.5,0,148,71,2,14,0,0,708,37722,0,0
Truthguard,-1776583,0.5,0.5,0,148,71,3,15,0,0,709,37723,0,0
Truthguard,-197404,0.5,0.5,0,148,71,4,16,0,0,710,37724,0,0
Truthguard,-14079515,0.5,0.5,0,149,71,2,17,0,0,711,37728,0,0
Truthguard,-13307997,0.5,0.5,0,149,71,1,18,0,0,712,37726,0,0
Truthguard,-3200705,0.5,0.5,0,149,71,3,19,0,0,713,37729,0,0
Truthguard,-1249462,0.5,0.5,0,149,71,4,20,0,0,714,37730,0,0
Truthguard,-12944144,0.5,0.5,0,150,71,4,21,0,0,715,52667,0,0
Truthguard,-6473020,0.5,0.5,0,150,71,2,22,0,0,716,52556,0,0
Truthguard,-2014423,0.5,0.5,0,150,71,3,23,0,0,717,52634,0,0
Truthguard,-927427,0.5,0.5,0,150,71,1,24,0,0,718,44695,0,0
Truthguard,-9641147,0.5,0.5,0,151,71,2,25,0,0,719,39784,0,0
Truthguard,-6146097,0.5,0.5,0,151,71,1,26,0,0,720,42288,0,0
Truthguard,-3729643,0.5,0.5,0,151,71,3,27,0,0,721,39785,0,0
Truthguard,-8892,0.5,0.5,0,151,71,4,28,0,0,722,39786,0,0
Ashbringer,-16753230,0.5,0.5,0,5,63,2,26,0,0,723,37731,0,0
Ashbringer,-7941557,0.5,0.5,0,5,63,3,27,0,0,724,37732,0,0
Ashbringer,-203,0.5,0.5,0,5,63,4,28,0,0,725,37733,0,0
"Light's Wrath",-4835073,0.5,0.5,0,152,0,2,10,0,0,726,37718,0,0
"Light's Wrath",-59102,0.5,0.5,0,152,0,3,11,0,0,727,37719,0,0
"Light's Wrath",-1647284,0.5,0.5,0,152,0,4,12,0,0,728,37720,0,0
"Light's Wrath",-5513756,0.5,0.5,0,153,0,4,13,0,0,729,37724,0,0
"Light's Wrath",-13640357,0.5,0.5,0,153,0,2,14,0,0,730,37722,0,0
"Light's Wrath",-2723555,0.5,0.5,0,153,0,3,15,0,0,731,37723,0,0
"Light's Wrath",-1643226,0.5,0.5,0,153,0,1,16,0,0,732,37721,0,0
"Light's Wrath",-11759397,0.5,0.5,0,156,0,3,25,0,0,733,37732,0,0
"Light's Wrath",-14584816,0.5,0.5,0,156,0,2,26,0,0,734,37731,0,0
"Light's Wrath",-7259484,0.5,0.5,0,156,0,1,27,0,0,735,37725,0,0
"Light's Wrath",-2054101,0.5,0.5,0,156,0,4,28,0,0,736,37733,0,0
"Light's Wrath",-14523614,0.5,0.5,0,154,0,2,21,0,0,737,39784,0,0
"Light's Wrath",-6195025,0.5,0.5,0,154,0,1,22,0,0,738,42290,0,0
"Light's Wrath",-9167598,0.5,0.5,0,154,0,3,23,0,0,739,39785,0,0
"Light's Wrath",-2916814,0.5,0.5,0,154,0,4,24,0,0,740,39786,0,0
"Light's Wrath",-7620370,0.5,0.5,0,155,0,3,17,0,0,741,37729,0,0
"Light's Wrath",-13078481,0.5,0.5,0,155,0,2,18,0,0,742,37728,0,0
"Light's Wrath",-5752895,0.5,0.5,0,155,0,1,19,0,0,743,37726,0,0
"Light's Wrath",-6315899,0.5,0.5,0,155,0,4,20,0,0,744,37730,0,0
"T'uure, Beacon of the Naaru",-10581453,0.5,0.5,0,45,0,2,10,0,0,745,37718,0,0
"T'uure, Beacon of the Naaru",-8181081,0.5,0.5,0,45,0,3,11,0,0,746,37719,0,0
"T'uure, Beacon of the Naaru",-2150877,0.5,0.5,0,45,0,4,12,0,0,747,37720,0,0
"T'uure, Beacon of the Naaru",-14642254,0.5,0.5,0,157,0,1,13,0,0,748,37721,0,0
"T'uure, Beacon of the Naaru",-6795078,0.5,0.5,0,157,0,2,14,0,0,749,37722,0,0
"T'uure, Beacon of the Naaru",-8513998,0.5,0.5,0,157,0,3,15,0,0,750,37723,0,0
"T'uure, Beacon of the Naaru",-2031828,0.5,0.5,0,157,0,4,16,0,0,751,37724,0,0
"T'uure, Beacon of the Naaru",-6762780,0.5,0.5,0,158,0,2,17,0,0,752,37731,0,0
"T'uure, Beacon of the Naaru",-1059740,0.5,0.5,0,158,0,1,18,0,0,753,37725,0,0
"T'uure, Beacon of the Naaru",-8957506,0.5,0.5,0,158,0,3,19,0,0,754,37732,0,0
"T'uure, Beacon of the Naaru",-41117,0.5,0.5,0,158,0,4,20,0,0,755,37733,0,0
"T'uure, Beacon of the Naaru",-8225281,0.5,0.5,0,159,0,3,21,0,0,756,52637,0,0
"T'uure, Beacon of the Naaru",-9959933,0.5,0.5,0,159,0,2,22,0,0,757,52508,0,0
"T'uure, Beacon of the Naaru",-16735511,0.5,0.5,0,159,0,1,23,0,0,758,44694,0,0
"T'uure, Beacon of the Naaru",-9392,0.5,0.5,0,159,0,4,24,0,0,759,52670,0,0
"T'uure, Beacon of the Naaru",-4256744,0.5,0.5,0,160,0,4,25,0,0,760,37730,0,0
"T'uure, Beacon of the Naaru",-2324181,0.5,0.5,0,160,0,2,26,0,0,761,37728,0,0
"T'uure, Beacon of the Naaru",-14919093,0.5,0.5,0,160,0,3,27,0,0,762,37729,0,0
"T'uure, Beacon of the Naaru",-7063326,0.5,0.5,0,160,0,1,28,0,0,763,37726,0,0
Dreadblades,-11766293,0.5,0.5,0,163,62,2,21,0,0,764,37731,0,0
Dreadblades,-1794761,0.5,0.5,0,163,62,1,22,0,0,765,37725,0,0
Dreadblades,-11670549,0.5,0.5,0,163,62,3,23,0,0,766,37732,0,0
Dreadblades,-722965,0.5,0.5,0,163,62,4,24,0,0,767,37733,0,0
Dreadblades,-12557083,0.5,0.5,0,165,62,2,25,0,0,768,37728,0,0
Dreadblades,-6365130,0.5,0.5,0,165,62,1,26,0,0,769,37726,0,0
Dreadblades,-647927,0.5,0.5,0,165,62,3,27,0,0,770,37729,0,0
Dreadblades,-13964577,0.5,0.5,0,165,62,4,28,0,0,771,37730,0,0
"Sharas'dal, Scepter of Tides",-8395722,0.5,0.5,0,43,0,2,10,0,0,772,37718,0,0
"Sharas'dal, Scepter of Tides",-2448068,0.5,0.5,0,43,0,3,11,0,0,773,37719,0,0
"Sharas'dal, Scepter of Tides",-11788838,0.5,0.5,0,43,0,4,12,0,0,774,37720,0,0
"Sharas'dal, Scepter of Tides",-12862549,0.5,0.5,0,174,0,1,13,0,0,775,37721,0,0
"Sharas'dal, Scepter of Tides",-10438095,0.5,0.5,0,174,0,2,14,0,0,776,37722,0,0
"Sharas'dal, Scepter of Tides",-11197228,0.5,0.5,0,174,0,3,15,0,0,777,37723,0,0
"Sharas'dal, Scepter of Tides",-2111655,0.5,0.5,0,174,0,4,16,0,0,778,37724,0,0
"Sharas'dal, Scepter of Tides",-9572366,0.5,0.5,0,175,0,3,17,0,0,779,37732,0,0
"Sharas'dal, Scepter of Tides",-12259786,0.5,0.5,0,175,0,2,18,0,0,780,37731,0,0
"Sharas'dal, Scepter of Tides",-1052887,0.5,0.5,0,175,0,1,19,0,0,781,37725,0,0
"Sharas'dal, Scepter of Tides",-3072213,0.5,0.5,0,175,0,4,20,0,0,782,37733,0,0
"Sharas'dal, Scepter of Tides",-8920007,0.5,0.5,0,176,0,3,21,0,0,783,37729,0,0
"Sharas'dal, Scepter of Tides",-1141728,0.5,0.5,0,176,0,2,22,0,0,784,37728,0,0
"Sharas'dal, Scepter of Tides",-12287533,0.5,0.5,0,176,0,1,23,0,0,785,37726,0,0
"Sharas'dal, Scepter of Tides",-2634730,0.5,0.5,0,176,0,4,24,0,0,786,37730,0,0
"Sharas'dal, Scepter of Tides",-13583893,0.5,0.5,0,177,0,1,25,0,0,787,44698,0,0
"Sharas'dal, Scepter of Tides",-9633860,0.5,0.5,0,177,0,2,26,0,0,788,52550,0,0
"Sharas'dal, Scepter of Tides",-1684917,0.5,0.5,0,177,0,3,27,0,0,789,52641,0,0
"Sharas'dal, Scepter of Tides",-1727978,0.5,0.5,0,177,0,4,28,0,0,790,52677,0,0
"Strom'kar, the Warbreaker",-7150773,0.5,0.5,0,188,0,2,10,0,0,791,37718,0,0
"Strom'kar, the Warbreaker",-9162650,0.5,0.5,0,188,0,3,11,0,0,792,37719,0,0
"Strom'kar, the Warbreaker",-4967641,0.5,0.5,0,188,0,4,12,0,0,793,37720,0,0
"Strom'kar, the Warbreaker",-14434121,0.5,0.5,0,189,0,1,13,0,0,794,37721,0,0
"Strom'kar, the Warbreaker",-15532254,0.5,0.5,0,189,0,2,14,0,0,795,37722,0,0
"Strom'kar, the Warbreaker",-8838011,0.5,0.5,0,189,0,3,15,0,0,796,37723,0,0
"Strom'kar, the Warbreaker",-4910587,0.5,0.5,0,189,0,4,16,0,0,797,37724,0,0
"Strom'kar, the Warbreaker",-16399122,0.5,0.5,0,190,0,2,17,0,0,798,37728,0,0
"Strom'kar, the Warbreaker",-11887068,0.5,0.5,0,190,0,1,18,0,0,799,37726,0,0
"Strom'kar, the Warbreaker",-3191821,0.5,0.5,0,190,0,3,19,0,0,800,37729,0,0
"Strom'kar, the Warbreaker",-1067224,0.5,0.5,0,190,0,4,20,0,0,801,37730,0,0
"Strom'kar, the Warbreaker",-7871957,0.5,0.5,0,191,0,4,21,0,0,802,37733,0,0
"Strom'kar, the Warbreaker",-933326,0.5,0.5,0,191,0,2,22,0,0,803,37731,0,0
"Strom'kar, the Warbreaker",-3137509,0.5,0.5,0,191,0,3,23,0,0,804,37732,0,0
"Strom'kar, the Warbreaker",-3510016,0.5,0.5,0,191,0,1,24,0,0,805,37725,0,0
"Strom'kar, the Warbreaker",-11604033,0.5,0.5,0,192,0,1,25,0,0,806,44690,0,0
"Strom'kar, the Warbreaker",-9573303,0.5,0.5,0,192,0,2,26,0,0,807,52561,0,0
"Strom'kar, the Warbreaker",-8703020,0.5,0.5,0,192,0,3,27,0,0,808,52645,0,0
"Strom'kar, the Warbreaker",-1327329,0.5,0.5,0,192,0,4,28,0,0,809,52681,0,0
"Skull of Man'ari",-13834423,0.5,0.5,0,183,0,2,9,4,0,810,37718,0,0
"Skull of Man'ari",-12506481,0.5,0.5,0,183,0,1,10,5,0,811,0,0,0
"Skull of Man'ari",-837594,0.5,0.5,0,183,0,3,11,4,0,812,37719,0,0
"Skull of Man'ari",-3801296,0.5,0.5,0,183,0,4,12,4,0,813,37720,0,0
"Skull of Man'ari",-10762693,0.5,0.5,0,184,0,2,13,4,0,814,37722,0,0
"Skull of Man'ari",-3334417,0.5,0.5,0,184,0,1,14,4,0,815,37721,0,0
"Skull of Man'ari",-53451,0.5,0.5,0,184,0,3,15,4,0,816,37723,0,0
"Skull of Man'ari",-1183588,0.5,0.5,0,184,0,4,16,4,0,817,37724,0,0
"Skull of Man'ari",-5181882,0.5,0.5,0,185,0,1,17,4,0,818,37725,0,0
"Skull of Man'ari",-1821185,0.5,0.5,0,185,0,2,18,4,0,819,37731,0,0
"Skull of Man'ari",-31947,0.5,0.5,0,185,0,3,19,4,0,820,37732,0,0
"Skull of Man'ari",-399040,0.5,0.5,0,185,0,4,20,4,0,821,37733,0,0
"Skull of Man'ari",-8589065,0.5,0.5,0,186,0,3,21,4,0,822,37729,0,0
"Skull of Man'ari",-6951661,0.5,0.5,0,186,0,2,22,4,0,823,37728,0,0
"Skull of Man'ari",-1087187,0.5,0.5,0,186,0,1,23,4,0,824,37726,0,0
"Skull of Man'ari",-4975894,0.5,0.5,0,186,0,4,24,4,0,825,37730,0,0
"Skull of Man'ari",-13589341,0.5,0.5,0,187,0,3,25,4,0,826,52643,0,0
"Skull of Man'ari",-8639745,0.5,0.5,0,187,0,2,26,4,0,827,52559,0,0
"Skull of Man'ari",-3211264,0.5,0.5,0,187,0,1,27,4,0,828,44177,0,0
"Skull of Man'ari",-262370,0.5,0.5,0,187,0,4,28,4,0,829,52679,0,0
"Fangs of Ashamane",9460011,0.5,0.5,69834,203,0,1,10,0,1,830,42273,0,0
"Fangs of Ashamane",0,0.5,0.5,69835,203,0,2,12,0,1,831,39784,0,0
"Fangs of Ashamane",14804457,0.5,0.5,69833,203,0,3,9,0,1,832,39785,0,0
"Fangs of Ashamane",5590868,0.5,0.5,69832,203,0,4,11,0,1,833,39786,0,0
"Orange Crystal",0,0.5,1,0,1,0,0,9,0,0,836,0,0,0
"Underlight Angler",16714752,0.5,0.5,0,211,0,1,9,1,0,841,0,0,0
"Aluneth, Greatstaff of the Magna",9523675,0.5,0.5,0,212,0,1,29,0,0,846,42281,0,0
"Aluneth, Greatstaff of the Magna",15217459,0.5,0.5,0,212,0,2,30,0,0,847,39784,0,0
"Aluneth, Greatstaff of the Magna",4624867,0.5,0.5,0,212,0,3,31,0,0,848,39785,0,0
"Aluneth, Greatstaff of the Magna",14935620,0.5,0.5,0,212,0,4,32,0,0,849,39786,0,0
Truthguard,-13023499,0.5,0.5,0,229,71,4,29,0,0,853,37733,0,0
Truthguard,-14840534,0.5,0.5,0,229,71,2,30,0,0,854,37731,0,0
Truthguard,-2608076,0.5,0.5,0,229,71,3,31,0,0,855,37732,0,0
Truthguard,-2102506,0.5,0.5,0,229,71,1,32,0,0,856,37725,0,0
"Aldrachi Warblades",-3030212,0.5,0.5,0,217,76,1,29,0,0,857,44678,0,0
"Aldrachi Warblades",-7612101,0.5,0.5,0,217,76,2,30,0,0,858,52487,0,0
"Aldrachi Warblades",-5982477,0.5,0.5,0,217,76,3,31,0,0,859,52619,0,0
"Aldrachi Warblades",-6252392,0.5,0.5,0,217,76,4,32,0,0,860,52652,0,0
"Scale of the Earthwarder",15568151,0.5,0.5,0,245,71,1,29,0,0,861,44701,0,0
"Scale of the Earthwarder",3507690,0.5,0.5,0,245,71,2,30,0,0,862,52563,0,0
"Scale of the Earthwarder",4778037,0.5,0.5,0,245,71,3,31,0,0,863,52647,0,0
"Scale of the Earthwarder",14884382,0.5,0.5,0,245,71,4,32,0,0,864,52683,0,0
Ashbringer,-14423239,0.5,0.5,0,230,63,1,29,0,0,865,42289,0,0
Ashbringer,-7197721,0.5,0.5,0,230,63,2,30,0,0,866,39784,0,0
Ashbringer,-1367775,0.5,0.5,0,230,63,3,31,0,0,867,39785,0,0
Ashbringer,-1577950,0.5,0.5,0,230,63,4,32,0,0,868,39786,0,0
"Blades of the Fallen Prince",5632492,0.69999998808,0.34999999404,0,214,62,2,29,0,0,869,39784,0,0
"Blades of the Fallen Prince",11005024,0.69999998808,0.34999999404,0,214,62,1,30,0,0,870,42266,0,0
"Blades of the Fallen Prince",10506186,0.69999998808,0.34999999404,0,214,62,3,31,0,0,871,39785,0,0
"Blades of the Fallen Prince",14303810,0.69999998808,0.34999999404,0,214,62,4,32,0,0,872,39786,0,0
"G'Hanir, the Mother Tree",-9077053,0.5,0.5,0,220,70,3,29,0,0,873,52623,0,0
"G'Hanir, the Mother Tree",3687024,0.5,0.5,0,220,70,2,30,0,0,874,52482,0,0
"G'Hanir, the Mother Tree",-6920642,0.5,0.5,0,220,70,1,31,0,0,875,44683,0,0
"G'Hanir, the Mother Tree",-1583684,0.5,0.5,0,220,70,4,32,0,0,876,52656,0,0
Doomhammer,4488680,0.5,0.40000000596,0,238,0,4,29,0,0,877,39786,0,0
Doomhammer,15433770,0.5,0.40000000596,0,238,0,2,30,0,0,878,39784,0,0
Doomhammer,8533229,0.5,0.40000000596,0,238,0,3,31,0,0,879,39785,0,0
Doomhammer,3271909,0.5,0.40000000596,0,238,0,1,32,0,0,880,42297,0,0
Dreadblades,-12876564,0.5,0.5,0,235,62,1,29,0,0,881,42294,0,0
Dreadblades,-12197728,0.5,0.5,0,235,62,2,30,0,0,882,39784,0,0
Dreadblades,-1726161,0.5,0.5,0,235,62,3,31,0,0,883,39785,0,0
Dreadblades,-7522082,0.5,0.5,0,235,62,4,32,0,0,884,39786,0,0
"Ebonchill, Greatstaff of Alodi",6478062,0.5,0.5,0,224,0,1,29,0,0,885,44166,0,0
"Ebonchill, Greatstaff of Alodi",3066535,0.5,0.5,0,224,0,2,30,0,0,886,52497,0,0
"Ebonchill, Greatstaff of Alodi",2446066,0.5,0.5,0,224,0,3,31,0,0,887,52629,0,0
"Ebonchill, Greatstaff of Alodi",16052207,0.5,0.5,0,224,0,4,32,0,0,888,52662,0,0
"Fangs of the Devourer",3399656,0.5,0.5,0,236,0,3,29,0,0,889,39785,0,0
"Fangs of the Devourer",7068985,0.5,0.5,0,236,0,2,30,0,0,890,39784,0,0
"Fangs of the Devourer",15237920,0.5,0.5,0,236,0,1,31,0,0,891,42295,0,0
"Fangs of the Devourer",15470865,0.5,0.5,0,236,0,4,32,0,0,892,39786,0,0
Felo'melorn,7327470,0.5,0.5,0,223,0,1,29,0,0,893,42282,0,0
Felo'melorn,7874729,0.5,0.5,0,223,0,2,30,0,0,894,39784,0,0
Felo'melorn,15090499,0.5,0.5,0,223,0,3,31,0,0,895,39785,0,0
Felo'melorn,15724491,0.5,0.5,0,223,0,4,32,0,0,896,39786,0,0
"Fists of the Storm",-13155356,0.5,0.5,0,237,0,4,29,0,0,897,39786,0,0
"Fists of the Storm",-6687949,0.5,0.5,0,237,0,2,30,0,0,898,39784,0,0
"Fists of the Storm",-616140,0.5,0.5,0,237,0,3,31,0,0,899,39785,0,0
"Fists of the Storm",-14095125,0.5,0.5,0,237,0,1,32,0,0,900,42296,0,0
"The Kingslayers",11070454,0.5,0.5,0,234,0,1,29,0,0,901,44688,0,0
"The Kingslayers",9890629,0.5,0.5,0,234,0,2,30,0,0,902,52478,0,0
"The Kingslayers",10375915,0.5,0.5,0,234,0,3,31,0,0,903,52591,0,0
"The Kingslayers",15080733,0.5,0.5,0,234,0,4,32,0,0,904,52672,0,0
"Strom'kar, the Warbreaker",-8446177,0.5,0.5,0,243,0,4,29,0,0,905,39786,0,0
"Strom'kar, the Warbreaker",-801193,0.5,0.5,0,243,0,2,30,0,0,906,39784,0,0
"Strom'kar, the Warbreaker",-8393915,0.5,0.5,0,243,0,3,31,0,0,907,39785,0,0
"Strom'kar, the Warbreaker",-912107,0.5,0.5,0,243,0,1,32,0,0,908,42302,0,0
"T'uure, Beacon of the Naaru",-9214362,0.5,0.5,0,232,0,2,29,0,0,909,39784,0,0
"T'uure, Beacon of the Naaru",-1268449,0.5,0.5,0,232,0,1,30,0,0,910,42291,0,0
"T'uure, Beacon of the Naaru",-6363950,0.5,0.5,0,232,0,3,31,0,0,911,39785,0,0
"T'uure, Beacon of the Naaru",-9654287,0.5,0.5,0,232,0,4,32,0,0,912,39786,0,0
"Scepter of Sargeras",6417702,0.5,0.5,0,242,0,3,29,0,0,913,52644,0,0
"Scepter of Sargeras",8338136,0.5,0.5,0,242,0,2,30,0,0,914,52560,0,0
"Scepter of Sargeras",15730953,0.5,0.5,0,242,0,1,31,0,0,915,44178,0,0
"Scepter of Sargeras",14935330,0.5,0.5,0,242,0,4,32,0,0,916,52680,0,0
Titanstrike,3647438,0.5,0.5,0,221,0,2,29,0,0,917,39784,0,0
Titanstrike,15906095,0.5,0.5,0,221,0,1,30,0,0,918,42277,0,0
Titanstrike,13772326,0.5,0.5,0,221,0,3,31,0,0,919,39785,0,0
Titanstrike,7293000,0.5,0.5,0,221,0,4,32,0,0,920,39786,0,0
"Maw of the Damned",-12721948,0.60000002384,0.30000001192,0,213,0,1,29,0,0,921,42265,0,0
"Maw of the Damned",-8591536,0.60000002384,0.30000001192,0,213,0,2,30,0,0,922,39784,0,0
"Maw of the Damned",-9487678,0.60000002384,0.30000001192,0,213,0,3,31,0,0,923,39785,0,0
"Maw of the Damned",-2274742,0.60000002384,0.30000001192,0,213,0,4,32,0,0,924,39786,0,0
"Sharas'dal, Scepter of Tides",-13091353,0.5,0.5,0,239,0,2,29,0,0,925,39784,0,0
"Sharas'dal, Scepter of Tides",-11741379,0.5,0.5,0,239,0,1,30,0,0,926,42298,0,0
"Sharas'dal, Scepter of Tides",-6999868,0.5,0.5,0,239,0,3,31,0,0,927,39785,0,0
"Sharas'dal, Scepter of Tides",-3002834,0.5,0.5,0,239,0,4,32,0,0,928,39786,0,0
"Scythe of Elune",-2549276,0.5,0.5,0,218,61,1,29,0,0,929,44680,0,0
"Scythe of Elune",-970190,0.5,0.5,0,218,61,2,30,0,0,930,52479,0,0
"Scythe of Elune",-6225921,0.5,0.5,0,218,61,3,31,0,0,931,52620,0,0
"Scythe of Elune",-1456592,0.5,0.5,0,218,61,4,32,0,0,932,52653,0,0
"Sheilun, Staff of the Mists",3729879,0.5,0.5,0,226,0,1,29,0,0,933,44696,0,0
"Sheilun, Staff of the Mists",2552102,0.5,0.5,0,226,0,2,30,0,0,934,52552,0,0
"Sheilun, Staff of the Mists",15511324,0.5,0.5,0,226,0,3,31,0,0,935,52631,0,0
"Sheilun, Staff of the Mists",16447479,0.5,0.5,0,226,0,4,32,0,0,936,52664,0,0
"Skull of Man'ari",-10433586,0.5,0.5,0,241,0,1,29,4,0,937,42300,0,0
"Skull of Man'ari",-5196074,0.5,0.5,0,241,0,2,30,4,0,938,39784,0,0
"Skull of Man'ari",-10385949,0.5,0.5,0,241,0,3,31,4,0,939,39785,0,0
"Skull of Man'ari",-1934476,0.5,0.5,0,241,0,4,32,4,0,940,39786,0,0
"Fists of the Heavns",2552749,0.5,0.60000002384,0,227,0,1,29,0,0,941,44702,0,0
"Fists of the Heavns",16711680,0.5,0.60000002384,0,227,0,2,30,0,0,942,52553,0,0
"Fists of the Heavns",12648447,0.5,0.60000002384,0,227,0,3,31,0,0,943,52632,0,0
"Fists of the Heavns",16765184,0.5,0.60000002384,0,227,0,4,32,0,0,944,52665,0,0
Apocalypse,4233163,0.5,0.34999999404,0,215,62,3,29,0,0,945,52617,0,0
Apocalypse,9955666,0.5,0.34999999404,0,215,62,2,30,0,0,946,52494,0,0
Apocalypse,15346986,0.5,0.34999999404,0,215,62,1,31,0,0,947,44542,0,0
Apocalypse,15592754,0.5,0.34999999404,0,215,62,4,32,0,0,948,52650,0,0
"Xal'atath, Blade of the Black Empire",11855925,0.5,0.5,0,233,0,2,29,0,0,949,39784,0,0
"Xal'atath, Blade of the Black Empire",16160515,0.5,0.5,0,233,0,1,30,0,0,950,42292,0,0
"Xal'atath, Blade of the Black Empire",7736308,0.5,0.5,0,233,0,3,31,0,0,951,39785,0,0
"Xal'atath, Blade of the Black Empire",16711680,0.5,0.5,0,233,0,4,32,0,0,952,39786,0,0
"Light's Wrath",-25,0.5,0.5,0,231,0,4,29,0,0,953,52669,0,0
"Light's Wrath",-9439249,0.5,0.5,0,231,0,2,30,0,0,954,52507,0,0
"Light's Wrath",-2594874,0.5,0.5,0,231,0,3,31,0,0,955,52636,0,0
"Light's Wrath",-207,0.5,0.5,0,231,0,1,32,0,0,956,44687,0,0
"Fu Zan, the Wanderer's Companion",4544235,0.5,0.5,0,225,0,3,29,0,0,957,39785,0,0
"Fu Zan, the Wanderer's Companion",5102690,0.5,0.5,0,225,0,2,30,0,0,958,39784,0,0
"Fu Zan, the Wanderer's Companion",-1678775,0.5,0.5,0,225,0,1,31,0,0,959,42284,0,0
"Fu Zan, the Wanderer's Companion",6174372,0.5,0.5,0,225,0,4,32,0,0,960,39786,0,0
"Warswords of the Valarjar",-13455920,0.60000002384,0.60000002384,0,244,62,3,29,0,0,961,39785,0,0
"Warswords of the Valarjar",-947406,0.60000002384,0.60000002384,0,244,62,2,30,0,0,962,39784,0,0
"Warswords of the Valarjar",-908952,0.60000002384,0.60000002384,0,244,62,4,31,0,0,963,39786,0,0
"Warswords of the Valarjar",-593911,0.60000002384,0.60000002384,0,244,62,1,32,0,0,964,42303,0,0
"Thas'dorah, Legacy of the Windrunners",3260727,0.5,0.5,0,200,0,1,29,0,0,965,44697,0,0
"Thas'dorah, Legacy of the Windrunners",14830773,0.5,0.5,0,200,0,2,30,0,0,966,52490,0,0
"Thas'dorah, Legacy of the Windrunners",5148636,0.5,0.5,0,200,0,3,31,0,0,967,52625,0,0
"Thas'dorah, Legacy of the Windrunners",14377273,0.5,0.5,0,200,0,4,32,0,0,968,52658,0,0
"Ulthalesh, The Deadwind Harvester",1828374,0.5,0.5,0,240,0,4,29,0,0,969,52678,0,0
"Ulthalesh, The Deadwind Harvester",15839020,0.5,0.5,0,240,0,2,30,0,0,970,52558,0,0
"Ulthalesh, The Deadwind Harvester",8401638,0.5,0.5,0,240,0,3,31,0,0,971,52642,0,0
"Ulthalesh, The Deadwind Harvester",12457494,0.5,0.5,0,240,0,1,32,0,0,972,44176,0,0
"The Eagle Spear",2412074,0.5,0.5,0,222,0,1,29,0,0,973,44704,0,0
"The Eagle Spear",13849839,0.5,0.5,0,222,0,2,30,0,0,974,52491,0,0
"The Eagle Spear",6563771,0.5,0.5,0,222,0,3,31,0,0,975,52626,0,0
"The Eagle Spear",15507519,0.5,0.5,0,222,0,4,32,0,0,976,52659,0,0
"The Silver Hand",15582755,0.5,0.5,0,228,0,1,29,0,0,977,42287,0,0
"The Silver Hand",15857826,0.5,0.5,0,228,0,2,30,0,0,978,39784,0,0
"The Silver Hand",8724213,0.5,0.5,0,228,0,3,31,0,0,979,39785,0,0
"The Silver Hand",15990784,0.5,0.5,0,228,0,4,32,0,0,980,39786,0,0
"Twinblades of the Deceiver",3595433,0.5,0.5,0,216,73,2,29,0,0,981,39784,0,0
"Twinblades of the Deceiver",12313145,0.5,0.5,0,216,73,1,30,0,0,982,42268,0,0
"Twinblades of the Deceiver",10438369,0.5,0.5,0,216,73,3,31,0,0,983,39785,0,0
"Twinblades of the Deceiver",15485771,0.5,0.5,0,216,73,4,32,0,0,984,39786,0,0
"Underlight Angler",2088470,0.5,0.5,0,211,0,2,10,0,0,988,51791,0,0
"Underlight Angler",3361410,0.5,0.5,0,211,0,3,11,0,0,989,51791,0,0
"Claws of Ursoc",16645629,0.5,0.5,74269,219,0,1,9,0,5,990,44682,0,0
"Claws of Ursoc",11701531,0.5,0.5,74270,219,0,2,9,0,5,991,52481,0,0
"Claws of Ursoc",4602940,0.5,0.5,74271,219,0,3,9,0,5,992,52622,0,0
"Claws of Ursoc",8874265,0.5,0.5,74272,219,0,4,9,0,5,993,52655,0,0
