ID,Date_0,Date_1,Date_2,Date_3,Date_4,Date_5,Date_6,Date_7,Date_8,Date_9,Date_10,Date_11,Date_12,Date_13,Date_14,Date_15,Duration_0,Duration_1,Duration_2,Duration_3,Duration_4,Duration_5,Duration_6,Duration_7,Duration_8,Duration_9,Region,Looping,CalendarFlags_0,CalendarFlags_1,CalendarFlags_2,CalendarFlags_3,CalendarFlags_4,CalendarFlags_5,CalendarFlags_6,CalendarFlags_7,CalendarFlags_8,CalendarFlags_9,Priority,CalendarFilterType,Flags,HolidayNameID,HolidayDescriptionID,TextureFileDataID_0,TextureFileDataID_1,TextureFileDataID_2
62,526449280,0,0,0,0,0,0,0,0,0,0,0,0,0,0,0,18,0,0,0,0,0,0,0,0,0,0,0,3,0,0,0,0,0,0,0,0,0,10,-1,1,12,11,235457,0,0
141,531888768,0,0,0,0,0,0,0,0,0,0,0,0,0,0,0,404,0,0,0,0,0,0,0,0,0,0,0,3,0,0,0,0,0,0,0,0,0,5,-1,1,14,13,235485,235484,235482
181,120715264,136689664,154564608,170981376,188086272,204601344,221264512,238369408,254900864,270989952,288635520,305166976,322271872,0,0,0,168,0,0,0,0,0,0,0,0,0,0,0,3,0,0,0,0,0,0,0,0,0,5,-1,1,15,14,235477,235476,235475
201,71333888,88094720,104298496,121059328,138475520,155236352,171997184,188758016,204945408,221723264,238484096,255244928,272661120,289421952,305625728,322386560,168,0,0,0,0,0,0,0,0,0,0,0,3,0,0,0,0,0,0,0,0,0,5,-1,1,13,12,235445,235444,235443
283,127301632,0,0,0,0,0,0,0,0,0,0,0,0,0,0,0,96,1752,0,0,0,0,0,0,0,0,0,0,3,0,0,0,0,0,0,0,0,0,0,2,1,22,22,0,0,0
284,127956992,0,0,0,0,0,0,0,0,0,0,0,0,0,0,0,96,1752,0,0,0,0,0,0,0,0,0,0,3,0,0,0,0,0,0,0,0,0,0,2,1,25,25,0,0,0
285,127072256,0,0,0,0,0,0,0,0,0,0,0,0,0,0,0,96,1752,0,0,0,0,0,0,0,0,0,0,3,0,0,0,0,0,0,0,0,0,0,2,1,23,23,0,0,0
301,536855424,0,0,0,0,0,0,0,0,0,0,0,0,0,0,0,2,0,0,0,0,0,0,0,0,0,0,0,3,0,0,0,0,0,0,0,0,0,0,0,3,6,4,235458,0,0
321,92456960,110118912,126208000,142723072,159823872,176420864,193034240,210106368,226704000,243300992,260389504,276970112,294075008,310672000,0,0,168,0,0,0,0,0,0,0,0,0,0,0,3,0,0,0,0,0,0,0,0,0,5,-1,1,17,16,235465,235464,235463
324,529824384,0,0,0,0,0,0,0,0,0,0,0,0,0,0,0,337,0,0,0,0,0,0,0,0,0,0,0,3,0,0,0,0,0,0,0,0,0,5,-1,1,16,15,235462,235461,235460
327,101104000,118749568,135346560,151386496,169048448,184924160,201684992,218544128,235207296,252967552,269499008,285555328,303315584,319224448,0,0,336,0,0,0,0,0,0,0,0,0,0,0,3,0,0,0,0,0,0,0,0,0,5,-1,1,18,17,235471,235470,235469
335,0,0,0,0,0,0,0,0,0,0,0,0,0,0,0,0,120,0,0,0,0,0,0,0,0,0,0,0,3,0,0,0,0,0,0,0,0,0,5,-1,1,9,9,235468,235467,235466
341,525679232,0,0,0,0,0,0,0,0,0,0,0,0,0,0,0,336,0,0,0,0,0,0,0,0,0,0,0,3,0,0,0,0,0,0,0,0,0,5,-1,1,11,10,235474,235473,235472
353,127186944,0,0,0,0,0,0,0,0,0,0,0,0,0,0,0,96,1752,0,0,0,0,0,0,0,0,0,0,3,0,0,0,0,0,0,0,0,0,0,2,1,24,24,0,0,0
372,528693888,0,0,0,0,0,0,0,0,0,0,0,0,0,0,0,168,384,0,0,0,0,0,0,0,0,0,0,0,3,0,0,0,0,0,0,0,0,5,-1,1,7,8,235442,235441,235440
398,528792192,0,0,0,0,0,0,0,0,0,0,0,0,0,0,0,24,0,0,0,0,0,0,0,0,0,0,0,3,0,0,0,0,0,0,0,0,0,10,-1,1,21,21,235481,0,0
400,128071680,0,0,0,0,0,0,0,0,0,0,0,0,0,0,0,96,1752,0,0,0,0,0,0,0,0,0,0,3,0,0,0,0,0,0,0,0,0,0,2,1,41,41,0,0,0
404,161839168,178600000,195360832,212105280,228997760,245758592,262519424,279263872,296024704,312785536,329661056,0,0,0,0,0,167,0,0,0,0,0,0,0,0,0,0,0,3,0,0,0,0,0,0,0,0,0,5,-1,1,101,101,235465,235464,235463
406,144914432,0,0,0,0,0,0,0,0,0,0,0,0,0,0,0,0,0,0,0,0,0,0,0,0,0,0,0,3,0,0,0,0,0,0,0,0,0,0,-1,0,61,61,249163,0,0
409,530594432,0,0,0,0,0,0,0,0,0,0,0,0,0,0,0,48,0,0,0,0,0,0,0,0,0,1999,0,3,0,0,0,0,0,0,0,0,0,10,-1,1,81,81,307365,840589,307364
420,128186368,0,0,0,0,0,0,0,0,0,0,0,0,0,0,0,96,1752,0,0,0,0,0,0,0,0,0,0,3,0,0,0,0,0,0,0,0,0,0,2,1,121,121,0,0,0
423,168933376,185694208,202455040,219314176,236092032,252738176,269728384,286374528,303069824,319881856,0,0,0,0,0,0,336,0,0,0,0,0,0,0,0,0,0,0,3,0,0,0,0,0,0,0,0,0,5,-1,1,9,9,235468,235467,235466
424,100660096,0,0,0,0,0,0,0,0,0,0,0,0,0,0,0,1,0,0,0,0,0,0,0,0,0,0,0,3,0,0,0,0,0,0,0,0,0,0,0,1,161,161,235458,0,0
435,128286720,0,0,0,0,0,0,0,0,0,0,0,0,0,0,0,96,1752,0,0,0,0,0,0,0,0,0,0,3,0,0,0,0,0,0,0,0,0,0,2,1,162,162,0,0,0
436,128401408,0,0,0,0,0,0,0,0,0,0,0,0,0,0,0,96,1752,0,0,0,0,0,0,0,0,0,0,3,0,0,0,0,0,0,0,0,0,0,2,1,163,163,0,0,0
442,0,0,0,0,0,0,0,0,0,0,0,0,0,0,0,0,168,168,0,0,0,0,0,0,0,0,0,1,3,0,0,0,0,0,0,0,0,0,0,2,1,165,165,0,0,0
443,0,0,0,0,0,0,0,0,0,0,0,0,0,0,0,0,168,336,0,0,0,0,0,0,0,0,0,0,3,0,0,0,0,0,0,0,0,0,0,2,1,166,166,0,0,0
467,195360768,0,0,0,0,0,0,0,0,0,0,0,0,0,0,0,336,0,0,0,0,0,0,0,0,0,0,0,3,0,0,0,0,0,0,0,0,0,0,-1,1,203,188,0,0,0
479,289716224,290486272,290945024,292616192,293615616,294074368,295745536,296761344,302069760,303069184,304117760,304576512,306247680,307247104,307705856,309377024,48,168,0,0,0,0,0,0,0,0,0,0,0,3,0,0,0,0,0,0,0,0,1,1,1,1,201,235448,235447,235446
484,212105216,0,0,0,0,0,0,0,0,0,0,0,0,0,0,0,336,0,0,0,0,0,0,0,0,0,0,0,3,0,0,0,0,0,0,0,0,0,0,-1,1,220,188,0,0,0
488,129087488,0,0,0,0,0,0,0,0,0,0,0,0,0,0,0,96,1752,0,0,0,0,0,0,0,0,0,0,3,0,0,0,0,0,0,0,0,0,0,2,1,222,204,0,0,0
489,129202176,0,0,0,0,0,0,0,0,0,0,0,0,0,0,0,96,1752,0,0,0,0,0,0,0,0,0,0,3,0,0,0,0,0,0,0,0,0,0,2,1,223,205,0,0,0
490,129038336,0,0,0,0,0,0,0,0,0,0,0,0,0,0,0,72,1776,0,0,0,0,0,0,0,0,0,0,3,0,0,0,0,0,0,0,0,0,0,2,1,22,22,0,0,0
491,128251904,0,0,0,0,0,0,0,0,0,0,0,0,0,0,0,72,1776,0,0,0,0,0,0,0,0,0,0,3,0,0,0,0,0,0,0,0,0,0,2,1,23,23,0,0,0
492,128366592,0,0,0,0,0,0,0,0,0,0,0,0,0,0,0,72,1776,0,0,0,0,0,0,0,0,0,0,3,0,0,0,0,0,0,0,0,0,0,2,1,24,24,0,0,0
493,129382400,0,0,0,0,0,0,0,0,0,0,0,0,0,0,0,72,1776,0,0,0,0,0,0,0,0,0,0,3,0,0,0,0,0,0,0,0,0,0,2,1,121,121,0,0,0
494,127367168,0,0,0,0,0,0,0,0,0,0,0,0,0,0,0,72,1776,0,0,0,0,0,0,0,0,0,0,3,0,0,0,0,0,0,0,0,0,0,2,1,222,204,0,0,0
495,129267712,0,0,0,0,0,0,0,0,0,0,0,0,0,0,0,72,1776,0,0,0,0,0,0,0,0,0,0,3,0,0,0,0,0,0,0,0,0,0,2,1,41,41,0,0,0
496,128022528,0,0,0,0,0,0,0,0,0,0,0,0,0,0,0,72,1776,0,0,0,0,0,0,0,0,0,0,3,0,0,0,0,0,0,0,0,0,0,2,1,223,205,0,0,0
497,127137792,0,0,0,0,0,0,0,0,0,0,0,0,0,0,0,72,1776,0,0,0,0,0,0,0,0,0,0,3,0,0,0,0,0,0,0,0,0,0,2,1,162,162,0,0,0
498,127252480,0,0,0,0,0,0,0,0,0,0,0,0,0,0,0,72,1776,0,0,0,0,0,0,0,0,0,0,3,0,0,0,0,0,0,0,0,0,0,2,1,163,163,0,0,0
499,129153024,0,0,0,0,0,0,0,0,0,0,0,0,0,0,0,72,1776,0,0,0,0,0,0,0,0,0,0,3,0,0,0,0,0,0,0,0,0,0,2,1,25,25,0,0,0
507,536855872,536856000,0,0,0,0,0,0,0,0,0,0,0,0,0,0,1,0,0,0,0,0,0,0,0,0,0,0,3,0,0,0,0,0,0,0,0,0,0,-1,0,0,0,0,0,0
508,536855552,0,0,0,0,0,0,0,0,0,0,0,0,0,0,0,7,0,0,0,0,0,0,0,0,0,0,0,3,0,0,0,0,0,0,0,0,0,0,-1,0,0,0,0,0,0
509,228870784,0,0,0,0,0,0,0,0,0,0,0,0,0,0,0,336,0,0,0,0,0,0,0,0,0,0,0,3,0,0,0,0,0,0,0,0,0,0,-1,1,229,188,0,0,0
514,251755136,0,0,0,0,0,0,0,0,0,0,0,0,0,0,0,168,0,0,0,0,0,0,0,0,0,0,0,3,0,0,0,0,0,0,0,0,0,0,-1,1,231,188,1084434,1084433,1084432
515,129316864,0,0,0,0,0,0,0,0,0,0,0,0,0,0,0,96,1752,0,0,0,0,0,0,0,0,0,0,3,0,0,0,0,0,0,0,0,0,0,2,1,230,215,0,0,0
516,128137216,0,0,0,0,0,0,0,0,0,0,0,0,0,0,0,72,1776,0,0,0,0,0,0,0,0,0,0,3,0,0,0,0,0,0,0,0,0,0,2,1,230,215,0,0,0
517,536855680,0,0,0,0,0,0,0,0,0,0,0,0,0,0,0,7,0,0,0,0,0,0,0,0,0,0,0,3,0,0,0,0,0,0,0,0,0,0,-1,0,0,0,0,0,0
518,536855744,536855894,0,0,0,0,0,0,0,0,0,0,0,0,0,0,1,0,0,0,0,0,0,0,0,0,0,0,3,0,0,0,0,0,0,0,0,0,0,-1,0,0,0,0,0,0
519,536855808,536855936,0,0,0,0,0,0,0,0,0,0,0,0,0,0,1,0,0,0,0,0,0,0,0,0,0,0,3,0,0,0,0,0,0,0,0,0,0,-1,0,0,0,0,0,0
559,275026432,278041088,280400320,288412160,291672576,294916608,302354880,306188800,309449216,312676800,0,0,0,0,0,0,165,0,0,0,0,0,0,0,0,0,961,0,3,0,0,0,0,0,0,0,0,0,0,0,13,239,222,1129674,1129673,1129672
560,274125312,275911168,0,0,0,0,0,0,0,0,0,0,0,0,0,0,165,0,0,0,0,0,0,0,0,0,961,0,3,0,0,0,0,0,0,0,0,0,0,0,1,240,223,1129668,1129667,1129666
561,277254656,279155136,285249984,288526848,289886720,286593472,291787264,293671424,295031296,296931776,302469568,304402944,306303488,307646976,309547520,311448064,165,0,0,0,0,0,0,0,0,0,961,0,3,0,0,0,0,0,0,0,0,0,0,0,13,238,221,1129680,1129679,1129678
562,275141120,279040448,285479360,288756224,292557312,295801280,303239616,306532864,309776896,313577920,0,0,0,0,0,0,165,0,0,0,0,0,0,0,0,0,961,0,3,0,0,0,0,0,0,0,0,0,0,0,13,237,220,1129686,1129685,1129684
563,278155776,280056256,285594048,287527424,289427968,290771456,292672000,294015488,295915968,302010816,303354304,305287680,306647552,308548096,310432256,311792128,165,0,0,0,0,0,0,0,0,0,961,0,3,0,0,0,0,0,0,0,0,0,0,0,13,236,219,1129671,1129670,1129669
564,274797056,276025856,0,0,0,0,0,0,0,0,0,0,0,0,0,0,165,0,0,0,0,0,0,0,0,0,961,0,3,0,0,0,0,0,0,0,0,0,0,0,1,235,218,1129683,1129682,1129681
565,274911744,0,278925824,280285632,286364096,287756800,289657344,291557888,292901376,294801920,296145344,302240192,304173504,305517056,307417600,308777472,165,0,0,0,0,0,0,0,0,0,961,0,3,0,0,0,0,0,0,0,0,0,0,0,13,234,217,1129677,1129676,1129675
566,262392448,0,0,0,0,0,0,0,0,0,0,0,0,0,0,0,336,0,0,0,0,0,0,0,0,0,0,0,3,0,0,0,0,0,0,0,0,0,0,-1,1,233,188,1084434,1084433,1084432
587,275796480,279384512,286478784,289772032,293016064,296817088,304288256,307532288,310776320,0,0,0,0,0,0,0,165,0,0,0,0,0,0,0,0,0,961,0,3,0,0,0,0,0,0,0,0,0,0,0,13,239,224,1304688,1304687,1304686
589,279173760,0,0,0,0,0,0,0,0,0,0,0,0,0,0,0,336,0,0,0,0,0,0,0,0,0,0,0,3,0,0,0,0,0,0,0,0,0,0,-1,1,241,188,1084434,1084433,1084432
590,279173760,295959168,312736384,329513600,346290816,363053696,0,0,0,0,0,0,0,0,0,0,336,0,0,0,0,0,0,0,0,0,0,0,0,0,0,0,0,0,0,0,0,0,0,-1,3,242,188,1084434,1084433,1084432
591,278270464,280170944,285708736,287642112,289542656,290886144,292786688,294687232,296030656,302125504,303468992,305402368,307302912,308662784,310546944,311906816,165,0,0,0,0,0,0,0,0,0,961,0,3,0,0,0,0,0,0,0,0,0,0,0,13,243,225,1467047,1467046,1467045
592,277926400,279269824,285364672,286708160,288641536,290542080,291901952,293786112,295145984,297046464,303124928,304517632,306418176,308318720,309662208,311562752,165,0,0,0,0,0,0,0,0,0,961,0,3,0,0,0,0,0,0,0,0,0,0,0,13,244,226,1467050,1467049,1467048
593,274143808,275929664,0,0,0,0,0,0,0,0,0,0,0,0,0,0,165,0,0,0,0,0,0,0,0,0,4,0,3,0,0,0,0,0,0,0,0,0,0,0,1,240,223,1129668,1129667,1129666
594,274162112,275947968,0,0,0,0,0,0,0,0,0,0,0,0,0,0,165,0,0,0,0,0,0,0,0,0,24,0,3,0,0,0,0,0,0,0,0,0,0,0,1,240,223,1129668,1129667,1129666
595,274162176,275948032,0,0,0,0,0,0,0,0,0,0,0,0,0,0,165,0,0,0,0,0,0,0,0,0,2,0,3,0,0,0,0,0,0,0,0,0,0,0,1,240,223,1129668,1129667,1129666
596,274815552,276044352,0,0,0,0,0,0,0,0,0,0,0,0,0,0,165,0,0,0,0,0,0,0,0,0,4,0,3,0,0,0,0,0,0,0,0,0,0,0,1,235,218,1129683,1129682,1129681
597,274833856,276062656,0,0,0,0,0,0,0,0,0,0,0,0,0,0,165,0,0,0,0,0,0,0,0,0,24,0,3,0,0,0,0,0,0,0,0,0,0,0,1,235,218,1129683,1129682,1129681
598,274833920,276062720,0,0,0,0,0,0,0,0,0,0,0,0,0,0,165,0,0,0,0,0,0,0,0,0,2,0,3,0,0,0,0,0,0,0,0,0,0,0,1,235,218,1129683,1129682,1129681
599,274930240,0,278944256,280304128,286382592,287775296,289675840,291576384,292919872,294820416,296163840,302258688,304192000,305535552,307436096,309336640,165,0,0,0,0,0,0,0,0,0,4,0,3,0,0,0,0,0,0,0,0,0,0,0,13,234,217,1129677,1129676,1129675
600,274948544,0,278962624,280322496,286400960,287793600,289694144,291594688,292938176,294838720,296182208,302277056,304210368,305553856,307454400,309354944,165,0,0,0,0,0,0,0,0,0,24,0,3,0,0,0,0,0,0,0,0,0,0,0,13,234,217,1129677,1129676,1129675
601,274948608,0,278962688,280322560,286398976,287793664,289694208,291594752,292938240,294838784,296182272,302277120,304210432,305553920,307454464,309355008,165,0,0,0,0,0,0,0,0,0,2,0,3,0,0,0,0,0,0,0,0,0,0,0,13,234,217,1129677,1129676,1129675
602,278174272,280074752,285612544,287545856,289446464,290789952,292690496,294033984,295934464,302029312,303372800,305306176,306666048,308566592,310450752,311810624,165,0,0,0,0,0,0,0,0,0,4,0,3,0,0,0,0,0,0,0,0,0,0,0,13,236,219,1129671,1129670,1129669
603,278192576,280093120,285630912,287564224,289464768,290808256,292708800,294052288,295952832,302047680,303391168,305324480,306684352,308584896,310469056,311828928,165,0,0,0,0,0,0,0,0,0,24,0,3,0,0,0,0,0,0,0,0,0,0,0,13,236,219,1129671,1129670,1129669
604,278192640,280093184,285630976,287564288,289464832,290808320,292708864,294052352,295952896,302047744,303391232,305324544,306684416,308584960,310469120,311828992,165,0,0,0,0,0,0,0,0,0,2,0,3,0,0,0,0,0,0,0,0,0,0,0,13,236,219,1129671,1129670,1129669
605,278288960,280189440,286267904,287660544,289561152,290904640,292805184,294705728,296049152,302144000,303487488,305420864,307321408,308681280,310565440,311925248,165,0,0,0,0,0,0,0,0,0,4,0,3,0,0,0,0,0,0,0,0,0,0,0,13,243,225,1467047,1467046,1467045
606,278307264,280207808,286286272,287678912,289579456,290922944,292823488,294724032,296067520,302162368,304095680,305439168,307339712,308699584,310583744,312484288,165,0,0,0,0,0,0,0,0,0,24,0,3,0,0,0,0,0,0,0,0,0,0,0,13,243,225,1467047,1467046,1467045
607,278307328,280207872,286286336,287678976,289579520,290923008,292823552,294724096,296067584,302162432,304095744,305439232,307339776,308699648,310583808,312484352,165,0,0,0,0,0,0,0,0,0,2,0,3,0,0,0,0,0,0,0,0,0,0,0,13,243,225,1467047,1467046,1467045
610,277273152,279173632,285268480,286611968,288430656,289905216,288545344,291805760,293689920,295049792,296950272,302488064,304421376,306321984,307665472,309566016,165,0,0,0,0,0,0,0,0,0,4,0,3,0,0,0,0,0,0,0,0,0,0,0,13,238,221,1129680,1129679,1129678
611,277291456,279192000,285286848,286630336,288563648,290464192,291824064,293708224,295068096,296968640,303047104,304439744,306340288,307683776,309584320,311484864,165,0,0,0,0,0,0,0,0,0,24,0,3,0,0,0,0,0,0,0,0,0,0,0,13,238,221,1129680,1129679,1129678
612,277291520,279192064,285286912,286630400,288563712,290464256,291824128,293708288,295035392,296968704,303047168,304439808,306340352,307683840,309584384,311484928,165,0,0,0,0,0,0,0,0,0,2,0,3,0,0,0,0,0,0,0,0,0,0,0,13,238,221,1129680,1129679,1129678
613,277944896,279288320,285383168,287316480,288660032,290560576,291920448,293804608,295705152,297064960,303143424,304536128,306436672,308337216,309680704,311581248,165,0,0,0,0,0,0,0,0,0,4,0,3,0,0,0,0,0,0,0,0,0,0,0,13,244,226,1467050,1467049,1467048
614,277963200,279306688,285401536,287334848,288678336,290578880,291938752,293822912,295723456,297083328,303161792,304554432,306454976,308355520,309699008,311599552,165,0,0,0,0,0,0,0,0,0,24,0,3,0,0,0,0,0,0,0,0,0,0,0,13,244,226,1467050,1467049,1467048
615,277963264,279290368,285401600,287334912,288678400,290578944,291938816,293822976,295723520,297083392,303161856,304554496,306455040,308355584,309699072,311599616,165,0,0,0,0,0,0,0,0,0,2,0,3,0,0,0,0,0,0,0,0,0,0,0,13,244,226,1467050,1467049,1467048
616,275159616,279058944,285497856,288774720,292575808,295819776,303258112,306551360,309795392,313596416,0,0,0,0,0,0,165,0,0,0,0,0,0,0,0,0,4,0,3,0,0,0,0,0,0,0,0,0,0,0,13,237,220,1129686,1129685,1129684
617,275177920,279077312,285516224,288793024,292594112,295838144,303276480,306569664,309813696,313614784,0,0,0,0,0,0,165,0,0,0,0,0,0,0,0,0,24,0,3,0,0,0,0,0,0,0,0,0,0,0,13,237,220,1129686,1129685,1129684
618,275177984,279077376,285516288,288793088,292594176,295838208,303276544,306569728,309813760,313614848,0,0,0,0,0,0,165,0,0,0,0,0,0,0,0,0,2,0,3,0,0,0,0,0,0,0,0,0,0,0,13,237,220,1129686,1129685,1129684
622,275044928,278059584,280418816,288430656,291691072,294935104,302373376,306207296,309467712,312695296,0,0,0,0,0,0,165,0,0,0,0,0,0,0,0,0,4,0,3,0,0,0,0,0,0,0,0,0,0,0,13,239,222,1129674,1129673,1129672
623,275063232,278077888,280437184,288448960,291709376,294953408,302391744,306225600,309486016,312713664,0,0,0,0,0,0,165,0,0,0,0,0,0,0,0,0,24,0,3,0,0,0,0,0,0,0,0,0,0,0,13,239,222,1129674,1129673,1129672
624,275063296,278077952,280437248,288449024,291709440,294953472,302391808,306225664,309486080,312713728,0,0,0,0,0,0,165,0,0,0,0,0,0,0,0,0,2,0,3,0,0,0,0,0,0,0,0,0,0,0,13,239,222,1129674,1129673,1129672
628,275814976,279403008,286497280,289790528,293034560,296835584,304306688,307550784,310794816,0,0,0,0,0,0,0,165,0,0,0,0,0,0,0,0,0,4,0,3,0,0,0,0,0,0,0,0,0,0,0,13,239,224,1304688,1304687,1304686
629,275833280,279978432,286515648,289808832,293052864,296853952,304325056,307567040,310813120,0,0,0,0,0,0,0,165,0,0,0,0,0,0,0,0,0,24,0,3,0,0,0,0,0,0,0,0,0,0,0,13,239,224,1304688,1304687,1304686
630,275833344,279978496,286515712,289808896,293052928,296854016,304325120,307569152,310813184,0,0,0,0,0,0,0,165,0,0,0,0,0,0,0,0,0,2,0,3,0,0,0,0,0,0,0,0,0,0,0,13,239,224,1304688,1304687,1304686
634,521517056,0,0,0,0,0,0,0,0,0,0,0,0,0,0,0,24,0,0,0,0,0,0,0,0,0,0,0,3,0,0,0,0,0,0,0,0,0,10,-1,1,245,230,1574966,0,0
635,523696128,0,0,0,0,0,0,0,0,0,0,0,0,0,0,0,24,0,0,0,0,0,0,0,0,0,0,0,3,0,0,0,0,0,0,0,0,0,10,-1,1,246,227,1572479,0,0
636,285276160,0,0,0,0,0,0,0,0,0,0,0,0,0,0,0,168,0,0,0,0,0,0,0,0,0,2047,0,3,0,0,0,0,0,0,0,0,0,0,-1,3,247,228,0,0,0
637,285276160,0,0,0,0,0,0,0,0,0,0,0,0,0,0,0,24,0,0,0,0,0,0,0,0,0,2047,0,0,0,0,0,0,0,0,0,0,0,0,-1,3,247,0,0,0,0
638,520435712,0,0,0,0,0,0,0,0,0,0,0,0,0,0,0,72,0,0,0,0,0,0,0,0,0,0,0,3,0,0,0,0,0,0,0,0,0,10,-1,1,248,229,1574965,1574964,1574963
642,525432832,0,0,0,0,0,0,0,0,0,0,0,0,0,0,0,72,0,0,0,0,0,0,0,0,0,0,0,3,0,0,0,0,0,0,0,0,0,10,-1,1,249,231,1572478,1572477,1572476
643,287412672,290656768,293900800,297161152,305172992,308433408,311677440,0,0,0,0,0,0,0,0,0,165,0,0,0,0,0,0,0,0,0,961,0,3,0,0,0,0,0,0,0,0,0,0,0,13,239,237,1530590,1530589,1530588
644,522467328,0,0,0,0,0,0,0,0,0,0,0,0,0,0,0,72,0,0,0,0,0,0,0,0,0,0,0,3,0,0,0,0,0,0,0,0,0,10,-1,1,250,232,1574970,1574969,1580529
645,524449792,0,0,0,0,0,0,0,0,0,0,0,0,0,0,0,72,0,0,0,0,0,0,0,0,0,0,0,3,0,0,0,0,0,0,0,0,0,10,-1,1,251,233,1572475,1572474,1572473
646,520585216,526891008,0,0,0,0,0,0,0,0,0,0,0,0,0,0,24,0,0,0,0,0,0,0,0,0,0,0,3,0,0,0,0,0,0,0,0,0,10,-1,1,252,234,1574967,0,0
647,523319296,0,0,0,0,0,0,0,0,0,0,0,0,0,0,0,24,0,0,0,0,0,0,0,0,0,0,0,3,0,0,0,0,0,0,0,0,0,10,-1,1,253,235,1572472,0,0
648,524728320,0,0,0,0,0,0,0,0,0,0,0,0,0,0,0,24,0,0,0,0,0,0,0,0,0,0,0,3,0,0,0,0,0,0,0,0,0,10,-1,1,254,236,1572471,0,0
650,278280640,0,0,0,0,0,0,0,0,0,0,0,0,0,0,0,168,168,168,168,168,168,168,168,168,0,2047,0,0,0,0,0,0,0,0,0,0,0,0,0,3,0,0,0,0,0
651,287412672,290656768,293900800,297161152,305172992,308433408,311710208,0,0,0,0,0,0,0,0,0,189,0,0,0,0,0,0,0,0,0,961,0,3,0,0,0,0,0,0,0,0,0,0,0,13,0,0,0,0,0
652,287431168,290675264,293919296,297179648,305191488,308451904,311695936,0,0,0,0,0,0,0,0,0,165,0,0,0,0,0,0,0,0,0,4,0,3,0,0,0,0,0,0,0,0,0,0,0,13,239,237,1530590,1530589,1530588
653,287431168,290675264,293919296,297179648,305191488,308451904,311695936,0,0,0,0,0,0,0,0,0,189,0,0,0,0,0,0,0,0,0,4,0,3,0,0,0,0,0,0,0,0,0,0,0,13,0,0,0,0,0
654,287449536,290693568,293937600,297198016,305209792,308470208,311714240,0,0,0,0,0,0,0,0,0,165,0,0,0,0,0,0,0,0,0,24,0,3,0,0,0,0,0,0,0,0,0,0,0,13,239,237,1530590,1530589,1530588
655,287449536,290693568,293937600,297198016,305209792,308470208,311714240,0,0,0,0,0,0,0,0,0,189,0,0,0,0,0,0,0,0,0,24,0,3,0,0,0,0,0,0,0,0,0,0,0,13,0,0,0,0,0
656,287449600,290693632,293937664,297198080,305209856,308470272,311714304,0,0,0,0,0,0,0,0,0,165,0,0,0,0,0,0,0,0,0,2,0,3,0,0,0,0,0,0,0,0,0,0,0,13,239,237,1530590,1530589,1530588
657,287449600,290693632,293937664,297198080,305209856,308470272,311714304,0,0,0,0,0,0,0,0,0,189,0,0,0,0,0,0,0,0,0,2,0,3,0,0,0,0,0,0,0,0,0,0,0,13,0,0,0,0,0
658,532135040,0,0,0,0,0,0,0,0,0,0,0,0,0,0,0,12,0,0,0,0,0,0,0,0,0,0,0,3,0,0,0,0,0,0,0,0,0,3,-1,1,5,2,235457,0,0
659,292672000,0,0,0,0,0,0,0,0,0,0,0,0,0,0,0,168,2856,0,0,0,0,0,0,0,0,832,1,3,0,0,0,0,0,0,0,0,0,0,2,13,255,239,1616334,0,0
660,294687232,0,0,0,0,0,0,0,0,0,0,0,0,0,0,0,168,2856,0,0,0,0,0,0,0,0,832,1,3,0,0,0,0,0,0,0,0,0,0,2,13,256,238,1616334,0,0
661,292901376,0,0,0,0,0,0,0,0,0,0,0,0,0,0,0,168,2856,0,0,0,0,0,0,0,0,832,1,3,0,0,0,0,0,0,0,0,0,0,2,13,257,240,1616334,0,0
662,294687232,0,0,0,0,0,0,0,0,0,0,0,0,0,0,0,168,2856,0,0,0,0,0,0,0,0,1,1,3,0,0,0,0,0,0,0,0,0,0,2,13,256,238,1616334,0,0
663,292672000,0,0,0,0,0,0,0,0,0,0,0,0,0,0,0,168,2856,0,0,0,0,0,0,0,0,1,1,3,0,0,0,0,0,0,0,0,0,0,2,13,255,239,1616334,0,0
664,292901376,0,0,0,0,0,0,0,0,0,0,0,0,0,0,0,168,2856,0,0,0,0,0,0,0,0,1,1,3,0,0,0,0,0,0,0,0,0,0,2,13,257,240,1616334,0,0
665,293900800,0,0,0,0,0,0,0,0,0,0,0,0,0,0,0,168,2856,0,0,0,0,0,0,0,0,1,1,3,0,0,0,0,0,0,0,0,0,0,2,13,263,240,1616334,0,0
666,291901952,0,0,0,0,0,0,0,0,0,0,0,0,0,0,0,168,2856,0,0,0,0,0,0,0,0,1,1,3,0,0,0,0,0,0,0,0,0,0,2,13,262,240,1616334,0,0
667,294916608,0,0,0,0,0,0,0,0,0,0,0,0,0,0,0,168,2856,0,0,0,0,0,0,0,0,1,1,3,0,0,0,0,0,0,0,0,0,0,2,13,265,240,1616334,0,0
668,295145984,0,0,0,0,0,0,0,0,0,0,0,0,0,0,0,168,2856,0,0,0,0,0,0,0,0,1,1,3,0,0,0,0,0,0,0,0,0,0,2,13,264,240,1616334,0,0
669,294705664,0,0,0,0,0,0,0,0,0,0,0,0,0,0,0,168,2856,0,0,0,0,0,0,0,0,4,1,3,0,0,0,0,0,0,0,0,0,0,2,13,256,238,1616334,0,0
670,292690432,0,0,0,0,0,0,0,0,0,0,0,0,0,0,0,168,2856,0,0,0,0,0,0,0,0,4,1,3,0,0,0,0,0,0,0,0,0,0,2,13,255,239,1616334,0,0
671,292919808,0,0,0,0,0,0,0,0,0,0,0,0,0,0,0,168,2856,0,0,0,0,0,0,0,0,4,1,3,0,0,0,0,0,0,0,0,0,0,2,13,257,240,1616334,0,0
672,293919232,0,0,0,0,0,0,0,0,0,0,0,0,0,0,0,168,2856,0,0,0,0,0,0,0,0,4,1,3,0,0,0,0,0,0,0,0,0,0,2,13,263,240,1616334,0,0
673,291920384,0,0,0,0,0,0,0,0,0,0,0,0,0,0,0,168,2856,0,0,0,0,0,0,0,0,4,1,3,0,0,0,0,0,0,0,0,0,0,2,13,262,240,1616334,0,0
674,294935040,0,0,0,0,0,0,0,0,0,0,0,0,0,0,0,168,2856,0,0,0,0,0,0,0,0,4,1,3,0,0,0,0,0,0,0,0,0,0,2,13,265,240,1616334,0,0
675,295705088,0,0,0,0,0,0,0,0,0,0,0,0,0,0,0,168,2856,0,0,0,0,0,0,0,0,4,1,3,0,0,0,0,0,0,0,0,0,0,2,13,264,240,1616334,0,0
676,294724096,0,0,0,0,0,0,0,0,0,0,0,0,0,0,0,168,2856,0,0,0,0,0,0,0,0,24,1,3,0,0,0,0,0,0,0,0,0,0,2,13,256,238,1616334,0,0
677,292708864,0,0,0,0,0,0,0,0,0,0,0,0,0,0,0,168,2856,0,0,0,0,0,0,0,0,24,1,3,0,0,0,0,0,0,0,0,0,0,2,13,255,239,1616334,0,0
678,292938240,0,0,0,0,0,0,0,0,0,0,0,0,0,0,0,168,2856,0,0,0,0,0,0,0,0,24,1,3,0,0,0,0,0,0,0,0,0,0,2,13,257,240,1616334,0,0
679,293937664,0,0,0,0,0,0,0,0,0,0,0,0,0,0,0,168,2856,0,0,0,0,0,0,0,0,24,1,3,0,0,0,0,0,0,0,0,0,0,2,13,263,240,1616334,0,0
680,291938816,0,0,0,0,0,0,0,0,0,0,0,0,0,0,0,168,2856,0,0,0,0,0,0,0,0,24,1,3,0,0,0,0,0,0,0,0,0,0,2,13,262,240,1616334,0,0
681,294953472,0,0,0,0,0,0,0,0,0,0,0,0,0,0,0,168,2856,0,0,0,0,0,0,0,0,24,1,3,0,0,0,0,0,0,0,0,0,0,2,13,265,240,1616334,0,0
682,295723520,0,0,0,0,0,0,0,0,0,0,0,0,0,0,0,168,2856,0,0,0,0,0,0,0,0,24,1,3,0,0,0,0,0,0,0,0,0,0,2,13,264,240,1616334,0,0
683,294724096,0,0,0,0,0,0,0,0,0,0,0,0,0,0,0,168,2856,0,0,0,0,0,0,0,0,2,1,3,0,0,0,0,0,0,0,0,0,0,2,13,256,238,1616334,0,0
684,292708864,0,0,0,0,0,0,0,0,0,0,0,0,0,0,0,168,2856,0,0,0,0,0,0,0,0,2,1,3,0,0,0,0,0,0,0,0,0,0,2,13,255,239,1616334,0,0
685,292938240,0,0,0,0,0,0,0,0,0,0,0,0,0,0,0,168,2856,0,0,0,0,0,0,0,0,2,1,3,0,0,0,0,0,0,0,0,0,0,2,13,257,240,1616334,0,0
686,293937664,0,0,0,0,0,0,0,0,0,0,0,0,0,0,0,168,2856,0,0,0,0,0,0,0,0,2,1,3,0,0,0,0,0,0,0,0,0,0,2,13,263,240,1616334,0,0
687,291938816,0,0,0,0,0,0,0,0,0,0,0,0,0,0,0,168,2856,0,0,0,0,0,0,0,0,2,1,3,0,0,0,0,0,0,0,0,0,0,2,13,262,240,1616334,0,0
688,294953472,0,0,0,0,0,0,0,0,0,0,0,0,0,0,0,168,2856,0,0,0,0,0,0,0,0,2,1,3,0,0,0,0,0,0,0,0,0,0,2,13,265,240,1616334,0,0
689,295723520,0,0,0,0,0,0,0,0,0,0,0,0,0,0,0,168,2856,0,0,0,0,0,0,0,0,2,1,3,0,0,0,0,0,0,0,0,0,0,2,13,264,240,1616334,0,0
690,520321024,0,0,0,0,0,0,0,0,0,0,0,0,0,0,0,1,0,0,0,0,0,0,0,0,0,0,0,0,0,0,0,0,0,0,0,0,0,0,-1,3,0,0,0,0,0
691,527710208,522270720,0,0,0,0,0,0,0,0,0,0,0,0,0,0,120,0,0,0,0,0,0,0,0,0,0,0,3,0,0,0,0,0,0,0,0,0,10,-1,1,258,241,1671631,1671630,1671629
692,526743552,0,0,0,0,0,0,0,0,0,0,0,0,0,0,0,24,0,0,0,0,0,0,0,0,0,0,0,3,0,0,0,0,0,0,0,0,0,10,-1,1,259,242,1671624,0,0
693,295959168,0,0,0,0,0,0,0,0,0,0,0,0,0,0,0,336,0,0,0,0,0,0,0,0,0,0,0,3,0,0,0,0,0,0,0,0,0,0,-1,1,260,188,1084434,1084433,1084432
694,530774016,0,0,0,0,0,0,0,0,0,0,0,0,0,0,0,24,0,0,0,0,0,0,0,0,0,0,0,3,0,0,0,0,0,0,0,0,0,10,-1,1,261,243,1671628,0,0
695,530757632,0,0,0,0,0,0,0,0,0,0,0,0,0,0,0,48,0,0,0,0,0,0,0,0,0,0,0,3,0,0,0,0,0,0,0,0,0,10,-1,15,0,0,0,0,0
696,529758208,0,0,0,0,0,0,0,0,0,0,0,0,0,0,0,24,0,0,0,0,0,0,0,0,0,0,0,3,0,0,0,0,0,0,0,0,0,10,-1,1,266,244,1671627,1671626,1671625
697,527693824,0,0,0,0,0,0,0,0,0,0,0,0,0,0,0,144,0,0,0,0,0,0,0,0,0,0,0,3,0,0,0,0,0,0,0,0,0,10,-1,15,0,0,0,0,0
698,526727168,0,0,0,0,0,0,0,0,0,0,0,0,0,0,0,48,0,0,0,0,0,0,0,0,0,0,0,3,0,0,0,0,0,0,0,0,0,10,-1,15,0,0,0,0,0
699,289521664,526874624,0,0,0,0,0,0,0,0,0,0,0,0,0,0,192,0,0,0,0,0,0,0,0,0,0,0,3,0,0,0,0,0,0,0,0,0,10,-1,15,0,0,0,0,0
700,529741824,0,0,0,0,0,0,0,0,0,0,0,0,0,0,0,48,0,0,0,0,0,0,0,0,0,0,0,1,0,0,0,0,0,0,0,0,0,10,-1,15,0,0,0,0,0
701,294916611,0,0,0,0,0,0,0,0,0,0,0,0,0,0,0,168,2856,0,0,0,0,0,0,0,0,832,1,3,0,0,0,0,0,0,0,0,0,0,2,13,257,240,1616334,0,0
702,295916032,0,0,0,0,0,0,0,0,0,0,0,0,0,0,0,168,2856,0,0,0,0,0,0,0,0,1,1,3,0,0,0,0,0,0,0,0,0,0,2,13,267,240,1616334,0,0
703,293671424,0,0,0,0,0,0,0,0,0,0,0,0,0,0,0,168,2856,0,0,0,0,0,0,0,0,1,1,3,0,0,0,0,0,0,0,0,0,0,2,13,268,240,1616334,0,0
704,295934464,0,0,0,0,0,0,0,0,0,0,0,0,0,0,0,168,2856,0,0,0,0,0,0,0,0,4,1,3,0,0,0,0,0,0,0,0,0,0,2,13,267,240,1616334,0,0
705,295952896,0,0,0,0,0,0,0,0,0,0,0,0,0,0,0,168,2856,0,0,0,0,0,0,0,0,24,1,3,0,0,0,0,0,0,0,0,0,0,2,13,267,240,1616334,0,0
706,295952896,0,0,0,0,0,0,0,0,0,0,0,0,0,0,0,168,2856,0,0,0,0,0,0,0,0,2,1,3,0,0,0,0,0,0,0,0,0,0,2,13,267,240,1616334,0,0
707,293689856,0,0,0,0,0,0,0,0,0,0,0,0,0,0,0,168,2856,0,0,0,0,0,0,0,0,4,1,3,0,0,0,0,0,0,0,0,0,0,2,13,268,240,1616334,0,0
708,293708288,0,0,0,0,0,0,0,0,0,0,0,0,0,0,0,168,2856,0,0,0,0,0,0,0,0,24,1,3,0,0,0,0,0,0,0,0,0,0,2,13,268,240,1616334,0,0
709,293708288,0,0,0,0,0,0,0,0,0,0,0,0,0,0,0,168,2856,0,0,0,0,0,0,0,0,2,1,3,0,0,0,0,0,0,0,0,0,0,2,13,268,240,1616334,0,0
710,290771456,0,0,0,0,0,0,0,0,0,0,0,0,0,0,0,24,0,0,0,0,0,0,0,0,0,961,0,3,0,0,0,0,0,0,0,0,0,1,-1,13,269,245,1676232,0,0
711,290789888,0,0,0,0,0,0,0,0,0,0,0,0,0,0,0,24,0,0,0,0,0,0,0,0,0,4,0,3,0,0,0,0,0,0,0,0,0,1,-1,13,269,245,1676232,0,0
712,290808320,0,0,0,0,0,0,0,0,0,0,0,0,0,0,0,24,0,0,0,0,0,0,0,0,0,24,0,3,0,0,0,0,0,0,0,0,0,1,-1,13,269,245,1676232,0,0
713,290808320,0,0,0,0,0,0,0,0,0,0,0,0,0,0,0,24,0,0,0,0,0,0,0,0,0,2,0,3,0,0,0,0,0,0,0,0,0,1,-1,13,269,245,1676232,0,0
714,290886144,0,0,0,0,0,0,0,0,0,0,0,0,0,0,0,24,0,0,0,0,0,0,0,0,0,961,0,3,0,0,0,0,0,0,0,0,0,1,-1,13,269,246,1676232,0,0
715,290904640,0,0,0,0,0,0,0,0,0,0,0,0,0,0,0,24,0,0,0,0,0,0,0,0,0,4,0,3,0,0,0,0,0,0,0,0,0,1,-1,13,269,246,1676232,0,0
716,290923008,0,0,0,0,0,0,0,0,0,0,0,0,0,0,0,24,0,0,0,0,0,0,0,0,0,24,0,3,0,0,0,0,0,0,0,0,0,1,-1,13,269,246,1676232,0,0
717,290923008,0,0,0,0,0,0,0,0,0,0,0,0,0,0,0,24,0,0,0,0,0,0,0,0,0,2,0,3,0,0,0,0,0,0,0,0,0,1,-1,13,269,246,1676232,0,0
718,291672576,0,0,0,0,0,0,0,0,0,0,0,0,0,0,0,24,0,0,0,0,0,0,0,0,0,961,0,3,0,0,0,0,0,0,0,0,0,1,-1,13,269,247,1676232,0,0
719,291691072,0,0,0,0,0,0,0,0,0,0,0,0,0,0,0,24,0,0,0,0,0,0,0,0,0,4,0,3,0,0,0,0,0,0,0,0,0,1,-1,13,269,247,1676232,0,0
720,291709440,0,0,0,0,0,0,0,0,0,0,0,0,0,0,0,24,0,0,0,0,0,0,0,0,0,24,0,3,0,0,0,0,0,0,0,0,0,1,-1,13,269,247,1676232,0,0
721,291709440,0,0,0,0,0,0,0,0,0,0,0,0,0,0,0,24,0,0,0,0,0,0,0,0,0,2,0,3,0,0,0,0,0,0,0,0,0,1,-1,13,269,247,1676232,0,0
722,291901952,0,0,0,0,0,0,0,0,0,0,0,0,0,0,0,24,0,0,0,0,0,0,0,0,0,961,0,3,0,0,0,0,0,0,0,0,0,1,-1,13,269,248,1676232,0,0
723,291920448,0,0,0,0,0,0,0,0,0,0,0,0,0,0,0,24,0,0,0,0,0,0,0,0,0,4,0,3,0,0,0,0,0,0,0,0,0,1,-1,13,269,248,1676232,0,0
724,291938816,0,0,0,0,0,0,0,0,0,0,0,0,0,0,0,24,0,0,0,0,0,0,0,0,0,24,0,3,0,0,0,0,0,0,0,0,0,1,-1,13,269,248,1676232,0,0
725,291938816,0,0,0,0,0,0,0,0,0,0,0,0,0,0,0,24,0,0,0,0,0,0,0,0,0,2,0,3,0,0,0,0,0,0,0,0,0,1,-1,13,269,248,1676232,0,0
726,292672000,0,0,0,0,0,0,0,0,0,0,0,0,0,0,0,24,0,0,0,0,0,0,0,0,0,961,0,3,0,0,0,0,0,0,0,0,0,1,-1,13,269,249,1676232,0,0
727,292690496,0,0,0,0,0,0,0,0,0,0,0,0,0,0,0,24,0,0,0,0,0,0,0,0,0,4,0,3,0,0,0,0,0,0,0,0,0,1,-1,13,269,249,1676232,0,0
728,292708864,0,0,0,0,0,0,0,0,0,0,0,0,0,0,0,24,0,0,0,0,0,0,0,0,0,24,0,3,0,0,0,0,0,0,0,0,0,1,-1,13,269,249,1676232,0,0
729,292708864,0,0,0,0,0,0,0,0,0,0,0,0,0,0,0,24,0,0,0,0,0,0,0,0,0,2,0,3,0,0,0,0,0,0,0,0,0,1,-1,13,269,249,1676232,0,0
730,290464256,0,0,0,0,0,0,0,0,0,0,0,0,0,0,0,24,0,0,0,0,0,0,0,0,0,768,0,3,0,0,0,0,0,0,0,0,0,1,-1,13,269,245,1676232,0,0
732,275026432,278041088,280400320,288412160,291672576,294916608,290597376,0,0,0,0,0,0,0,0,0,96,0,0,0,0,0,0,0,0,0,960,0,3,0,0,0,0,0,0,0,0,0,0,0,13,239,222,1129674,1129673,1129672
735,293671424,0,0,0,0,0,0,0,0,0,0,0,0,0,0,0,168,2856,0,0,0,0,0,0,0,0,832,1,3,0,0,0,0,0,0,0,0,0,0,2,13,268,240,1616334,0,0
736,295916032,0,0,0,0,0,0,0,0,0,0,0,0,0,0,0,168,2856,0,0,0,0,0,0,0,0,832,1,3,0,0,0,0,0,0,0,0,0,0,2,13,267,240,1616334,0,0
737,291901952,0,0,0,0,0,0,0,0,0,0,0,0,0,0,0,168,2856,0,0,0,0,0,0,0,0,832,1,3,0,0,0,0,0,0,0,0,0,0,2,13,262,240,1616334,0,0
738,293900800,0,0,0,0,0,0,0,0,0,0,0,0,0,0,0,168,2856,0,0,0,0,0,0,0,0,832,1,3,0,0,0,0,0,0,0,0,0,0,2,13,263,240,1616334,0,0
739,295145984,0,0,0,0,0,0,0,0,0,0,0,0,0,0,0,168,2856,0,0,0,0,0,0,0,0,832,1,3,0,0,0,0,0,0,0,0,0,0,2,13,264,240,1616334,0,0
740,296817600,0,0,0,0,0,0,0,0,0,0,0,0,0,0,0,168,0,0,0,0,0,0,0,0,0,961,0,0,0,0,0,0,0,0,0,0,0,1,-1,3,0,0,0,0,0
741,296835520,0,0,0,0,0,0,0,0,0,0,0,0,0,0,0,168,0,0,0,0,0,0,0,0,0,4,0,0,0,0,0,0,0,0,0,0,0,0,-1,3,0,0,0,0,0
742,296836480,0,0,0,0,0,0,0,0,0,0,0,0,0,0,0,168,0,0,0,0,0,0,0,0,0,24,0,0,0,0,0,0,0,0,0,0,0,0,-1,3,0,0,0,0,0
743,296836480,0,0,0,0,0,0,0,0,0,0,0,0,0,0,0,168,0,0,0,0,0,0,0,0,0,2,0,0,0,0,0,0,0,0,0,0,0,0,-1,3,0,0,0,0,0
744,293671424,0,0,0,0,0,0,0,0,0,0,0,0,0,0,0,24,0,0,0,0,0,0,0,0,0,961,0,3,0,0,0,0,0,0,0,0,0,1,-1,13,270,250,1721461,0,0
745,293786112,0,0,0,0,0,0,0,0,0,0,0,0,0,0,0,24,0,0,0,0,0,0,0,0,0,961,0,3,0,0,0,0,0,0,0,0,0,1,-1,13,271,251,1721462,0,0
746,293708288,0,0,0,0,0,0,0,0,0,0,0,0,0,0,0,24,0,0,0,0,0,0,0,0,0,2,0,3,0,0,0,0,0,0,0,0,0,1,-1,13,270,250,1721461,0,0
747,293689920,0,0,0,0,0,0,0,0,0,0,0,0,0,0,0,24,0,0,0,0,0,0,0,0,0,4,0,3,0,0,0,0,0,0,0,0,0,1,-1,13,270,250,1721461,0,0
748,293708288,0,0,0,0,0,0,0,0,0,0,0,0,0,0,0,24,0,0,0,0,0,0,0,0,0,24,0,3,0,0,0,0,0,0,0,0,0,1,-1,13,270,250,1721461,0,0
749,293822976,0,0,0,0,0,0,0,0,0,0,0,0,0,0,0,24,0,0,0,0,0,0,0,0,0,24,0,3,0,0,0,0,0,0,0,0,0,1,-1,13,271,251,1721462,0,0
750,293822976,0,0,0,0,0,0,0,0,0,0,0,0,0,0,0,24,0,0,0,0,0,0,0,0,0,2,0,3,0,0,0,0,0,0,0,0,0,1,-1,13,271,251,1721462,0,0
751,293804608,0,0,0,0,0,0,0,0,0,0,0,0,0,0,0,24,0,0,0,0,0,0,0,0,0,4,0,3,0,0,0,0,0,0,0,0,0,1,-1,13,271,251,1721462,0,0
752,292786688,0,0,0,0,0,0,0,0,0,0,0,0,0,0,0,18,0,0,0,0,0,0,0,0,0,961,0,3,0,0,0,0,0,0,0,0,0,1,-1,15,272,0,1721461,0,0
753,0,0,0,0,0,0,0,0,0,0,0,0,0,0,0,0,18,0,0,0,0,0,0,0,0,0,2,0,3,0,0,0,0,0,0,0,0,0,1,-1,15,272,0,1721461,0,0
754,0,0,0,0,0,0,0,0,0,0,0,0,0,0,0,0,18,0,0,0,0,0,0,0,0,0,24,0,3,0,0,0,0,0,0,0,0,0,1,-1,15,272,0,1721461,0,0
755,0,0,0,0,0,0,0,0,0,0,0,0,0,0,0,0,18,0,0,0,0,0,0,0,0,0,4,0,3,0,0,0,0,0,0,0,0,0,1,-1,15,272,0,1721461,0,0
756,297083328,0,0,0,0,0,0,0,0,0,0,0,0,0,0,0,24,0,0,0,0,0,0,0,0,0,24,0,3,0,0,0,0,0,0,0,0,0,1,-1,13,273,252,1724837,0,0
757,297064960,0,0,0,0,0,0,0,0,0,0,0,0,0,0,0,24,0,0,0,0,0,0,0,0,0,4,0,3,0,0,0,0,0,0,0,0,0,1,-1,13,273,252,1724837,0,0
758,297083392,0,0,0,0,0,0,0,0,0,0,0,0,0,0,0,24,0,0,0,0,0,0,0,0,0,2,0,3,0,0,0,0,0,0,0,0,0,1,-1,13,273,252,1724837,0,0
759,297046464,0,0,0,0,0,0,0,0,0,0,0,0,0,0,0,24,0,0,0,0,0,0,0,0,0,961,0,3,0,0,0,0,0,0,0,0,0,1,-1,13,273,252,1724837,0,0
760,302047680,0,0,0,0,0,0,0,0,0,0,0,0,0,0,0,24,0,0,0,0,0,0,0,0,0,24,0,3,0,0,0,0,0,0,0,0,0,1,-1,13,273,253,1724837,0,0
761,302029312,0,0,0,0,0,0,0,0,0,0,0,0,0,0,0,24,0,0,0,0,0,0,0,0,0,4,0,3,0,0,0,0,0,0,0,0,0,1,-1,13,273,253,1724837,0,0
762,302047744,0,0,0,0,0,0,0,0,0,0,0,0,0,0,0,24,0,0,0,0,0,0,0,0,0,2,0,3,0,0,0,0,0,0,0,0,0,1,-1,13,273,253,1724837,0,0
763,302010816,0,0,0,0,0,0,0,0,0,0,0,0,0,0,0,24,0,0,0,0,0,0,0,0,0,961,0,3,0,0,0,0,0,0,0,0,0,1,-1,13,273,253,1724837,0,0
764,302277056,0,0,0,0,0,0,0,0,0,0,0,0,0,0,0,24,0,0,0,0,0,0,0,0,0,24,0,3,0,0,0,0,0,0,0,0,0,1,-1,13,273,254,1724837,0,0
765,302258688,0,0,0,0,0,0,0,0,0,0,0,0,0,0,0,24,0,0,0,0,0,0,0,0,0,4,0,3,0,0,0,0,0,0,0,0,0,1,-1,13,273,254,1724837,0,0
766,302277120,0,0,0,0,0,0,0,0,0,0,0,0,0,0,0,24,0,0,0,0,0,0,0,0,0,2,0,3,0,0,0,0,0,0,0,0,0,1,-1,13,273,254,1724837,0,0
767,302240192,0,0,0,0,0,0,0,0,0,0,0,0,0,0,0,24,0,0,0,0,0,0,0,0,0,961,0,3,0,0,0,0,0,0,0,0,0,1,-1,13,273,254,1724837,0,0
768,296853952,0,0,0,0,0,0,0,0,0,0,0,0,0,0,0,24,0,0,0,0,0,0,0,0,0,24,0,3,0,0,0,0,0,0,0,0,0,1,-1,13,273,255,1724837,0,0
769,296835584,0,0,0,0,0,0,0,0,0,0,0,0,0,0,0,24,0,0,0,0,0,0,0,0,0,4,0,3,0,0,0,0,0,0,0,0,0,1,-1,13,273,255,1724837,0,0
770,296854016,0,0,0,0,0,0,0,0,0,0,0,0,0,0,0,24,0,0,0,0,0,0,0,0,0,2,0,3,0,0,0,0,0,0,0,0,0,1,-1,13,273,255,1724837,0,0
771,296817088,0,0,0,0,0,0,0,0,0,0,0,0,0,0,0,24,0,0,0,0,0,0,0,0,0,961,0,3,0,0,0,0,0,0,0,0,0,1,-1,13,273,255,1724837,0,0
772,296182208,0,0,0,0,0,0,0,0,0,0,0,0,0,0,0,24,0,0,0,0,0,0,0,0,0,24,0,3,0,0,0,0,0,0,0,0,0,1,-1,13,273,256,1724837,0,0
773,296163840,0,0,0,0,0,0,0,0,0,0,0,0,0,0,0,24,0,0,0,0,0,0,0,0,0,4,0,3,0,0,0,0,0,0,0,0,0,1,-1,13,273,256,1724837,0,0
774,296182272,0,0,0,0,0,0,0,0,0,0,0,0,0,0,0,24,0,0,0,0,0,0,0,0,0,2,0,3,0,0,0,0,0,0,0,0,0,1,-1,13,273,256,1724837,0,0
775,296145344,0,0,0,0,0,0,0,0,0,0,0,0,0,0,0,24,0,0,0,0,0,0,0,0,0,961,0,3,0,0,0,0,0,0,0,0,0,1,-1,13,273,256,1724837,0,0
776,0,0,0,0,0,0,0,0,0,0,0,0,0,0,0,0,24,0,0,0,0,0,0,0,0,0,768,0,3,0,0,0,0,0,0,0,0,0,1,-1,13,273,256,1676232,0,0
777,295916032,0,0,0,0,0,0,0,0,0,0,0,0,0,0,0,72,0,0,0,0,0,0,0,0,0,961,0,3,0,0,0,0,0,0,0,0,0,1,-1,15,273,0,0,0,0
778,296030720,0,0,0,0,0,0,0,0,0,0,0,0,0,0,0,24,0,0,0,0,0,0,0,0,0,961,0,3,0,0,0,0,0,0,0,0,0,1,-1,15,273,0,1721461,0,0
779,296145408,0,0,0,0,0,0,0,0,0,0,0,0,0,0,0,24,0,0,0,0,0,0,0,0,0,961,0,3,0,0,0,0,0,0,0,0,0,1,-1,15,0,0,0,0,0
780,296182272,0,0,0,0,0,0,0,0,0,0,0,0,0,0,0,24,0,0,0,0,0,0,0,0,0,2,0,3,0,0,0,0,0,0,0,0,0,1,-1,15,0,0,0,0,0
781,296163840,0,0,0,0,0,0,0,0,0,0,0,0,0,0,0,24,0,0,0,0,0,0,0,0,0,4,0,3,0,0,0,0,0,0,0,0,0,1,-1,15,0,0,0,0,0
782,296182208,0,0,0,0,0,0,0,0,0,0,0,0,0,0,0,24,0,0,0,0,0,0,0,0,0,24,0,3,0,0,0,0,0,0,0,0,0,1,-1,15,0,0,0,0,0
783,294724288,0,0,0,0,0,0,0,0,0,0,0,0,0,0,0,24,0,0,0,0,0,0,0,0,0,768,0,3,0,0,0,0,0,0,0,0,0,1,-1,15,0,0,0,0,0
784,304402944,0,0,0,0,0,0,0,0,0,0,0,0,0,0,0,24,0,0,0,0,0,0,0,0,0,768,0,3,0,0,0,0,0,0,0,0,0,1,-1,15,0,0,0,0,0
785,304402944,0,0,0,0,0,0,0,0,0,0,0,0,0,0,0,24,0,0,0,0,0,0,0,0,0,961,0,3,0,0,0,0,0,0,0,0,0,1,-1,15,0,0,0,0,0
786,304439808,0,0,0,0,0,0,0,0,0,0,0,0,0,0,0,24,0,0,0,0,0,0,0,0,0,2,0,3,0,0,0,0,0,0,0,0,0,1,-1,15,0,0,0,0,0
787,304421376,0,0,0,0,0,0,0,0,0,0,0,0,0,0,0,24,0,0,0,0,0,0,0,0,0,4,0,3,0,0,0,0,0,0,0,0,0,1,-1,15,0,0,0,0,0
788,304439808,0,0,0,0,0,0,0,0,0,0,0,0,0,0,0,24,0,0,0,0,0,0,0,0,0,24,0,3,0,0,0,0,0,0,0,0,0,1,-1,15,0,0,0,0,0
789,295934528,0,0,0,0,0,0,0,0,0,0,0,0,0,0,0,72,0,0,0,0,0,0,0,0,0,4,0,3,0,0,0,0,0,0,0,0,0,1,-1,15,273,0,0,0,0
790,295952896,0,0,0,0,0,0,0,0,0,0,0,0,0,0,0,72,0,0,0,0,0,0,0,0,0,24,0,3,0,0,0,0,0,0,0,0,0,1,-1,15,273,0,0,0,0
791,295952896,0,0,0,0,0,0,0,0,0,0,0,0,0,0,0,72,0,0,0,0,0,0,0,0,0,2,0,3,0,0,0,0,0,0,0,0,0,1,-1,15,273,0,0,0,0
792,296049216,0,0,0,0,0,0,0,0,0,0,0,0,0,0,0,24,0,0,0,0,0,0,0,0,0,4,0,3,0,0,0,0,0,0,0,0,0,1,-1,15,273,0,1721461,0,0
793,296067584,0,0,0,0,0,0,0,0,0,0,0,0,0,0,0,24,0,0,0,0,0,0,0,0,0,24,0,3,0,0,0,0,0,0,0,0,0,1,-1,15,273,0,1721461,0,0
794,296067584,0,0,0,0,0,0,0,0,0,0,0,0,0,0,0,24,0,0,0,0,0,0,0,0,0,2,0,3,0,0,0,0,0,0,0,0,0,1,-1,15,273,0,1721461,0,0
797,532135040,0,0,0,0,0,0,0,0,0,0,0,0,0,0,0,9,0,0,0,0,0,0,0,0,0,0,0,3,0,0,0,0,0,0,0,0,0,10,-1,3,0,0,0,0,0
798,327193088,0,0,0,0,0,0,0,0,0,0,0,0,0,0,0,24,0,0,0,0,0,0,0,0,0,961,0,3,0,0,0,0,0,0,0,0,0,1,-1,15,0,0,0,0,0
799,327229952,0,0,0,0,0,0,0,0,0,0,0,0,0,0,0,24,0,0,0,0,0,0,0,0,0,2,0,3,0,0,0,0,0,0,0,0,0,1,-1,15,0,0,0,0,0
800,327211584,0,0,0,0,0,0,0,0,0,0,0,0,0,0,0,24,0,0,0,0,0,0,0,0,0,4,0,3,0,0,0,0,0,0,0,0,0,1,-1,15,0,0,0,0,0
801,327229952,0,0,0,0,0,0,0,0,0,0,0,0,0,0,0,24,0,0,0,0,0,0,0,0,0,24,0,3,0,0,0,0,0,0,0,0,0,1,-1,15,0,0,0,0,0
802,532134016,0,0,0,0,0,0,0,0,0,0,0,0,0,0,0,7,0,0,0,0,0,0,0,0,0,1,0,3,0,0,0,0,0,0,0,0,0,10,-1,3,0,0,0,0,0
803,327193088,0,0,0,0,0,0,0,0,0,0,0,0,0,0,0,24,0,0,0,0,0,0,0,0,0,961,0,3,0,0,0,0,0,0,0,0,0,1,-1,15,0,0,0,0,0
804,327229952,0,0,0,0,0,0,0,0,0,0,0,0,0,0,0,24,0,0,0,0,0,0,0,0,0,24,0,3,0,0,0,0,0,0,0,0,0,1,-1,15,0,0,0,0,0
805,327211584,0,0,0,0,0,0,0,0,0,0,0,0,0,0,0,24,0,0,0,0,0,0,0,0,0,4,0,3,0,0,0,0,0,0,0,0,0,1,-1,15,0,0,0,0,0
806,327229952,0,0,0,0,0,0,0,0,0,0,0,0,0,0,0,24,0,0,0,0,0,0,0,0,0,2,0,3,0,0,0,0,0,0,0,0,0,1,-1,15,0,0,0,0,0
809,304592897,0,0,0,0,0,0,0,0,0,0,0,0,0,0,0,168,0,0,0,0,0,0,0,0,0,0,0,0,0,0,0,0,0,0,0,0,0,0,0,3,0,0,0,0,0
