ID,Region,Looping,HolidayNameID,HolidayDescriptionID,Priority,CalendarFilterType,Flags,Duration_0,Duration_1,Duration_2,Duration_3,Duration_4,Duration_5,Duration_6,Duration_7,Duration_8,Duration_9,Date_0,Date_1,Date_2,Date_3,Date_4,Date_5,Date_6,Date_7,Date_8,Date_9,Date_10,Date_11,Date_12,Date_13,Date_14,Date_15,Date_16,Date_17,Date_18,Date_19,Date_20,Date_21,Date_22,Date_23,Date_24,Date_25,CalendarFlags_0,CalendarFlags_1,CalendarFlags_2,CalendarFlags_3,CalendarFlags_4,CalendarFlags_5,CalendarFlags_6,CalendarFlags_7,CalendarFlags_8,CalendarFlags_9,TextureFileDataID_0,TextureFileDataID_1,TextureFileDataID_2
62,0,0,12,11,10,-1,1,18,0,0,0,0,0,0,0,0,0,526449280,0,0,0,0,0,0,0,0,0,0,0,0,0,0,0,0,0,0,0,0,0,0,0,0,0,3,0,0,0,0,0,0,0,0,0,235457,0,0
141,0,0,14,13,5,-1,1,404,0,0,0,0,0,0,0,0,0,531888768,0,0,0,0,0,0,0,0,0,0,0,0,0,0,0,0,0,0,0,0,0,0,0,0,0,3,0,0,0,0,0,0,0,0,0,235485,235484,235482
181,0,0,15,14,5,-1,1,168,0,0,0,0,0,0,0,0,0,120715264,136689664,154564608,170981376,188086272,204601344,221264512,238369408,254900864,270989952,288635520,305166976,322271872,338900992,0,0,0,0,0,0,0,0,0,0,0,0,3,0,0,0,0,0,0,0,0,0,235477,235476,235475
201,0,0,13,12,5,-1,1,168,0,0,0,0,0,0,0,0,0,71333888,88094720,104298496,121059328,138475520,155236352,171997184,188758016,204945408,221723264,238484096,255244928,272661120,289421952,305625728,322992768,339752960,318896128,0,0,0,0,0,0,0,0,3,0,0,0,0,0,0,0,0,0,235445,235444,235443
283,0,0,22,22,0,2,1,96,1752,0,0,0,0,0,0,0,0,127301632,0,0,0,0,0,0,0,0,0,0,0,0,0,0,0,0,0,0,0,0,0,0,0,0,0,3,0,0,0,0,0,0,0,0,0,0,0,0
284,0,0,25,25,0,2,1,96,1752,0,0,0,0,0,0,0,0,127956992,0,0,0,0,0,0,0,0,0,0,0,0,0,0,0,0,0,0,0,0,0,0,0,0,0,3,0,0,0,0,0,0,0,0,0,0,0,0
285,0,0,23,23,0,2,1,96,1752,0,0,0,0,0,0,0,0,127072256,0,0,0,0,0,0,0,0,0,0,0,0,0,0,0,0,0,0,0,0,0,0,0,0,0,3,0,0,0,0,0,0,0,0,0,0,0,0
301,0,0,6,4,0,0,3,2,0,0,0,0,0,0,0,0,0,536855424,0,0,0,0,0,0,0,0,0,0,0,0,0,0,0,0,0,0,0,0,0,0,0,0,0,3,0,0,0,0,0,0,0,0,0,235458,0,0
321,0,0,17,16,5,-1,1,168,0,0,0,0,0,0,0,0,0,92469248,110131200,126220288,142735360,159823872,176420864,193034240,210106368,226704000,243300992,260389504,276970112,294075008,310672000,327318144,344406656,0,0,0,0,0,0,0,0,0,0,3,0,0,0,0,0,0,0,0,0,235465,235464,235463
324,0,0,16,15,5,-1,1,337,0,0,0,0,0,0,0,0,0,529824384,0,0,0,0,0,0,0,0,0,0,0,0,0,0,0,0,0,0,0,0,0,0,0,0,0,3,0,0,0,0,0,0,0,0,0,235462,235461,235460
327,0,0,18,17,5,-1,1,336,0,0,0,0,0,0,0,0,0,101104000,118749568,135346560,151386496,169048448,184924160,201684992,218544128,235207296,252967552,269499008,285555328,303315584,319224448,335936128,353450624,369588864,386202240,403749504,0,0,0,0,0,0,0,3,0,0,0,0,0,0,0,0,0,235471,235470,235469
335,0,0,9,9,5,-1,1,120,0,0,0,0,0,0,0,0,0,0,0,0,0,0,0,0,0,0,0,0,0,0,0,0,0,0,0,0,0,0,0,0,0,0,0,3,0,0,0,0,0,0,0,0,0,235468,235467,235466
341,0,0,11,10,5,-1,1,336,0,0,0,0,0,0,0,0,0,525679232,0,0,0,0,0,0,0,0,0,0,0,0,0,0,0,0,0,0,0,0,0,0,0,0,0,3,0,0,0,0,0,0,0,0,0,235474,235473,235472
353,0,0,24,24,0,2,1,96,1752,0,0,0,0,0,0,0,0,127186944,0,0,0,0,0,0,0,0,0,0,0,0,0,0,0,0,0,0,0,0,0,0,0,0,0,3,0,0,0,0,0,0,0,0,0,0,0,0
372,0,0,7,8,6,-1,1,168,384,0,0,0,0,0,0,0,0,528693888,0,0,0,0,0,0,0,0,0,0,0,0,0,0,0,0,0,0,0,0,0,0,0,0,0,0,3,0,0,0,0,0,0,0,0,235442,235441,235440
398,0,0,21,21,5,-1,1,24,0,0,0,0,0,0,0,0,0,528792192,0,0,0,0,0,0,0,0,0,0,0,0,0,0,0,0,0,0,0,0,0,0,0,0,0,3,0,0,0,0,0,0,0,0,0,235481,0,0
400,0,0,41,41,0,2,1,96,1752,0,0,0,0,0,0,0,0,128071680,0,0,0,0,0,0,0,0,0,0,0,0,0,0,0,0,0,0,0,0,0,0,0,0,0,3,0,0,0,0,0,0,0,0,0,0,0,0
404,0,0,101,101,5,-1,1,167,0,0,0,0,0,0,0,0,0,161839168,178600000,195360832,212105280,228997760,245758592,262519424,279263872,296024704,312785536,329661056,346405504,0,0,0,0,0,0,0,0,0,0,0,0,0,0,3,0,0,0,0,0,0,0,0,0,235465,235464,235463
406,0,0,61,61,0,-1,0,0,0,0,0,0,0,0,0,0,0,144914432,0,0,0,0,0,0,0,0,0,0,0,0,0,0,0,0,0,0,0,0,0,0,0,0,0,3,0,0,0,0,0,0,0,0,0,249163,0,0
409,1999,0,81,81,10,-1,1,48,0,0,0,0,0,0,0,0,0,530594432,0,0,0,0,0,0,0,0,0,0,0,0,0,0,0,0,0,0,0,0,0,0,0,0,0,3,0,0,0,0,0,0,0,0,0,307365,840589,307364
420,0,0,121,121,0,2,1,96,1752,0,0,0,0,0,0,0,0,128186368,0,0,0,0,0,0,0,0,0,0,0,0,0,0,0,0,0,0,0,0,0,0,0,0,0,3,0,0,0,0,0,0,0,0,0,0,0,0
423,0,0,9,9,5,-1,1,336,0,0,0,0,0,0,0,0,0,168933376,185694208,202455040,219314176,236092032,252738176,269728384,286374528,303069824,320010880,336721920,0,0,0,0,0,0,0,0,0,0,0,0,0,0,0,3,0,0,0,0,0,0,0,0,0,235468,235467,235466
424,0,0,161,161,0,0,1,1,0,0,0,0,0,0,0,0,0,100660096,0,0,0,0,0,0,0,0,0,0,0,0,0,0,0,0,0,0,0,0,0,0,0,0,0,3,0,0,0,0,0,0,0,0,0,235458,0,0
435,0,0,162,162,0,2,1,96,1752,0,0,0,0,0,0,0,0,128301056,0,0,0,0,0,0,0,0,0,0,0,0,0,0,0,0,0,0,0,0,0,0,0,0,0,3,0,0,0,0,0,0,0,0,0,0,0,0
436,0,0,163,163,0,2,1,96,1752,0,0,0,0,0,0,0,0,128415744,0,0,0,0,0,0,0,0,0,0,0,0,0,0,0,0,0,0,0,0,0,0,0,0,0,3,0,0,0,0,0,0,0,0,0,0,0,0
442,0,1,165,165,0,2,1,168,168,0,0,0,0,0,0,0,0,0,0,0,0,0,0,0,0,0,0,0,0,0,0,0,0,0,0,0,0,0,0,0,0,0,0,3,0,0,0,0,0,0,0,0,0,0,0,0
443,0,0,166,166,0,2,1,168,336,0,0,0,0,0,0,0,0,0,0,0,0,0,0,0,0,0,0,0,0,0,0,0,0,0,0,0,0,0,0,0,0,0,0,3,0,0,0,0,0,0,0,0,0,0,0,0
467,0,0,203,188,0,-1,1,336,0,0,0,0,0,0,0,0,0,195360768,0,0,0,0,0,0,0,0,0,0,0,0,0,0,0,0,0,0,0,0,0,0,0,0,0,3,0,0,0,0,0,0,0,0,0,0,0,0
479,0,0,1,201,1,1,1,48,168,0,0,0,0,0,0,0,0,336050176,337049600,338737152,339752960,340867072,341882880,342341632,343996416,345012224,345470976,325138432,326137856,327251968,328267776,329267200,329725952,335591424,347142144,0,0,0,0,0,0,0,0,0,3,0,0,0,0,0,0,0,0,235448,235447,235446
484,0,0,220,188,0,-1,1,336,0,0,0,0,0,0,0,0,0,212105216,0,0,0,0,0,0,0,0,0,0,0,0,0,0,0,0,0,0,0,0,0,0,0,0,0,3,0,0,0,0,0,0,0,0,0,0,0,0
488,0,0,222,204,0,2,1,96,1752,0,0,0,0,0,0,0,0,129087488,0,0,0,0,0,0,0,0,0,0,0,0,0,0,0,0,0,0,0,0,0,0,0,0,0,3,0,0,0,0,0,0,0,0,0,0,0,0
489,0,0,223,205,0,2,1,96,1752,0,0,0,0,0,0,0,0,129202176,0,0,0,0,0,0,0,0,0,0,0,0,0,0,0,0,0,0,0,0,0,0,0,0,0,3,0,0,0,0,0,0,0,0,0,0,0,0
490,0,0,22,22,0,2,1,72,1776,0,0,0,0,0,0,0,0,129038336,0,0,0,0,0,0,0,0,0,0,0,0,0,0,0,0,0,0,0,0,0,0,0,0,0,3,0,0,0,0,0,0,0,0,0,0,0,0
491,0,0,23,23,0,2,1,72,1776,0,0,0,0,0,0,0,0,128251904,0,0,0,0,0,0,0,0,0,0,0,0,0,0,0,0,0,0,0,0,0,0,0,0,0,3,0,0,0,0,0,0,0,0,0,0,0,0
492,0,0,24,24,0,2,1,72,1776,0,0,0,0,0,0,0,0,128366592,0,0,0,0,0,0,0,0,0,0,0,0,0,0,0,0,0,0,0,0,0,0,0,0,0,3,0,0,0,0,0,0,0,0,0,0,0,0
493,0,0,121,121,0,2,1,72,1776,0,0,0,0,0,0,0,0,129382400,0,0,0,0,0,0,0,0,0,0,0,0,0,0,0,0,0,0,0,0,0,0,0,0,0,3,0,0,0,0,0,0,0,0,0,0,0,0
494,0,0,222,204,0,2,1,72,1776,0,0,0,0,0,0,0,0,127367168,0,0,0,0,0,0,0,0,0,0,0,0,0,0,0,0,0,0,0,0,0,0,0,0,0,3,0,0,0,0,0,0,0,0,0,0,0,0
495,0,0,41,41,0,2,1,72,1776,0,0,0,0,0,0,0,0,129267712,0,0,0,0,0,0,0,0,0,0,0,0,0,0,0,0,0,0,0,0,0,0,0,0,0,3,0,0,0,0,0,0,0,0,0,0,0,0
496,0,0,223,205,0,2,1,72,1776,0,0,0,0,0,0,0,0,128022528,0,0,0,0,0,0,0,0,0,0,0,0,0,0,0,0,0,0,0,0,0,0,0,0,0,3,0,0,0,0,0,0,0,0,0,0,0,0
497,0,0,162,162,0,2,1,72,1776,0,0,0,0,0,0,0,0,127137792,0,0,0,0,0,0,0,0,0,0,0,0,0,0,0,0,0,0,0,0,0,0,0,0,0,3,0,0,0,0,0,0,0,0,0,0,0,0
498,0,0,163,163,0,2,1,72,1776,0,0,0,0,0,0,0,0,127252480,0,0,0,0,0,0,0,0,0,0,0,0,0,0,0,0,0,0,0,0,0,0,0,0,0,3,0,0,0,0,0,0,0,0,0,0,0,0
499,0,0,25,25,0,2,1,72,1776,0,0,0,0,0,0,0,0,129153024,0,0,0,0,0,0,0,0,0,0,0,0,0,0,0,0,0,0,0,0,0,0,0,0,0,3,0,0,0,0,0,0,0,0,0,0,0,0
507,0,0,0,0,0,-1,0,1,0,0,0,0,0,0,0,0,0,536855872,536856000,0,0,0,0,0,0,0,0,0,0,0,0,0,0,0,0,0,0,0,0,0,0,0,0,3,0,0,0,0,0,0,0,0,0,0,0,0
508,0,0,0,0,0,-1,0,7,0,0,0,0,0,0,0,0,0,536855552,0,0,0,0,0,0,0,0,0,0,0,0,0,0,0,0,0,0,0,0,0,0,0,0,0,3,0,0,0,0,0,0,0,0,0,0,0,0
509,0,0,229,188,0,-1,1,336,0,0,0,0,0,0,0,0,0,228883072,0,0,0,0,0,0,0,0,0,0,0,0,0,0,0,0,0,0,0,0,0,0,0,0,0,3,0,0,0,0,0,0,0,0,0,0,0,0
514,0,0,231,188,0,-1,1,168,0,0,0,0,0,0,0,0,0,251755136,0,0,0,0,0,0,0,0,0,0,0,0,0,0,0,0,0,0,0,0,0,0,0,0,0,3,0,0,0,0,0,0,0,0,0,1084434,1084433,1084432
515,0,0,230,215,0,2,1,96,1752,0,0,0,0,0,0,0,0,129316864,0,0,0,0,0,0,0,0,0,0,0,0,0,0,0,0,0,0,0,0,0,0,0,0,0,3,0,0,0,0,0,0,0,0,0,0,0,0
516,0,0,230,215,0,2,1,72,1776,0,0,0,0,0,0,0,0,128137216,0,0,0,0,0,0,0,0,0,0,0,0,0,0,0,0,0,0,0,0,0,0,0,0,0,3,0,0,0,0,0,0,0,0,0,0,0,0
517,0,0,0,0,0,-1,0,7,0,0,0,0,0,0,0,0,0,536855680,0,0,0,0,0,0,0,0,0,0,0,0,0,0,0,0,0,0,0,0,0,0,0,0,0,3,0,0,0,0,0,0,0,0,0,0,0,0
518,0,0,0,0,0,-1,0,1,0,0,0,0,0,0,0,0,0,536855744,536855894,0,0,0,0,0,0,0,0,0,0,0,0,0,0,0,0,0,0,0,0,0,0,0,0,3,0,0,0,0,0,0,0,0,0,0,0,0
519,0,0,0,0,0,-1,0,1,0,0,0,0,0,0,0,0,0,536855808,536855936,0,0,0,0,0,0,0,0,0,0,0,0,0,0,0,0,0,0,0,0,0,0,0,0,3,0,0,0,0,0,0,0,0,0,0,0,0
559,961,0,239,222,0,0,13,165,0,0,0,0,0,0,0,0,0,320125376,324303360,328563200,336886208,341162496,345307648,0,0,0,0,0,0,0,0,0,0,0,0,0,0,0,0,0,0,0,0,3,0,0,0,0,0,0,0,0,0,1129674,1129673,1129672
560,961,0,240,223,0,0,1,165,0,0,0,0,0,0,0,0,0,274135552,275921408,0,0,0,0,0,0,0,0,0,0,0,0,0,0,0,0,0,0,0,0,0,0,0,0,3,0,0,0,0,0,0,0,0,0,1129668,1129667,1129666
561,961,0,238,221,0,0,13,165,0,0,0,0,0,0,0,0,0,318896576,320240064,322173440,324073984,325433856,327318016,328677888,330578368,336656832,338033088,339933696,341277184,343177728,345078272,346421696,0,0,0,0,0,0,0,0,0,0,0,3,0,0,0,0,0,0,0,0,0,1129680,1129679,1129678
562,961,0,237,220,0,0,13,165,0,0,0,0,0,0,0,0,0,321059328,325319168,329447872,337918464,341277184,346307008,0,0,0,0,0,0,0,0,0,0,0,0,0,0,0,0,0,0,0,0,3,0,0,0,0,0,0,0,0,0,1129686,1129685,1129684
563,961,0,236,219,0,0,13,165,0,0,0,0,0,0,0,0,0,319240640,321174016,323074560,324418048,326318592,328219136,329562560,335657408,337000896,338917888,340818432,342178304,344062464,345422336,347322816,0,0,0,0,0,0,0,0,0,0,0,3,0,0,0,0,0,0,0,0,0,1129671,1129670,1129669
564,961,0,235,218,0,0,1,165,0,0,0,0,0,0,0,0,0,274807296,276036096,0,0,0,0,0,0,0,0,0,0,0,0,0,0,0,0,0,0,0,0,0,0,0,0,3,0,0,0,0,0,0,0,0,0,1129683,1129682,1129681
565,961,0,234,217,0,0,13,165,0,0,0,0,0,0,0,0,0,320010688,321944064,323303936,325204480,326547968,328448512,330348992,335886784,337803776,339147264,341047808,342948352,344291840,346192320,347552192,0,0,0,0,0,0,0,0,0,0,0,3,0,0,0,0,0,0,0,0,0,1129677,1129676,1129675
566,0,0,233,188,0,-1,1,336,0,0,0,0,0,0,0,0,0,262404736,0,0,0,0,0,0,0,0,0,0,0,0,0,0,0,0,0,0,0,0,0,0,0,0,0,3,0,0,0,0,0,0,0,0,0,1084434,1084433,1084432
587,961,0,239,224,0,0,13,165,0,0,0,0,0,0,0,0,0,318781888,322058752,326203904,330463680,338803200,343063040,347208128,0,0,0,0,0,0,0,0,0,0,0,0,0,0,0,0,0,0,341948928,3,0,0,0,0,0,0,0,0,0,1304688,1304687,1304686
589,0,0,241,188,0,-1,1,336,0,0,0,0,0,0,0,0,0,279181952,0,0,0,0,0,0,0,0,0,0,0,0,0,0,0,0,0,0,0,0,0,0,0,0,0,3,0,0,0,0,0,0,0,0,0,1084434,1084433,1084432
590,991,0,242,188,0,-1,3,1512,0,0,0,0,0,0,0,0,0,279181952,295959168,312736384,329366016,344996480,361773696,0,0,0,0,0,0,0,0,0,0,0,0,0,0,0,0,0,0,0,0,0,0,0,0,0,0,0,0,0,0,1084434,1084433,1084432
591,961,0,243,225,0,0,13,165,0,0,0,0,0,0,0,0,0,278280704,280181184,285718976,287652352,289552896,290896384,292796928,294697472,296040896,302135744,303479232,305412608,307313152,308673024,0,0,0,0,0,0,0,0,0,0,0,0,3,0,0,0,0,0,0,0,0,0,1467047,1467046,1467045
592,961,0,244,226,0,0,13,165,0,0,0,0,0,0,0,0,0,319011264,320944576,322288128,324188672,325548544,327432704,329333184,330693056,336771520,338147840,340048384,341948928,343292416,345192960,347093440,0,0,0,0,0,0,0,0,0,0,0,3,0,0,0,0,0,0,0,0,0,1467050,1467049,1467048
593,4,0,240,223,0,0,1,165,0,0,0,0,0,0,0,0,0,274152000,275937856,0,0,0,0,0,0,0,0,0,0,0,0,0,0,0,0,0,0,0,0,0,0,0,0,3,0,0,0,0,0,0,0,0,0,1129668,1129667,1129666
594,24,0,240,223,0,0,1,165,0,0,0,0,0,0,0,0,0,274168256,275954112,0,0,0,0,0,0,0,0,0,0,0,0,0,0,0,0,0,0,0,0,0,0,0,0,3,0,0,0,0,0,0,0,0,0,1129668,1129667,1129666
595,2,0,240,223,0,0,1,165,0,0,0,0,0,0,0,0,0,274168320,275954176,0,0,0,0,0,0,0,0,0,0,0,0,0,0,0,0,0,0,0,0,0,0,0,0,3,0,0,0,0,0,0,0,0,0,1129668,1129667,1129666
596,4,0,235,218,0,0,1,165,0,0,0,0,0,0,0,0,0,274823744,276052544,0,0,0,0,0,0,0,0,0,0,0,0,0,0,0,0,0,0,0,0,0,0,0,0,3,0,0,0,0,0,0,0,0,0,1129683,1129682,1129681
597,24,0,235,218,0,0,1,165,0,0,0,0,0,0,0,0,0,274840000,276068800,0,0,0,0,0,0,0,0,0,0,0,0,0,0,0,0,0,0,0,0,0,0,0,0,3,0,0,0,0,0,0,0,0,0,1129683,1129682,1129681
598,2,0,235,218,0,0,1,165,0,0,0,0,0,0,0,0,0,274840064,276068864,0,0,0,0,0,0,0,0,0,0,0,0,0,0,0,0,0,0,0,0,0,0,0,0,3,0,0,0,0,0,0,0,0,0,1129683,1129682,1129681
599,4,0,234,217,0,0,13,165,0,0,0,0,0,0,0,0,0,320027136,321960512,323320384,325220928,326564416,328464960,330365440,335903232,337820160,339163712,341064256,342964800,344308288,346208768,347568640,0,0,0,0,0,0,0,0,0,0,0,3,0,0,0,0,0,0,0,0,0,1129677,1129676,1129675
600,24,0,234,217,0,0,13,165,0,0,0,0,0,0,0,0,0,320043456,321976768,323336640,325237184,326580672,328481216,330381760,335919552,337836480,339179968,341080512,342981056,344324544,346225088,347584960,0,0,0,0,0,0,0,0,0,0,0,3,0,0,0,0,0,0,0,0,0,1129677,1129676,1129675
601,2,0,234,217,0,0,13,165,0,0,0,0,0,0,0,0,0,320043520,321976832,323336704,325237248,326580736,328481280,330381824,335919616,337836544,339180032,341080576,342981120,344324608,346225152,347585024,0,0,0,0,0,0,0,0,0,0,0,3,0,0,0,0,0,0,0,0,0,1129677,1129676,1129675
602,4,0,236,219,0,0,13,165,0,0,0,0,0,0,0,0,0,319257088,321190400,323091008,324434496,326335040,328235584,329579008,335673856,337017344,338934336,340834880,342194752,344078912,345438720,347339264,0,0,0,0,0,0,0,0,0,0,0,3,0,0,0,0,0,0,0,0,0,1129671,1129670,1129669
603,24,0,236,219,0,0,13,165,0,0,0,0,0,0,0,0,0,319273408,321206720,323107264,324450752,326351296,328251840,329595328,335690176,337033664,338950592,340851136,342211008,344095168,345455040,347355584,0,0,0,0,0,0,0,0,0,0,0,3,0,0,0,0,0,0,0,0,0,1129671,1129670,1129669
604,2,0,236,219,0,0,13,165,0,0,0,0,0,0,0,0,0,319273472,321206784,323107328,324450816,326351360,328251904,329595392,335690240,337033728,338950656,340851200,342211072,344095232,345455104,347355648,0,0,0,0,0,0,0,0,0,0,0,3,0,0,0,0,0,0,0,0,0,1129671,1129670,1129669
605,4,0,243,225,0,0,13,165,0,0,0,0,0,0,0,0,0,278297152,280197632,286276096,287668736,289569344,290912832,292813376,294713920,296057344,302152192,303495680,305429056,307329600,308689472,0,0,0,0,0,0,0,0,0,0,0,0,3,0,0,0,0,0,0,0,0,0,1467047,1467046,1467045
606,24,0,243,225,0,0,13,165,0,0,0,0,0,0,0,0,0,278313408,280213952,286292416,287685056,289585600,290929088,292829632,294730176,296073664,302168512,304101824,305445312,307345856,308705728,0,0,0,0,0,0,0,0,0,0,0,0,3,0,0,0,0,0,0,0,0,0,1467047,1467046,1467045
607,2,0,243,225,0,0,13,165,0,0,0,0,0,0,0,0,0,278313472,280214016,286292480,287685120,289585664,290929152,292829696,294730240,296073728,302168576,304101888,305445376,307345920,308705792,0,0,0,0,0,0,0,0,0,0,0,0,3,0,0,0,0,0,0,0,0,0,1467047,1467046,1467045
610,4,0,238,221,0,0,13,165,0,0,0,0,0,0,0,0,0,318913024,320256512,322189888,324090432,325450304,327334464,328694272,330594816,336673280,338049536,339950144,341850688,343210560,345094720,346438144,0,0,0,0,0,0,0,0,0,0,0,3,0,0,0,0,0,0,0,0,0,1129680,1129679,1129678
611,24,0,238,221,0,0,13,165,0,0,0,0,0,0,0,0,0,318929344,320272832,322206144,324106688,325466560,327350720,328710592,330611136,336689600,338065856,339966400,341866944,343210432,345110976,346454464,0,0,0,0,0,0,0,0,0,0,0,3,0,0,0,0,0,0,0,0,0,1129680,1129679,1129678
612,2,0,238,221,0,0,13,165,0,0,0,0,0,0,0,0,0,318929408,320272896,322206208,324106752,325466624,327350784,328710656,330611200,336689664,338065920,339966464,341867008,343210496,345111040,346454528,0,0,0,0,0,0,0,0,0,0,0,3,0,0,0,0,0,0,0,0,0,1129680,1129679,1129678
613,4,0,244,226,0,0,13,165,0,0,0,0,0,0,0,0,0,319027712,320961024,322304576,324205120,325564992,327449152,329349632,330709504,336787968,338704960,340064832,341965376,343308864,345209408,347109888,0,0,0,0,0,0,0,0,0,0,0,3,0,0,0,0,0,0,0,0,0,1467050,1467049,1467048
614,24,0,244,226,0,0,13,165,0,0,0,0,0,0,0,0,0,319044032,320977344,322320832,324221376,326121920,327465408,329365952,330725824,336804288,338721216,340081088,341981632,343325120,345225664,347126208,0,0,0,0,0,0,0,0,0,0,0,3,0,0,0,0,0,0,0,0,0,1467050,1467049,1467048
615,2,0,244,226,0,0,13,165,0,0,0,0,0,0,0,0,0,319044096,320977408,322320896,324221440,326121984,327465472,329366016,330725888,336804352,338721280,340081152,341981696,343325184,345225728,347126272,0,0,0,0,0,0,0,0,0,0,0,3,0,0,0,0,0,0,0,0,0,1467050,1467049,1467048
616,4,0,237,220,0,0,13,165,0,0,0,0,0,0,0,0,0,321075712,325335616,329464320,337934848,341850688,346323456,0,0,0,0,0,0,0,0,0,0,0,0,0,0,0,0,0,0,0,0,3,0,0,0,0,0,0,0,0,0,1129686,1129685,1129684
617,24,0,237,220,0,0,13,165,0,0,0,0,0,0,0,0,0,321092032,325351872,329480640,337951168,341866944,346339776,0,0,0,0,0,0,0,0,0,0,0,0,0,0,0,0,0,0,0,0,3,0,0,0,0,0,0,0,0,0,1129686,1129685,1129684
618,2,0,237,220,0,0,13,165,0,0,0,0,0,0,0,0,0,321092096,325351936,329480704,337951232,341867008,346339840,0,0,0,0,0,0,0,0,0,0,0,0,0,0,0,0,0,0,0,0,3,0,0,0,0,0,0,0,0,0,1129686,1129685,1129684
622,4,0,239,222,0,0,13,165,0,0,0,0,0,0,0,0,0,320141824,324319808,328579648,336902656,341178944,345324096,0,0,0,0,0,0,0,0,0,0,0,0,0,0,0,0,0,0,0,0,3,0,0,0,0,0,0,0,0,0,1129674,1129673,1129672
623,24,0,239,222,0,0,13,165,0,0,0,0,0,0,0,0,0,320158144,324336064,328595904,336918976,341195200,345340352,0,0,0,0,0,0,0,0,0,0,0,0,0,0,0,0,0,0,0,0,3,0,0,0,0,0,0,0,0,0,1129674,1129673,1129672
624,2,0,239,222,0,0,13,165,0,0,0,0,0,0,0,0,0,320158208,324336128,328595968,336919040,341195264,345340416,0,0,0,0,0,0,0,0,0,0,0,0,0,0,0,0,0,0,0,0,3,0,0,0,0,0,0,0,0,0,1129674,1129673,1129672
628,4,0,239,224,0,0,13,165,0,0,0,0,0,0,0,0,0,318798336,322075200,326220352,330480128,338819648,343063104,347224576,0,0,0,0,0,0,0,0,0,0,0,0,0,0,0,0,0,0,341965376,3,0,0,0,0,0,0,0,0,0,1304688,1304687,1304686
629,24,0,239,224,0,0,13,165,0,0,0,0,0,0,0,0,0,318814656,322091456,326236608,330496448,338835904,343095744,347240896,0,0,0,0,0,0,0,0,0,0,0,0,0,0,0,0,0,0,341981632,3,0,0,0,0,0,0,0,0,0,1304688,1304687,1304686
630,2,0,239,224,0,0,13,165,0,0,0,0,0,0,0,0,0,318814720,322091520,326236672,330496512,338835968,343095808,347240960,0,0,0,0,0,0,0,0,0,0,0,0,0,0,0,0,0,0,341981696,3,0,0,0,0,0,0,0,0,0,1304688,1304687,1304686
634,0,0,245,230,10,-1,1,24,0,0,0,0,0,0,0,0,0,521517056,0,0,0,0,0,0,0,0,0,0,0,0,0,0,0,0,0,0,0,0,0,0,0,0,0,3,0,0,0,0,0,0,0,0,0,1574966,0,0
635,0,0,246,227,10,-1,1,24,0,0,0,0,0,0,0,0,0,523696128,0,0,0,0,0,0,0,0,0,0,0,0,0,0,0,0,0,0,0,0,0,0,0,0,0,3,0,0,0,0,0,0,0,0,0,1572479,0,0
636,2047,0,247,228,0,-1,3,168,0,0,0,0,0,0,0,0,0,285276160,0,0,0,0,0,0,0,0,0,0,0,0,0,0,0,0,0,0,0,0,0,0,0,0,0,3,0,0,0,0,0,0,0,0,0,0,0,0
637,2047,0,247,0,0,-1,3,24,0,0,0,0,0,0,0,0,0,285276160,0,0,0,0,0,0,0,0,0,0,0,0,0,0,0,0,0,0,0,0,0,0,0,0,0,0,0,0,0,0,0,0,0,0,0,0,0,0
638,0,0,248,229,10,-1,1,72,0,0,0,0,0,0,0,0,0,520435712,0,0,0,0,0,0,0,0,0,0,0,0,0,0,0,0,0,0,0,0,0,0,0,0,0,3,0,0,0,0,0,0,0,0,0,1574965,1574964,1574963
642,0,0,249,231,10,-1,1,72,0,0,0,0,0,0,0,0,0,525432832,0,0,0,0,0,0,0,0,0,0,0,0,0,0,0,0,0,0,0,0,0,0,0,0,0,3,0,0,0,0,0,0,0,0,0,1572478,1572477,1572476
643,961,0,239,237,0,0,13,165,0,0,0,0,0,0,0,0,0,319125952,322402816,327203328,330807744,339819008,343947776,0,0,0,0,0,0,0,0,0,0,0,0,0,0,0,0,0,0,0,342063616,3,0,0,0,0,0,0,0,0,0,1530590,1530589,1530588
644,0,0,250,232,10,-1,1,72,0,0,0,0,0,0,0,0,0,522467328,0,0,0,0,0,0,0,0,0,0,0,0,0,0,0,0,0,0,0,0,0,0,0,0,0,3,0,0,0,0,0,0,0,0,0,1574970,1574969,1580529
645,0,0,251,233,10,-1,1,72,0,0,0,0,0,0,0,0,0,524449792,0,0,0,0,0,0,0,0,0,0,0,0,0,0,0,0,0,0,0,0,0,0,0,0,0,3,0,0,0,0,0,0,0,0,0,1572475,1572474,1572473
646,0,0,252,234,10,-1,1,24,0,0,0,0,0,0,0,0,0,520599552,526891008,0,0,0,0,0,0,0,0,0,0,0,0,0,0,0,0,0,0,0,0,0,0,0,0,3,0,0,0,0,0,0,0,0,0,1574967,0,0
647,0,0,253,235,10,-1,1,24,0,0,0,0,0,0,0,0,0,523319296,0,0,0,0,0,0,0,0,0,0,0,0,0,0,0,0,0,0,0,0,0,0,0,0,0,3,0,0,0,0,0,0,0,0,0,1572472,0,0
648,0,0,254,236,10,-1,1,24,0,0,0,0,0,0,0,0,0,524728320,0,0,0,0,0,0,0,0,0,0,0,0,0,0,0,0,0,0,0,0,0,0,0,0,0,3,0,0,0,0,0,0,0,0,0,1572471,0,0
650,2047,0,0,0,0,0,3,168,168,168,168,168,168,168,168,168,0,278280640,0,0,0,0,0,0,0,0,0,0,0,0,0,0,0,0,0,0,0,0,0,0,0,0,0,0,0,0,0,0,0,0,0,0,0,0,0,0
651,961,0,0,0,0,0,13,189,0,0,0,0,0,0,0,0,0,319125952,322402816,327203328,330807744,339819008,343947776,0,0,0,0,0,0,0,0,0,0,0,0,0,0,0,0,0,0,0,342063616,3,0,0,0,0,0,0,0,0,0,0,0,0
652,4,0,239,237,0,0,13,165,0,0,0,0,0,0,0,0,0,319142400,322976320,327219776,335559168,339835456,343964224,0,0,0,0,0,0,0,0,0,0,0,0,0,0,0,0,0,0,0,342080064,3,0,0,0,0,0,0,0,0,0,1530590,1530589,1530588
653,4,0,0,0,0,0,13,189,0,0,0,0,0,0,0,0,0,319142400,322976320,327219776,335559168,339835456,343964224,0,0,0,0,0,0,0,0,0,0,0,0,0,0,0,0,0,0,0,342080064,3,0,0,0,0,0,0,0,0,0,0,0,0
654,24,0,239,237,0,0,13,165,0,0,0,0,0,0,0,0,0,319158720,322992576,327236032,335575488,339851712,343980480,0,0,0,0,0,0,0,0,0,0,0,0,0,0,0,0,0,0,0,342096320,3,0,0,0,0,0,0,0,0,0,1530590,1530589,1530588
655,24,0,0,0,0,0,13,189,0,0,0,0,0,0,0,0,0,319158720,322992576,327236032,335575488,339851712,343980480,0,0,0,0,0,0,0,0,0,0,0,0,0,0,0,0,0,0,0,342096320,3,0,0,0,0,0,0,0,0,0,0,0,0
656,2,0,239,237,0,0,13,165,0,0,0,0,0,0,0,0,0,319158784,322992640,327236096,335575552,339851776,343980544,0,0,0,0,0,0,0,0,0,0,0,0,0,0,0,0,0,0,0,342096384,3,0,0,0,0,0,0,0,0,0,1530590,1530589,1530588
657,2,0,0,0,0,0,13,189,0,0,0,0,0,0,0,0,0,319158784,322992640,327236096,335575552,339851776,343980544,0,0,0,0,0,0,0,0,0,0,0,0,0,0,0,0,0,0,0,342096384,3,0,0,0,0,0,0,0,0,0,0,0,0
658,0,0,5,2,3,-1,1,12,0,0,0,0,0,0,0,0,0,532135040,0,0,0,0,0,0,0,0,0,0,0,0,0,0,0,0,0,0,0,0,0,0,0,0,0,3,0,0,0,0,0,0,0,0,0,235457,0,0
659,1856,1,255,239,0,2,13,168,2856,0,0,0,0,0,0,0,0,339933696,0,0,0,0,0,0,0,0,0,0,0,0,0,0,0,0,0,0,0,0,0,0,0,0,0,3,0,0,0,0,0,0,0,0,0,1616334,0,0
660,1856,1,256,238,0,2,13,168,2856,0,0,0,0,0,0,0,0,337689088,0,0,0,0,0,0,0,0,0,0,0,0,0,0,0,0,0,0,0,0,0,0,0,0,0,3,0,0,0,0,0,0,0,0,0,1616334,0,0
661,1984,1,277,240,0,2,13,168,2856,0,0,0,0,0,0,0,0,0,0,0,0,0,0,0,0,0,0,0,0,0,0,0,0,0,0,0,0,0,0,0,0,0,0,3,0,0,0,0,0,0,0,0,0,1616334,0,0
662,1,1,256,238,0,2,13,168,2856,0,0,0,0,0,0,0,0,337689088,0,0,0,0,0,0,0,0,0,0,0,0,0,0,0,0,0,0,0,0,0,0,0,0,0,3,0,0,0,0,0,0,0,0,0,1616334,0,0
663,1,1,255,239,0,2,13,168,2856,0,0,0,0,0,0,0,0,339933696,0,0,0,0,0,0,0,0,0,0,0,0,0,0,0,0,0,0,0,0,0,0,0,0,0,3,0,0,0,0,0,0,0,0,0,1616334,0,0
664,1,1,257,240,0,2,13,168,2856,0,0,0,0,0,0,0,0,335886848,0,0,0,0,0,0,0,0,0,0,0,0,0,0,0,0,0,0,0,0,0,0,0,0,0,3,0,0,0,0,0,0,0,0,0,1616334,0,0
665,1,1,263,240,0,2,13,168,2856,0,0,0,0,0,0,0,0,0,0,0,0,0,0,0,0,0,0,0,0,0,0,0,0,0,0,0,0,0,0,0,0,0,0,3,0,0,0,0,0,0,0,0,0,1616334,0,0
666,1,1,262,240,0,2,13,168,2856,0,0,0,0,0,0,0,0,339147264,0,0,0,0,0,0,0,0,0,0,0,0,0,0,0,0,0,0,0,0,0,0,0,0,0,3,0,0,0,0,0,0,0,0,0,1616334,0,0
667,1,1,265,240,0,2,13,168,2856,0,0,0,0,0,0,0,0,337918464,0,0,0,0,0,0,0,0,0,0,0,0,0,0,0,0,0,0,0,0,0,0,0,0,0,3,0,0,0,0,0,0,0,0,0,1616334,0,0
668,1,1,264,240,0,2,15,168,2856,0,0,0,0,0,0,0,0,0,0,0,0,0,0,0,0,0,0,0,0,0,0,0,0,0,0,0,0,0,0,0,0,0,0,3,0,0,0,0,0,0,0,0,0,1616334,0,0
669,4,1,256,238,0,2,13,168,2856,0,0,0,0,0,0,0,0,337705472,0,0,0,0,0,0,0,0,0,0,0,0,0,0,0,0,0,0,0,0,0,0,0,0,0,3,0,0,0,0,0,0,0,0,0,1616334,0,0
670,4,1,255,239,0,2,13,168,2856,0,0,0,0,0,0,0,0,339950080,0,0,0,0,0,0,0,0,0,0,0,0,0,0,0,0,0,0,0,0,0,0,0,0,0,3,0,0,0,0,0,0,0,0,0,1616334,0,0
671,4,1,257,240,0,2,13,168,2856,0,0,0,0,0,0,0,0,335903232,0,0,0,0,0,0,0,0,0,0,0,0,0,0,0,0,0,0,0,0,0,0,0,0,0,3,0,0,0,0,0,0,0,0,0,1616334,0,0
672,4,1,263,240,0,2,13,168,2856,0,0,0,0,0,0,0,0,0,0,0,0,0,0,0,0,0,0,0,0,0,0,0,0,0,0,0,0,0,0,0,0,0,0,3,0,0,0,0,0,0,0,0,0,1616334,0,0
673,4,1,262,240,0,2,13,168,2856,0,0,0,0,0,0,0,0,339163648,0,0,0,0,0,0,0,0,0,0,0,0,0,0,0,0,0,0,0,0,0,0,0,0,0,3,0,0,0,0,0,0,0,0,0,1616334,0,0
674,4,1,265,240,0,2,13,168,2856,0,0,0,0,0,0,0,0,337934848,0,0,0,0,0,0,0,0,0,0,0,0,0,0,0,0,0,0,0,0,0,0,0,0,0,3,0,0,0,0,0,0,0,0,0,1616334,0,0
675,4,1,264,240,0,2,15,168,2856,0,0,0,0,0,0,0,0,0,0,0,0,0,0,0,0,0,0,0,0,0,0,0,0,0,0,0,0,0,0,0,0,0,0,3,0,0,0,0,0,0,0,0,0,1616334,0,0
676,24,1,256,238,0,2,13,168,2856,0,0,0,0,0,0,0,0,337721856,0,0,0,0,0,0,0,0,0,0,0,0,0,0,0,0,0,0,0,0,0,0,0,0,0,3,0,0,0,0,0,0,0,0,0,1616334,0,0
677,24,1,255,239,0,2,13,168,2856,0,0,0,0,0,0,0,0,339966464,0,0,0,0,0,0,0,0,0,0,0,0,0,0,0,0,0,0,0,0,0,0,0,0,0,3,0,0,0,0,0,0,0,0,0,1616334,0,0
678,24,1,257,240,0,2,13,168,2856,0,0,0,0,0,0,0,0,335919616,0,0,0,0,0,0,0,0,0,0,0,0,0,0,0,0,0,0,0,0,0,0,0,0,0,3,0,0,0,0,0,0,0,0,0,1616334,0,0
679,24,1,263,240,0,2,13,168,2856,0,0,0,0,0,0,0,0,0,0,0,0,0,0,0,0,0,0,0,0,0,0,0,0,0,0,0,0,0,0,0,0,0,0,3,0,0,0,0,0,0,0,0,0,1616334,0,0
680,24,1,262,240,0,2,13,168,2856,0,0,0,0,0,0,0,0,339180032,0,0,0,0,0,0,0,0,0,0,0,0,0,0,0,0,0,0,0,0,0,0,0,0,0,3,0,0,0,0,0,0,0,0,0,1616334,0,0
681,24,1,265,240,0,2,13,168,2856,0,0,0,0,0,0,0,0,337951232,0,0,0,0,0,0,0,0,0,0,0,0,0,0,0,0,0,0,0,0,0,0,0,0,0,3,0,0,0,0,0,0,0,0,0,1616334,0,0
682,24,1,264,240,0,2,15,168,2856,0,0,0,0,0,0,0,0,0,0,0,0,0,0,0,0,0,0,0,0,0,0,0,0,0,0,0,0,0,0,0,0,0,0,3,0,0,0,0,0,0,0,0,0,1616334,0,0
683,2,1,256,238,0,2,13,168,2856,0,0,0,0,0,0,0,0,337721856,0,0,0,0,0,0,0,0,0,0,0,0,0,0,0,0,0,0,0,0,0,0,0,0,0,3,0,0,0,0,0,0,0,0,0,1616334,0,0
684,2,1,255,239,0,2,13,168,2856,0,0,0,0,0,0,0,0,339966464,0,0,0,0,0,0,0,0,0,0,0,0,0,0,0,0,0,0,0,0,0,0,0,0,0,3,0,0,0,0,0,0,0,0,0,1616334,0,0
685,2,1,257,240,0,2,13,168,2856,0,0,0,0,0,0,0,0,335919616,0,0,0,0,0,0,0,0,0,0,0,0,0,0,0,0,0,0,0,0,0,0,0,0,0,3,0,0,0,0,0,0,0,0,0,1616334,0,0
686,2,1,263,240,0,2,13,168,2856,0,0,0,0,0,0,0,0,0,0,0,0,0,0,0,0,0,0,0,0,0,0,0,0,0,0,0,0,0,0,0,0,0,0,3,0,0,0,0,0,0,0,0,0,1616334,0,0
687,2,1,262,240,0,2,13,168,2856,0,0,0,0,0,0,0,0,339180032,0,0,0,0,0,0,0,0,0,0,0,0,0,0,0,0,0,0,0,0,0,0,0,0,0,3,0,0,0,0,0,0,0,0,0,1616334,0,0
688,2,1,265,240,0,2,13,168,2856,0,0,0,0,0,0,0,0,337951232,0,0,0,0,0,0,0,0,0,0,0,0,0,0,0,0,0,0,0,0,0,0,0,0,0,3,0,0,0,0,0,0,0,0,0,1616334,0,0
689,2,1,264,240,0,2,15,168,2856,0,0,0,0,0,0,0,0,0,0,0,0,0,0,0,0,0,0,0,0,0,0,0,0,0,0,0,0,0,0,0,0,0,0,3,0,0,0,0,0,0,0,0,0,1616334,0,0
690,0,0,0,0,0,-1,3,1,0,0,0,0,0,0,0,0,0,520321024,0,0,0,0,0,0,0,0,0,0,0,0,0,0,0,0,0,0,0,0,0,0,0,0,0,0,0,0,0,0,0,0,0,0,0,0,0,0
691,0,0,258,241,10,-1,1,120,0,0,0,0,0,0,0,0,0,527939584,522516480,0,0,0,0,0,0,0,0,0,0,0,0,0,0,0,0,0,0,0,0,0,0,0,0,3,0,0,0,0,0,0,0,0,0,1671631,1671630,1671629
692,0,0,259,242,10,-1,1,24,0,0,0,0,0,0,0,0,0,526743552,0,0,0,0,0,0,0,0,0,0,0,0,0,0,0,0,0,0,0,0,0,0,0,0,0,3,0,0,0,0,0,0,0,0,0,1671624,0,0
693,0,0,260,188,0,-1,1,336,0,0,0,0,0,0,0,0,0,295959168,0,0,0,0,0,0,0,0,0,0,0,0,0,0,0,0,0,0,0,0,0,0,0,0,0,3,0,0,0,0,0,0,0,0,0,1084434,1084433,1084432
694,0,0,261,243,10,-1,1,24,0,0,0,0,0,0,0,0,0,530774016,0,0,0,0,0,0,0,0,0,0,0,0,0,0,0,0,0,0,0,0,0,0,0,0,0,3,0,0,0,0,0,0,0,0,0,1671628,0,0
695,0,0,0,0,10,-1,15,48,0,0,0,0,0,0,0,0,0,530757632,0,0,0,0,0,0,0,0,0,0,0,0,0,0,0,0,0,0,0,0,0,0,0,0,0,3,0,0,0,0,0,0,0,0,0,0,0,0
696,0,0,266,244,10,-1,1,24,0,0,0,0,0,0,0,0,0,294877184,311638016,328398848,345143296,361904128,378664960,395540480,0,0,0,0,0,0,0,0,0,0,0,0,0,0,0,0,0,0,0,3,0,0,0,0,0,0,0,0,0,1671627,1671626,1671625
697,0,0,0,0,10,-1,15,144,0,0,0,0,0,0,0,0,0,527923200,0,0,0,0,0,0,0,0,0,0,0,0,0,0,0,0,0,0,0,0,0,0,0,0,0,3,0,0,0,0,0,0,0,0,0,0,0,0
698,0,0,0,0,10,-1,15,48,0,0,0,0,0,0,0,0,0,526727168,0,0,0,0,0,0,0,0,0,0,0,0,0,0,0,0,0,0,0,0,0,0,0,0,0,3,0,0,0,0,0,0,0,0,0,0,0,0
699,0,0,0,0,10,-1,15,48,0,0,0,0,0,0,0,0,0,520583168,526874624,0,0,0,0,0,0,0,0,0,0,0,0,0,0,0,0,0,0,0,0,0,0,0,0,3,0,0,0,0,0,0,0,0,0,0,0,0
700,0,0,0,0,10,-1,15,48,0,0,0,0,0,0,0,0,0,294860800,311621632,328382464,345126912,361887744,378648576,395524096,0,0,0,0,0,0,0,0,0,0,0,0,0,0,0,0,0,0,0,1,0,0,0,0,0,0,0,0,0,0,0,0
701,1856,1,257,240,0,2,13,168,2856,0,0,0,0,0,0,0,0,337918464,0,0,0,0,0,0,0,0,0,0,0,0,0,0,0,0,0,0,0,0,0,0,0,0,0,3,0,0,0,0,0,0,0,0,0,1616334,0,0
702,1,1,267,240,0,2,13,168,2856,0,0,0,0,0,0,0,0,338917888,0,0,0,0,0,0,0,0,0,0,0,0,0,0,0,0,0,0,0,0,0,0,0,0,0,3,0,0,0,0,0,0,0,0,0,1616334,0,0
703,1,0,268,240,0,2,15,168,2856,0,0,0,0,0,0,0,0,0,0,0,0,0,0,0,0,0,0,0,0,0,0,0,0,0,0,0,0,0,0,0,0,0,0,3,0,0,0,0,0,0,0,0,0,1616334,0,0
704,4,1,267,240,0,2,13,168,2856,0,0,0,0,0,0,0,0,338934272,0,0,0,0,0,0,0,0,0,0,0,0,0,0,0,0,0,0,0,0,0,0,0,0,0,3,0,0,0,0,0,0,0,0,0,1616334,0,0
705,24,1,267,240,0,2,13,168,2856,0,0,0,0,0,0,0,0,338950656,0,0,0,0,0,0,0,0,0,0,0,0,0,0,0,0,0,0,0,0,0,0,0,0,0,3,0,0,0,0,0,0,0,0,0,1616334,0,0
706,2,1,267,240,0,2,13,168,2856,0,0,0,0,0,0,0,0,338950656,0,0,0,0,0,0,0,0,0,0,0,0,0,0,0,0,0,0,0,0,0,0,0,0,0,3,0,0,0,0,0,0,0,0,0,1616334,0,0
707,4,0,268,240,0,2,15,168,2856,0,0,0,0,0,0,0,0,0,0,0,0,0,0,0,0,0,0,0,0,0,0,0,0,0,0,0,0,0,0,0,0,0,0,3,0,0,0,0,0,0,0,0,0,1616334,0,0
708,24,0,268,240,0,2,15,168,2856,0,0,0,0,0,0,0,0,0,0,0,0,0,0,0,0,0,0,0,0,0,0,0,0,0,0,0,0,0,0,0,0,0,0,3,0,0,0,0,0,0,0,0,0,1616334,0,0
709,2,0,268,240,0,2,15,168,2856,0,0,0,0,0,0,0,0,0,0,0,0,0,0,0,0,0,0,0,0,0,0,0,0,0,0,0,0,0,0,0,0,0,0,3,0,0,0,0,0,0,0,0,0,1616334,0,0
710,961,0,269,245,1,-1,13,24,0,0,0,0,0,0,0,0,0,290781696,0,0,0,0,0,0,0,0,0,0,0,0,0,0,0,0,0,0,0,0,0,0,0,0,0,3,0,0,0,0,0,0,0,0,0,1676232,0,0
711,4,0,269,245,1,-1,13,24,0,0,0,0,0,0,0,0,0,290798080,0,0,0,0,0,0,0,0,0,0,0,0,0,0,0,0,0,0,0,0,0,0,0,0,0,3,0,0,0,0,0,0,0,0,0,1676232,0,0
712,24,0,269,245,1,-1,13,24,0,0,0,0,0,0,0,0,0,290814464,0,0,0,0,0,0,0,0,0,0,0,0,0,0,0,0,0,0,0,0,0,0,0,0,0,3,0,0,0,0,0,0,0,0,0,1676232,0,0
713,2,0,269,245,1,-1,13,24,0,0,0,0,0,0,0,0,0,290814464,0,0,0,0,0,0,0,0,0,0,0,0,0,0,0,0,0,0,0,0,0,0,0,0,0,3,0,0,0,0,0,0,0,0,0,1676232,0,0
714,961,0,269,246,1,-1,13,24,0,0,0,0,0,0,0,0,0,290896384,0,0,0,0,0,0,0,0,0,0,0,0,0,0,0,0,0,0,0,0,0,0,0,0,0,3,0,0,0,0,0,0,0,0,0,1676232,0,0
715,4,0,269,246,1,-1,13,24,0,0,0,0,0,0,0,0,0,290912832,0,0,0,0,0,0,0,0,0,0,0,0,0,0,0,0,0,0,0,0,0,0,0,0,0,3,0,0,0,0,0,0,0,0,0,1676232,0,0
716,24,0,269,246,1,-1,13,24,0,0,0,0,0,0,0,0,0,290929152,0,0,0,0,0,0,0,0,0,0,0,0,0,0,0,0,0,0,0,0,0,0,0,0,0,3,0,0,0,0,0,0,0,0,0,1676232,0,0
717,2,0,269,246,1,-1,13,24,0,0,0,0,0,0,0,0,0,290929152,0,0,0,0,0,0,0,0,0,0,0,0,0,0,0,0,0,0,0,0,0,0,0,0,0,3,0,0,0,0,0,0,0,0,0,1676232,0,0
718,961,0,269,247,1,-1,13,24,0,0,0,0,0,0,0,0,0,291682816,0,0,0,0,0,0,0,0,0,0,0,0,0,0,0,0,0,0,0,0,0,0,0,0,0,3,0,0,0,0,0,0,0,0,0,1676232,0,0
719,4,0,269,247,1,-1,13,24,0,0,0,0,0,0,0,0,0,291699264,0,0,0,0,0,0,0,0,0,0,0,0,0,0,0,0,0,0,0,0,0,0,0,0,0,3,0,0,0,0,0,0,0,0,0,1676232,0,0
720,24,0,269,247,1,-1,13,24,0,0,0,0,0,0,0,0,0,291715584,0,0,0,0,0,0,0,0,0,0,0,0,0,0,0,0,0,0,0,0,0,0,0,0,0,3,0,0,0,0,0,0,0,0,0,1676232,0,0
721,2,0,269,247,1,-1,13,24,0,0,0,0,0,0,0,0,0,291715584,0,0,0,0,0,0,0,0,0,0,0,0,0,0,0,0,0,0,0,0,0,0,0,0,0,3,0,0,0,0,0,0,0,0,0,1676232,0,0
722,961,0,269,248,1,-1,13,24,0,0,0,0,0,0,0,0,0,291912192,0,0,0,0,0,0,0,0,0,0,0,0,0,0,0,0,0,0,0,0,0,0,0,0,0,3,0,0,0,0,0,0,0,0,0,1676232,0,0
723,4,0,269,248,1,-1,13,24,0,0,0,0,0,0,0,0,0,291928640,0,0,0,0,0,0,0,0,0,0,0,0,0,0,0,0,0,0,0,0,0,0,0,0,0,3,0,0,0,0,0,0,0,0,0,1676232,0,0
724,24,0,269,248,1,-1,13,24,0,0,0,0,0,0,0,0,0,291944960,0,0,0,0,0,0,0,0,0,0,0,0,0,0,0,0,0,0,0,0,0,0,0,0,0,3,0,0,0,0,0,0,0,0,0,1676232,0,0
725,2,0,269,248,1,-1,13,24,0,0,0,0,0,0,0,0,0,291944960,0,0,0,0,0,0,0,0,0,0,0,0,0,0,0,0,0,0,0,0,0,0,0,0,0,3,0,0,0,0,0,0,0,0,0,1676232,0,0
726,961,0,269,249,1,-1,13,24,0,0,0,0,0,0,0,0,0,292682240,0,0,0,0,0,0,0,0,0,0,0,0,0,0,0,0,0,0,0,0,0,0,0,0,0,3,0,0,0,0,0,0,0,0,0,1676232,0,0
727,4,0,269,249,1,-1,13,24,0,0,0,0,0,0,0,0,0,292698688,0,0,0,0,0,0,0,0,0,0,0,0,0,0,0,0,0,0,0,0,0,0,0,0,0,3,0,0,0,0,0,0,0,0,0,1676232,0,0
728,24,0,269,249,1,-1,13,24,0,0,0,0,0,0,0,0,0,292715008,0,0,0,0,0,0,0,0,0,0,0,0,0,0,0,0,0,0,0,0,0,0,0,0,0,3,0,0,0,0,0,0,0,0,0,1676232,0,0
729,2,0,269,249,1,-1,13,24,0,0,0,0,0,0,0,0,0,292715008,0,0,0,0,0,0,0,0,0,0,0,0,0,0,0,0,0,0,0,0,0,0,0,0,0,3,0,0,0,0,0,0,0,0,0,1676232,0,0
730,768,0,269,245,1,-1,13,24,0,0,0,0,0,0,0,0,0,290470400,0,0,0,0,0,0,0,0,0,0,0,0,0,0,0,0,0,0,0,0,0,0,0,0,0,3,0,0,0,0,0,0,0,0,0,1676232,0,0
735,1856,0,268,240,0,2,15,168,2856,0,0,0,0,0,0,0,0,0,0,0,0,0,0,0,0,0,0,0,0,0,0,0,0,0,0,0,0,0,0,0,0,0,0,3,0,0,0,0,0,0,0,0,0,1616334,0,0
736,1856,1,267,240,0,2,13,168,2856,0,0,0,0,0,0,0,0,338917888,0,0,0,0,0,0,0,0,0,0,0,0,0,0,0,0,0,0,0,0,0,0,0,0,0,3,0,0,0,0,0,0,0,0,0,1616334,0,0
737,1856,1,262,240,0,2,13,168,2856,0,0,0,0,0,0,0,0,339147264,0,0,0,0,0,0,0,0,0,0,0,0,0,0,0,0,0,0,0,0,0,0,0,0,0,3,0,0,0,0,0,0,0,0,0,1616334,0,0
738,1856,1,263,240,0,2,13,168,2856,0,0,0,0,0,0,0,0,0,0,0,0,0,0,0,0,0,0,0,0,0,0,0,0,0,0,0,0,0,0,0,0,0,0,3,0,0,0,0,0,0,0,0,0,1616334,0,0
739,1856,1,264,240,0,2,15,168,2856,0,0,0,0,0,0,0,0,0,0,0,0,0,0,0,0,0,0,0,0,0,0,0,0,0,0,0,0,0,0,0,0,0,0,3,0,0,0,0,0,0,0,0,0,1616334,0,0
740,961,0,0,0,1,-1,3,168,0,0,0,0,0,0,0,0,0,296827840,0,0,0,0,0,0,0,0,0,0,0,0,0,0,0,0,0,0,0,0,0,0,0,0,0,0,0,0,0,0,0,0,0,0,0,0,0,0
741,4,0,0,0,0,-1,3,168,0,0,0,0,0,0,0,0,0,296843712,0,0,0,0,0,0,0,0,0,0,0,0,0,0,0,0,0,0,0,0,0,0,0,0,0,0,0,0,0,0,0,0,0,0,0,0,0,0
742,24,0,0,0,0,-1,3,168,0,0,0,0,0,0,0,0,0,296844672,0,0,0,0,0,0,0,0,0,0,0,0,0,0,0,0,0,0,0,0,0,0,0,0,0,0,0,0,0,0,0,0,0,0,0,0,0,0
743,2,0,0,0,0,-1,3,168,0,0,0,0,0,0,0,0,0,296844672,0,0,0,0,0,0,0,0,0,0,0,0,0,0,0,0,0,0,0,0,0,0,0,0,0,0,0,0,0,0,0,0,0,0,0,0,0,0
744,961,0,270,250,1,-1,13,24,0,0,0,0,0,0,0,0,0,293681664,0,0,0,0,0,0,0,0,0,0,0,0,0,0,0,0,0,0,0,0,0,0,0,0,0,3,0,0,0,0,0,0,0,0,0,1721461,0,0
745,961,0,271,251,1,-1,13,24,0,0,0,0,0,0,0,0,0,293796352,0,0,0,0,0,0,0,0,0,0,0,0,0,0,0,0,0,0,0,0,0,0,0,0,0,3,0,0,0,0,0,0,0,0,0,1721462,0,0
746,2,0,270,250,1,-1,13,24,0,0,0,0,0,0,0,0,0,293714432,0,0,0,0,0,0,0,0,0,0,0,0,0,0,0,0,0,0,0,0,0,0,0,0,0,3,0,0,0,0,0,0,0,0,0,1721461,0,0
747,4,0,270,250,1,-1,13,24,0,0,0,0,0,0,0,0,0,293698112,0,0,0,0,0,0,0,0,0,0,0,0,0,0,0,0,0,0,0,0,0,0,0,0,0,3,0,0,0,0,0,0,0,0,0,1721461,0,0
748,24,0,270,250,1,-1,13,24,0,0,0,0,0,0,0,0,0,293714432,0,0,0,0,0,0,0,0,0,0,0,0,0,0,0,0,0,0,0,0,0,0,0,0,0,3,0,0,0,0,0,0,0,0,0,1721461,0,0
749,24,0,271,251,1,-1,13,24,0,0,0,0,0,0,0,0,0,293829120,0,0,0,0,0,0,0,0,0,0,0,0,0,0,0,0,0,0,0,0,0,0,0,0,0,3,0,0,0,0,0,0,0,0,0,1721462,0,0
750,2,0,271,251,1,-1,13,24,0,0,0,0,0,0,0,0,0,293829120,0,0,0,0,0,0,0,0,0,0,0,0,0,0,0,0,0,0,0,0,0,0,0,0,0,3,0,0,0,0,0,0,0,0,0,1721462,0,0
751,4,0,271,251,1,-1,13,24,0,0,0,0,0,0,0,0,0,293812800,0,0,0,0,0,0,0,0,0,0,0,0,0,0,0,0,0,0,0,0,0,0,0,0,0,3,0,0,0,0,0,0,0,0,0,1721462,0,0
752,961,0,272,0,1,-1,15,18,0,0,0,0,0,0,0,0,0,292796928,0,0,0,0,0,0,0,0,0,0,0,0,0,0,0,0,0,0,0,0,0,0,0,0,0,3,0,0,0,0,0,0,0,0,0,1721461,0,0
753,2,0,272,0,1,-1,15,18,0,0,0,0,0,0,0,0,0,0,0,0,0,0,0,0,0,0,0,0,0,0,0,0,0,0,0,0,0,0,0,0,0,0,0,3,0,0,0,0,0,0,0,0,0,1721461,0,0
754,24,0,272,0,1,-1,15,18,0,0,0,0,0,0,0,0,0,0,0,0,0,0,0,0,0,0,0,0,0,0,0,0,0,0,0,0,0,0,0,0,0,0,0,3,0,0,0,0,0,0,0,0,0,1721461,0,0
755,4,0,272,0,1,-1,15,18,0,0,0,0,0,0,0,0,0,0,0,0,0,0,0,0,0,0,0,0,0,0,0,0,0,0,0,0,0,0,0,0,0,0,0,3,0,0,0,0,0,0,0,0,0,1721461,0,0
756,24,0,273,252,1,-1,13,24,0,0,0,0,0,0,0,0,0,297089472,0,0,0,0,0,0,0,0,0,0,0,0,0,0,0,0,0,0,0,0,0,0,0,0,0,3,0,0,0,0,0,0,0,0,0,1724837,0,0
757,4,0,273,252,1,-1,13,24,0,0,0,0,0,0,0,0,0,297073152,0,0,0,0,0,0,0,0,0,0,0,0,0,0,0,0,0,0,0,0,0,0,0,0,0,3,0,0,0,0,0,0,0,0,0,1724837,0,0
758,2,0,273,252,1,-1,13,24,0,0,0,0,0,0,0,0,0,297089536,0,0,0,0,0,0,0,0,0,0,0,0,0,0,0,0,0,0,0,0,0,0,0,0,0,3,0,0,0,0,0,0,0,0,0,1724837,0,0
759,961,0,273,252,1,-1,13,24,0,0,0,0,0,0,0,0,0,297056704,0,0,0,0,0,0,0,0,0,0,0,0,0,0,0,0,0,0,0,0,0,0,0,0,0,3,0,0,0,0,0,0,0,0,0,1724837,0,0
760,24,0,273,253,1,-1,13,24,0,0,0,0,0,0,0,0,0,302053824,0,0,0,0,0,0,0,0,0,0,0,0,0,0,0,0,0,0,0,0,0,0,0,0,0,3,0,0,0,0,0,0,0,0,0,1724837,0,0
761,4,0,273,253,1,-1,13,24,0,0,0,0,0,0,0,0,0,302037504,0,0,0,0,0,0,0,0,0,0,0,0,0,0,0,0,0,0,0,0,0,0,0,0,0,3,0,0,0,0,0,0,0,0,0,1724837,0,0
762,2,0,273,253,1,-1,13,24,0,0,0,0,0,0,0,0,0,302053888,0,0,0,0,0,0,0,0,0,0,0,0,0,0,0,0,0,0,0,0,0,0,0,0,0,3,0,0,0,0,0,0,0,0,0,1724837,0,0
763,961,0,273,253,1,-1,13,24,0,0,0,0,0,0,0,0,0,302021056,0,0,0,0,0,0,0,0,0,0,0,0,0,0,0,0,0,0,0,0,0,0,0,0,0,3,0,0,0,0,0,0,0,0,0,1724837,0,0
764,24,0,273,254,1,-1,13,24,0,0,0,0,0,0,0,0,0,302283200,0,0,0,0,0,0,0,0,0,0,0,0,0,0,0,0,0,0,0,0,0,0,0,0,0,3,0,0,0,0,0,0,0,0,0,1724837,0,0
765,4,0,273,254,1,-1,13,24,0,0,0,0,0,0,0,0,0,302266880,0,0,0,0,0,0,0,0,0,0,0,0,0,0,0,0,0,0,0,0,0,0,0,0,0,3,0,0,0,0,0,0,0,0,0,1724837,0,0
766,2,0,273,254,1,-1,13,24,0,0,0,0,0,0,0,0,0,302283264,0,0,0,0,0,0,0,0,0,0,0,0,0,0,0,0,0,0,0,0,0,0,0,0,0,3,0,0,0,0,0,0,0,0,0,1724837,0,0
767,961,0,273,254,1,-1,13,24,0,0,0,0,0,0,0,0,0,302250432,0,0,0,0,0,0,0,0,0,0,0,0,0,0,0,0,0,0,0,0,0,0,0,0,0,3,0,0,0,0,0,0,0,0,0,1724837,0,0
768,24,0,273,255,1,-1,13,24,0,0,0,0,0,0,0,0,0,296860096,0,0,0,0,0,0,0,0,0,0,0,0,0,0,0,0,0,0,0,0,0,0,0,0,0,3,0,0,0,0,0,0,0,0,0,1724837,0,0
769,4,0,273,255,1,-1,13,24,0,0,0,0,0,0,0,0,0,296843776,0,0,0,0,0,0,0,0,0,0,0,0,0,0,0,0,0,0,0,0,0,0,0,0,0,3,0,0,0,0,0,0,0,0,0,1724837,0,0
770,2,0,273,255,1,-1,13,24,0,0,0,0,0,0,0,0,0,296860160,0,0,0,0,0,0,0,0,0,0,0,0,0,0,0,0,0,0,0,0,0,0,0,0,0,3,0,0,0,0,0,0,0,0,0,1724837,0,0
771,961,0,273,255,1,-1,13,24,0,0,0,0,0,0,0,0,0,296827328,0,0,0,0,0,0,0,0,0,0,0,0,0,0,0,0,0,0,0,0,0,0,0,0,0,3,0,0,0,0,0,0,0,0,0,1724837,0,0
772,24,0,273,256,1,-1,13,24,0,0,0,0,0,0,0,0,0,296188352,0,0,0,0,0,0,0,0,0,0,0,0,0,0,0,0,0,0,0,0,0,0,0,0,0,3,0,0,0,0,0,0,0,0,0,1724837,0,0
773,4,0,273,256,1,-1,13,24,0,0,0,0,0,0,0,0,0,296172032,0,0,0,0,0,0,0,0,0,0,0,0,0,0,0,0,0,0,0,0,0,0,0,0,0,3,0,0,0,0,0,0,0,0,0,1724837,0,0
774,2,0,273,256,1,-1,13,24,0,0,0,0,0,0,0,0,0,296188416,0,0,0,0,0,0,0,0,0,0,0,0,0,0,0,0,0,0,0,0,0,0,0,0,0,3,0,0,0,0,0,0,0,0,0,1724837,0,0
775,961,0,273,256,1,-1,13,24,0,0,0,0,0,0,0,0,0,296155584,0,0,0,0,0,0,0,0,0,0,0,0,0,0,0,0,0,0,0,0,0,0,0,0,0,3,0,0,0,0,0,0,0,0,0,1724837,0,0
776,768,0,273,256,1,-1,13,24,0,0,0,0,0,0,0,0,0,0,0,0,0,0,0,0,0,0,0,0,0,0,0,0,0,0,0,0,0,0,0,0,0,0,0,3,0,0,0,0,0,0,0,0,0,1676232,0,0
777,961,0,273,0,1,-1,15,72,0,0,0,0,0,0,0,0,0,295926272,0,0,0,0,0,0,0,0,0,0,0,0,0,0,0,0,0,0,0,0,0,0,0,0,0,3,0,0,0,0,0,0,0,0,0,0,0,0
778,961,0,273,0,1,-1,15,24,0,0,0,0,0,0,0,0,0,296040960,0,0,0,0,0,0,0,0,0,0,0,0,0,0,0,0,0,0,0,0,0,0,0,0,0,3,0,0,0,0,0,0,0,0,0,1721461,0,0
779,961,0,0,0,1,-1,15,24,0,0,0,0,0,0,0,0,0,296155648,0,0,0,0,0,0,0,0,0,0,0,0,0,0,0,0,0,0,0,0,0,0,0,0,0,3,0,0,0,0,0,0,0,0,0,0,0,0
780,2,0,0,0,1,-1,15,24,0,0,0,0,0,0,0,0,0,296188416,0,0,0,0,0,0,0,0,0,0,0,0,0,0,0,0,0,0,0,0,0,0,0,0,0,3,0,0,0,0,0,0,0,0,0,0,0,0
781,4,0,0,0,1,-1,15,24,0,0,0,0,0,0,0,0,0,296172032,0,0,0,0,0,0,0,0,0,0,0,0,0,0,0,0,0,0,0,0,0,0,0,0,0,3,0,0,0,0,0,0,0,0,0,0,0,0
782,24,0,0,0,1,-1,15,24,0,0,0,0,0,0,0,0,0,296188352,0,0,0,0,0,0,0,0,0,0,0,0,0,0,0,0,0,0,0,0,0,0,0,0,0,3,0,0,0,0,0,0,0,0,0,0,0,0
783,768,0,0,0,1,-1,15,24,0,0,0,0,0,0,0,0,0,294730432,0,0,0,0,0,0,0,0,0,0,0,0,0,0,0,0,0,0,0,0,0,0,0,0,0,3,0,0,0,0,0,0,0,0,0,0,0,0
784,768,0,0,0,1,-1,15,24,0,0,0,0,0,0,0,0,0,304413184,0,0,0,0,0,0,0,0,0,0,0,0,0,0,0,0,0,0,0,0,0,0,0,0,0,3,0,0,0,0,0,0,0,0,0,0,0,0
785,961,0,0,0,1,-1,15,24,0,0,0,0,0,0,0,0,0,304413184,0,0,0,0,0,0,0,0,0,0,0,0,0,0,0,0,0,0,0,0,0,0,0,0,0,3,0,0,0,0,0,0,0,0,0,0,0,0
786,2,0,0,0,1,-1,15,24,0,0,0,0,0,0,0,0,0,304445952,0,0,0,0,0,0,0,0,0,0,0,0,0,0,0,0,0,0,0,0,0,0,0,0,0,3,0,0,0,0,0,0,0,0,0,0,0,0
787,4,0,0,0,1,-1,15,24,0,0,0,0,0,0,0,0,0,304429568,0,0,0,0,0,0,0,0,0,0,0,0,0,0,0,0,0,0,0,0,0,0,0,0,0,3,0,0,0,0,0,0,0,0,0,0,0,0
788,24,0,0,0,1,-1,15,24,0,0,0,0,0,0,0,0,0,304445888,0,0,0,0,0,0,0,0,0,0,0,0,0,0,0,0,0,0,0,0,0,0,0,0,0,3,0,0,0,0,0,0,0,0,0,0,0,0
789,4,0,273,0,1,-1,15,72,0,0,0,0,0,0,0,0,0,295942720,0,0,0,0,0,0,0,0,0,0,0,0,0,0,0,0,0,0,0,0,0,0,0,0,0,3,0,0,0,0,0,0,0,0,0,0,0,0
790,24,0,273,0,1,-1,15,72,0,0,0,0,0,0,0,0,0,295959040,0,0,0,0,0,0,0,0,0,0,0,0,0,0,0,0,0,0,0,0,0,0,0,0,0,3,0,0,0,0,0,0,0,0,0,0,0,0
791,2,0,273,0,1,-1,15,72,0,0,0,0,0,0,0,0,0,295959040,0,0,0,0,0,0,0,0,0,0,0,0,0,0,0,0,0,0,0,0,0,0,0,0,0,3,0,0,0,0,0,0,0,0,0,0,0,0
792,4,0,273,0,1,-1,15,24,0,0,0,0,0,0,0,0,0,296057408,0,0,0,0,0,0,0,0,0,0,0,0,0,0,0,0,0,0,0,0,0,0,0,0,0,3,0,0,0,0,0,0,0,0,0,1721461,0,0
793,24,0,273,0,1,-1,15,24,0,0,0,0,0,0,0,0,0,296073728,0,0,0,0,0,0,0,0,0,0,0,0,0,0,0,0,0,0,0,0,0,0,0,0,0,3,0,0,0,0,0,0,0,0,0,1721461,0,0
794,2,0,273,0,1,-1,15,24,0,0,0,0,0,0,0,0,0,296073728,0,0,0,0,0,0,0,0,0,0,0,0,0,0,0,0,0,0,0,0,0,0,0,0,0,3,0,0,0,0,0,0,0,0,0,1721461,0,0
797,0,0,0,0,10,-1,3,9,0,0,0,0,0,0,0,0,0,532135040,0,0,0,0,0,0,0,0,0,0,0,0,0,0,0,0,0,0,0,0,0,0,0,0,0,3,0,0,0,0,0,0,0,0,0,0,0,0
798,961,0,0,0,1,-1,15,24,0,0,0,0,0,0,0,0,0,327203328,0,0,0,0,0,0,0,0,0,0,0,0,0,0,0,0,0,0,0,0,0,0,0,0,0,3,0,0,0,0,0,0,0,0,0,0,0,0
799,2,0,0,0,1,-1,15,24,0,0,0,0,0,0,0,0,0,327236096,0,0,0,0,0,0,0,0,0,0,0,0,0,0,0,0,0,0,0,0,0,0,0,0,0,3,0,0,0,0,0,0,0,0,0,0,0,0
800,4,0,0,0,1,-1,15,24,0,0,0,0,0,0,0,0,0,327219776,0,0,0,0,0,0,0,0,0,0,0,0,0,0,0,0,0,0,0,0,0,0,0,0,0,3,0,0,0,0,0,0,0,0,0,0,0,0
801,24,0,0,0,1,-1,15,24,0,0,0,0,0,0,0,0,0,327236096,0,0,0,0,0,0,0,0,0,0,0,0,0,0,0,0,0,0,0,0,0,0,0,0,0,3,0,0,0,0,0,0,0,0,0,0,0,0
802,1,0,0,0,10,-1,3,7,0,0,0,0,0,0,0,0,0,532134016,0,0,0,0,0,0,0,0,0,0,0,0,0,0,0,0,0,0,0,0,0,0,0,0,0,3,0,0,0,0,0,0,0,0,0,0,0,0
803,961,0,0,0,1,-1,15,168,0,0,0,0,0,0,0,0,0,303479296,0,0,0,0,0,0,0,0,0,0,0,0,0,0,0,0,0,0,0,0,0,0,0,0,0,3,0,0,0,0,0,0,0,0,0,0,0,0
804,24,0,0,0,1,-1,15,168,0,0,0,0,0,0,0,0,0,304101888,0,0,0,0,0,0,0,0,0,0,0,0,0,0,0,0,0,0,0,0,0,0,0,0,0,3,0,0,0,0,0,0,0,0,0,0,0,0
805,4,0,0,0,1,-1,15,168,0,0,0,0,0,0,0,0,0,303495680,0,0,0,0,0,0,0,0,0,0,0,0,0,0,0,0,0,0,0,0,0,0,0,0,0,3,0,0,0,0,0,0,0,0,0,0,0,0
806,2,0,0,0,1,-1,15,168,0,0,0,0,0,0,0,0,0,304101888,0,0,0,0,0,0,0,0,0,0,0,0,0,0,0,0,0,0,0,0,0,0,0,0,0,3,0,0,0,0,0,0,0,0,0,0,0,0
807,0,0,274,188,0,-1,1,336,0,0,0,0,0,0,0,0,0,312736384,0,0,0,0,0,0,0,0,0,0,0,0,0,0,0,0,0,0,0,0,0,0,0,0,0,3,0,0,0,0,0,0,0,0,0,1084434,1084433,1084432
808,961,0,275,188,0,-1,1,1512,0,0,0,0,0,0,0,0,0,329333184,0,0,0,0,0,0,0,0,0,0,0,0,0,0,0,0,0,0,0,0,0,0,0,0,0,3,0,0,0,0,0,0,0,0,0,1084434,1084433,1084432
809,0,0,0,0,0,0,3,168,0,0,0,0,0,0,0,0,0,304592897,0,0,0,0,0,0,0,0,0,0,0,0,0,0,0,0,0,0,0,0,0,0,0,0,0,0,0,0,0,0,0,0,0,0,0,0,0,0
810,768,0,0,0,1,-1,15,168,168,168,0,0,0,0,0,0,0,297056768,0,0,0,0,0,0,0,0,0,0,0,0,0,0,0,0,0,0,0,0,0,0,0,0,0,3,0,0,0,0,0,0,0,0,0,0,0,0
917,961,0,378,357,1,-1,15,24,0,0,0,0,0,0,0,0,0,310442496,0,0,0,0,0,0,0,0,0,0,0,0,0,0,0,0,0,0,0,0,0,0,0,0,0,3,0,0,0,0,0,0,0,0,0,1129671,1129670,1129669
918,193,0,379,358,1,-1,1,487,0,0,0,0,0,0,0,0,0,308673024,0,0,0,0,0,0,0,0,0,0,0,0,0,0,0,0,0,0,0,0,0,0,0,0,0,3,0,0,0,0,0,0,0,0,0,2153725,2153724,2153723
919,193,0,380,359,1,-1,7,720,0,0,0,0,0,0,0,0,0,309443072,0,0,0,0,0,0,0,0,0,0,0,0,0,0,0,0,0,0,0,0,0,0,0,0,0,3,0,0,0,0,0,0,0,0,0,2153722,0,0
920,768,0,381,360,1,-1,13,24,0,0,0,0,0,0,0,0,0,0,0,0,0,0,0,0,0,0,0,0,0,0,0,0,0,0,0,0,0,0,0,0,0,0,0,3,0,0,0,0,0,0,0,0,0,2178746,0,0
921,961,0,381,360,1,-1,13,24,0,0,0,0,0,0,0,0,0,310442496,0,0,0,0,0,0,0,0,0,0,0,0,0,0,0,0,0,0,0,0,0,0,0,0,0,3,0,0,0,0,0,0,0,0,0,2178746,0,0
922,2,0,381,360,1,-1,13,24,0,0,0,0,0,0,0,0,0,310475264,0,0,0,0,0,0,0,0,0,0,0,0,0,0,0,0,0,0,0,0,0,0,0,0,0,3,0,0,0,0,0,0,0,0,0,2178746,0,0
923,4,0,381,360,1,-1,13,24,0,0,0,0,0,0,0,0,0,310458944,0,0,0,0,0,0,0,0,0,0,0,0,0,0,0,0,0,0,0,0,0,0,0,0,0,3,0,0,0,0,0,0,0,0,0,2178746,0,0
924,24,0,381,360,1,-1,13,24,0,0,0,0,0,0,0,0,0,310475200,0,0,0,0,0,0,0,0,0,0,0,0,0,0,0,0,0,0,0,0,0,0,0,0,0,3,0,0,0,0,0,0,0,0,0,2178746,0,0
925,961,0,381,362,1,-1,13,24,0,0,0,0,0,0,0,0,0,310557184,0,0,0,0,0,0,0,0,0,0,0,0,0,0,0,0,0,0,0,0,0,0,0,0,0,3,0,0,0,0,0,0,0,0,0,2178746,0,0
926,2,0,381,362,1,-1,13,24,0,0,0,0,0,0,0,0,0,310589952,0,0,0,0,0,0,0,0,0,0,0,0,0,0,0,0,0,0,0,0,0,0,0,0,0,3,0,0,0,0,0,0,0,0,0,2178746,0,0
927,4,0,381,362,1,-1,13,24,0,0,0,0,0,0,0,0,0,310573632,0,0,0,0,0,0,0,0,0,0,0,0,0,0,0,0,0,0,0,0,0,0,0,0,0,3,0,0,0,0,0,0,0,0,0,2178746,0,0
928,24,0,381,362,1,-1,13,24,0,0,0,0,0,0,0,0,0,310589888,0,0,0,0,0,0,0,0,0,0,0,0,0,0,0,0,0,0,0,0,0,0,0,0,0,3,0,0,0,0,0,0,0,0,0,2178746,0,0
929,961,0,381,363,1,-1,13,24,0,0,0,0,0,0,0,0,0,310786560,0,0,0,0,0,0,0,0,0,0,0,0,0,0,0,0,0,0,0,0,0,0,0,0,0,3,0,0,0,0,0,0,0,0,0,2178746,0,0
930,2,0,381,363,1,-1,13,24,0,0,0,0,0,0,0,0,0,310819328,0,0,0,0,0,0,0,0,0,0,0,0,0,0,0,0,0,0,0,0,0,0,0,0,0,3,0,0,0,0,0,0,0,0,0,2178746,0,0
931,4,0,381,363,1,-1,13,24,0,0,0,0,0,0,0,0,0,310803008,0,0,0,0,0,0,0,0,0,0,0,0,0,0,0,0,0,0,0,0,0,0,0,0,0,3,0,0,0,0,0,0,0,0,0,2178746,0,0
932,24,0,381,363,1,-1,13,24,0,0,0,0,0,0,0,0,0,310819264,0,0,0,0,0,0,0,0,0,0,0,0,0,0,0,0,0,0,0,0,0,0,0,0,0,3,0,0,0,0,0,0,0,0,0,2178746,0,0
933,961,0,381,364,1,-1,13,24,0,0,0,0,0,0,0,0,0,311572992,0,0,0,0,0,0,0,0,0,0,0,0,0,0,0,0,0,0,0,0,0,0,0,0,0,3,0,0,0,0,0,0,0,0,0,2178746,0,0
934,2,0,381,364,1,-1,13,24,0,0,0,0,0,0,0,0,0,311605760,0,0,0,0,0,0,0,0,0,0,0,0,0,0,0,0,0,0,0,0,0,0,0,0,0,3,0,0,0,0,0,0,0,0,0,2178746,0,0
935,4,0,381,364,1,-1,13,24,0,0,0,0,0,0,0,0,0,311589440,0,0,0,0,0,0,0,0,0,0,0,0,0,0,0,0,0,0,0,0,0,0,0,0,0,3,0,0,0,0,0,0,0,0,0,2178746,0,0
936,24,0,381,364,1,-1,13,24,0,0,0,0,0,0,0,0,0,311605696,0,0,0,0,0,0,0,0,0,0,0,0,0,0,0,0,0,0,0,0,0,0,0,0,0,3,0,0,0,0,0,0,0,0,0,2178746,0,0
938,4,0,382,361,0,0,13,165,0,0,0,0,0,0,0,0,0,319912448,321305088,323205696,325106240,326449728,328350272,329693696,335788544,337705472,339049024,340949568,342309440,344193600,346094080,347453952,0,0,0,0,0,0,0,0,0,0,0,3,0,0,0,0,0,0,0,0,0,2185212,0,2185211
939,24,0,382,361,0,0,13,165,0,0,0,0,0,0,0,0,0,319928768,321321408,323221952,325122496,326465984,328366528,329710016,335804864,337721792,339065280,340965824,342325696,344209856,346110400,347470272,0,0,0,0,0,0,0,0,0,0,0,3,0,0,0,0,0,0,0,0,0,2185212,0,2185211
940,2,0,382,361,0,0,13,165,0,0,0,0,0,0,0,0,0,319928832,321321472,323222016,325122560,326466048,328366592,329710080,335804928,337721856,339065344,340965888,342325760,344209920,346110464,347470336,0,0,0,0,0,0,0,0,0,0,0,3,0,0,0,0,0,0,0,0,0,2185212,0,2185211
941,961,0,382,361,0,0,13,165,0,0,0,0,0,0,0,0,0,319896000,321288704,323189248,325089792,326433280,328333824,329677248,335772096,337689024,339032576,340933120,342292992,344177152,346077632,347437504,0,0,0,0,0,0,0,0,0,0,0,3,0,0,0,0,0,0,0,0,0,2185212,0,2185211
942,1,0,379,358,1,-1,15,336,0,0,0,0,0,0,0,0,0,308787712,0,0,0,0,0,0,0,0,0,0,0,0,0,0,0,0,0,0,0,0,0,0,0,0,0,3,0,0,0,0,0,0,0,0,0,0,0,0
943,4,0,378,357,1,-1,15,24,0,0,0,0,0,0,0,0,0,310458880,0,0,0,0,0,0,0,0,0,0,0,0,0,0,0,0,0,0,0,0,0,0,0,0,0,3,0,0,0,0,0,0,0,0,0,1129671,1129670,1129669
944,2,0,378,357,1,-1,15,24,0,0,0,0,0,0,0,0,0,310475264,0,0,0,0,0,0,0,0,0,0,0,0,0,0,0,0,0,0,0,0,0,0,0,0,0,3,0,0,0,0,0,0,0,0,0,1129671,1129670,1129669
945,16,0,378,357,1,-1,15,24,0,0,0,0,0,0,0,0,0,310475200,0,0,0,0,0,0,0,0,0,0,0,0,0,0,0,0,0,0,0,0,0,0,0,0,0,3,0,0,0,0,0,0,0,0,0,1129671,1129670,1129669
946,8,0,378,357,1,-1,15,24,0,0,0,0,0,0,0,0,0,310475200,0,0,0,0,0,0,0,0,0,0,0,0,0,0,0,0,0,0,0,0,0,0,0,0,0,3,0,0,0,0,0,0,0,0,0,1129671,1129670,1129669
947,129,0,0,0,1,-1,7,720,0,0,0,0,0,0,0,0,0,0,0,0,0,0,0,0,0,0,0,0,0,0,0,0,0,0,0,0,0,0,0,0,0,0,0,3,0,0,0,0,0,0,0,0,0,0,0,0
948,2,0,380,359,1,-1,7,720,0,0,0,0,0,0,0,0,0,309475840,0,0,0,0,0,0,0,0,0,0,0,0,0,0,0,0,0,0,0,0,0,0,0,0,0,3,0,0,0,0,0,0,0,0,0,2153722,0,0
949,24,0,380,359,1,-1,7,720,0,0,0,0,0,0,0,0,0,309475840,0,0,0,0,0,0,0,0,0,0,0,0,0,0,0,0,0,0,0,0,0,0,0,0,0,3,0,0,0,0,0,0,0,0,0,2153722,0,0
950,768,0,380,359,1,-1,7,720,0,0,0,0,0,0,0,0,0,0,0,0,0,0,0,0,0,0,0,0,0,0,0,0,0,0,0,0,0,0,0,0,0,0,0,3,0,0,0,0,0,0,0,0,0,2153722,0,0
951,4,0,380,359,1,-1,7,720,0,0,0,0,0,0,0,0,0,309459456,0,0,0,0,0,0,0,0,0,0,0,0,0,0,0,0,0,0,0,0,0,0,0,0,0,3,0,0,0,0,0,0,0,0,0,2153722,0,0
952,64,0,0,0,1,-1,7,720,0,0,0,0,0,0,0,0,0,0,0,0,0,0,0,0,0,0,0,0,0,0,0,0,0,0,0,0,0,0,0,0,0,0,0,3,0,0,0,0,0,0,0,0,0,0,0,0
953,4,0,0,0,1,-1,7,720,0,0,0,0,0,0,0,0,0,0,0,0,0,0,0,0,0,0,0,0,0,0,0,0,0,0,0,0,0,0,0,0,0,0,0,3,0,0,0,0,0,0,0,0,0,0,0,0
954,24,0,0,0,1,-1,7,720,0,0,0,0,0,0,0,0,0,0,0,0,0,0,0,0,0,0,0,0,0,0,0,0,0,0,0,0,0,0,0,0,0,0,0,3,0,0,0,0,0,0,0,0,0,0,0,0
955,768,0,0,0,1,-1,7,720,0,0,0,0,0,0,0,0,0,0,0,0,0,0,0,0,0,0,0,0,0,0,0,0,0,0,0,0,0,0,0,0,0,0,0,3,0,0,0,0,0,0,0,0,0,0,0,0
956,4,0,379,358,1,-1,1,472,0,0,0,0,0,0,0,0,0,308689408,0,0,0,0,0,0,0,0,0,0,0,0,0,0,0,0,0,0,0,0,0,0,0,0,0,3,0,0,0,0,0,0,0,0,0,2153725,2153724,2153723
957,24,0,379,358,1,-1,1,454,0,0,0,0,0,0,0,0,0,308705792,0,0,0,0,0,0,0,0,0,0,0,0,0,0,0,0,0,0,0,0,0,0,0,0,0,3,0,0,0,0,0,0,0,0,0,2153725,2153724,2153723
958,2,0,379,358,1,-1,1,455,0,0,0,0,0,0,0,0,0,308705792,0,0,0,0,0,0,0,0,0,0,0,0,0,0,0,0,0,0,0,0,0,0,0,0,0,3,0,0,0,0,0,0,0,0,0,2153725,2153724,2153723
959,320,0,379,358,1,-1,1,504,0,0,0,0,0,0,0,0,0,308606976,0,0,0,0,0,0,0,0,0,0,0,0,0,0,0,0,0,0,0,0,0,0,0,0,0,3,0,0,0,0,0,0,0,0,0,2153725,2153724,2153723
960,896,0,379,358,1,-1,15,336,0,0,0,0,0,0,0,0,0,304101376,0,0,0,0,0,0,0,0,0,0,0,0,0,0,0,0,0,0,0,0,0,0,0,0,0,3,0,0,0,0,0,0,0,0,0,0,0,0
961,4,0,379,358,1,-1,15,336,0,0,0,0,0,0,0,0,0,309344768,0,0,0,0,0,0,0,0,0,0,0,0,0,0,0,0,0,0,0,0,0,0,0,0,0,3,0,0,0,0,0,0,0,0,0,0,0,0
962,2,0,379,358,1,-1,15,336,0,0,0,0,0,0,0,0,0,309361152,0,0,0,0,0,0,0,0,0,0,0,0,0,0,0,0,0,0,0,0,0,0,0,0,0,3,0,0,0,0,0,0,0,0,0,0,0,0
963,24,0,379,358,1,-1,15,336,0,0,0,0,0,0,0,0,0,309361152,0,0,0,0,0,0,0,0,0,0,0,0,0,0,0,0,0,0,0,0,0,0,0,0,0,3,0,0,0,0,0,0,0,0,0,0,0,0
964,1,0,380,359,1,-1,7,720,0,0,0,0,0,0,0,0,0,0,0,0,0,0,0,0,0,0,0,0,0,0,0,0,0,0,0,0,0,0,0,0,0,0,0,3,0,0,0,0,0,0,0,0,0,2153722,0,0
965,1,0,379,358,1,-1,1,504,0,0,0,0,0,0,0,0,0,0,0,0,0,0,0,0,0,0,0,0,0,0,0,0,0,0,0,0,0,0,0,0,0,0,0,3,0,0,0,0,0,0,0,0,0,2153725,2153724,2153723
966,128,0,380,359,1,-1,7,720,0,0,0,0,0,0,0,0,0,308787200,0,0,0,0,0,0,0,0,0,0,0,0,0,0,0,0,0,0,0,0,0,0,0,0,0,3,0,0,0,0,0,0,0,0,0,2153722,0,0
967,512,0,379,358,1,-1,1,504,0,0,0,0,0,0,0,0,0,308657197,0,0,0,0,0,0,0,0,0,0,0,0,0,0,0,0,0,0,0,0,0,0,0,0,0,3,0,0,0,0,0,0,0,0,0,2153725,2153724,2153723
968,1,0,256,238,0,2,13,168,2856,0,0,0,0,0,0,0,0,0,0,0,0,0,0,0,0,0,0,0,0,0,0,0,0,0,0,0,0,0,0,0,0,0,0,3,0,0,0,0,0,0,0,0,0,1616334,0,0
969,2,0,256,238,0,2,13,168,2856,0,0,0,0,0,0,0,0,0,0,0,0,0,0,0,0,0,0,0,0,0,0,0,0,0,0,0,0,0,0,0,0,0,0,3,0,0,0,0,0,0,0,0,0,1616334,0,0
970,24,0,256,238,0,2,13,168,2856,0,0,0,0,0,0,0,0,0,0,0,0,0,0,0,0,0,0,0,0,0,0,0,0,0,0,0,0,0,0,0,0,0,0,3,0,0,0,0,0,0,0,0,0,1616334,0,0
971,4,0,256,238,0,2,13,168,2856,0,0,0,0,0,0,0,0,0,0,0,0,0,0,0,0,0,0,0,0,0,0,0,0,0,0,0,0,0,0,0,0,0,0,3,0,0,0,0,0,0,0,0,0,1616334,0,0
972,1984,0,256,238,0,2,13,168,2856,0,0,0,0,0,0,0,0,0,0,0,0,0,0,0,0,0,0,0,0,0,0,0,0,0,0,0,0,0,0,0,0,0,0,3,0,0,0,0,0,0,0,0,0,1616334,0,0
973,128,0,379,358,1,-1,1,24,0,0,0,0,0,0,0,0,0,308295680,0,0,0,0,0,0,0,0,0,0,0,0,0,0,0,0,0,0,0,0,0,0,0,0,0,3,0,0,0,0,0,0,0,0,0,2153725,2153724,2153723
974,128,0,379,358,1,-1,15,24,0,0,0,0,0,0,0,0,0,308295680,0,0,0,0,0,0,0,0,0,0,0,0,0,0,0,0,0,0,0,0,0,0,0,0,0,3,0,0,0,0,0,0,0,0,0,0,0,0
975,24,0,381,360,1,-1,15,24,0,0,0,0,0,0,0,0,0,309590464,0,0,0,0,0,0,0,0,0,0,0,0,0,0,0,0,0,0,0,0,0,0,0,0,0,3,0,0,0,0,0,0,0,0,0,2178746,0,0
976,4,0,381,360,1,-1,15,24,0,0,0,0,0,0,0,0,0,309574144,0,0,0,0,0,0,0,0,0,0,0,0,0,0,0,0,0,0,0,0,0,0,0,0,0,3,0,0,0,0,0,0,0,0,0,2178746,0,0
977,2,0,381,360,1,-1,15,24,0,0,0,0,0,0,0,0,0,309590528,0,0,0,0,0,0,0,0,0,0,0,0,0,0,0,0,0,0,0,0,0,0,0,0,0,3,0,0,0,0,0,0,0,0,0,2178746,0,0
978,961,0,381,360,1,-1,15,24,0,0,0,0,0,0,0,0,0,309557760,0,0,0,0,0,0,0,0,0,0,0,0,0,0,0,0,0,0,0,0,0,0,0,0,0,3,0,0,0,0,0,0,0,0,0,2178746,0,0
979,768,0,381,360,1,-1,13,24,0,0,0,0,0,0,0,0,0,0,0,0,0,0,0,0,0,0,0,0,0,0,0,0,0,0,0,0,0,0,0,0,0,0,0,3,0,0,0,0,0,0,0,0,0,2178746,0,0
981,961,0,381,360,1,-1,15,24,0,0,0,0,0,0,0,0,0,310442496,0,0,0,0,0,0,0,0,0,0,0,0,0,0,0,0,0,0,0,0,0,0,0,0,0,3,0,0,0,0,0,0,0,0,0,2178746,0,0
982,2,0,381,360,1,-1,15,24,0,0,0,0,0,0,0,0,0,310475264,0,0,0,0,0,0,0,0,0,0,0,0,0,0,0,0,0,0,0,0,0,0,0,0,0,3,0,0,0,0,0,0,0,0,0,2178746,0,0
983,24,0,381,360,1,-1,15,24,0,0,0,0,0,0,0,0,0,310475200,0,0,0,0,0,0,0,0,0,0,0,0,0,0,0,0,0,0,0,0,0,0,0,0,0,3,0,0,0,0,0,0,0,0,0,2178746,0,0
984,4,0,381,360,1,-1,15,24,0,0,0,0,0,0,0,0,0,310458944,0,0,0,0,0,0,0,0,0,0,0,0,0,0,0,0,0,0,0,0,0,0,0,0,0,3,0,0,0,0,0,0,0,0,0,2178746,0,0
985,24,0,385,365,0,-1,15,72,0,0,0,0,0,0,0,0,0,313702912,0,0,0,0,0,0,0,0,0,0,0,0,0,0,0,0,0,0,0,0,0,0,0,0,0,2,0,0,0,0,0,0,0,0,0,2481219,0,0
986,24,0,385,366,0,-1,15,72,0,0,0,0,0,0,0,0,0,313702912,0,0,0,0,0,0,0,0,0,0,0,0,0,0,0,0,0,0,0,0,0,0,0,0,0,1,0,0,0,0,0,0,0,0,0,2481218,0,0
987,4,0,385,365,0,-1,15,24,0,0,0,0,0,0,0,0,0,313702912,0,0,0,0,0,0,0,0,0,0,0,0,0,0,0,0,0,0,0,0,0,0,0,0,0,2,0,0,0,0,0,0,0,0,0,2481219,0,0
988,2,0,385,365,0,-1,15,72,0,0,0,0,0,0,0,0,0,313702912,0,0,0,0,0,0,0,0,0,0,0,0,0,0,0,0,0,0,0,0,0,0,0,0,0,2,0,0,0,0,0,0,0,0,0,2481219,0,0
989,961,0,385,365,0,-1,15,24,0,0,0,0,0,0,0,0,0,313702912,0,0,0,0,0,0,0,0,0,0,0,0,0,0,0,0,0,0,0,0,0,0,0,0,0,2,0,0,0,0,0,0,0,0,0,2481219,0,0
990,4,0,385,366,0,-1,15,24,0,0,0,0,0,0,0,0,0,313702912,0,0,0,0,0,0,0,0,0,0,0,0,0,0,0,0,0,0,0,0,0,0,0,0,0,1,0,0,0,0,0,0,0,0,0,2481219,0,0
991,2,0,385,366,0,-1,15,72,0,0,0,0,0,0,0,0,0,313702912,0,0,0,0,0,0,0,0,0,0,0,0,0,0,0,0,0,0,0,0,0,0,0,0,0,1,0,0,0,0,0,0,0,0,0,2481218,0,0
992,961,0,385,366,0,-1,15,24,0,0,0,0,0,0,0,0,0,313702912,0,0,0,0,0,0,0,0,0,0,0,0,0,0,0,0,0,0,0,0,0,0,0,0,0,1,0,0,0,0,0,0,0,0,0,2481218,0,0
993,24,0,386,367,0,-1,15,24,0,0,0,0,0,0,0,0,0,313817600,0,0,0,0,0,0,0,0,0,0,0,0,0,0,0,0,0,0,0,0,0,0,0,0,0,1,0,0,0,0,0,0,0,0,0,2481218,0,0
994,4,0,386,367,0,-1,15,24,0,0,0,0,0,0,0,0,0,313817600,0,0,0,0,0,0,0,0,0,0,0,0,0,0,0,0,0,0,0,0,0,0,0,0,0,1,0,0,0,0,0,0,0,0,0,2481218,0,0
995,2,0,386,367,0,-1,15,24,0,0,0,0,0,0,0,0,0,313817600,0,0,0,0,0,0,0,0,0,0,0,0,0,0,0,0,0,0,0,0,0,0,0,0,0,1,0,0,0,0,0,0,0,0,0,2481218,0,0
996,961,0,386,367,0,-1,15,24,0,0,0,0,0,0,0,0,0,313817600,0,0,0,0,0,0,0,0,0,0,0,0,0,0,0,0,0,0,0,0,0,0,0,0,0,1,0,0,0,0,0,0,0,0,0,2481218,0,0
997,24,0,386,368,0,-1,15,24,0,0,0,0,0,0,0,0,0,313817600,0,0,0,0,0,0,0,0,0,0,0,0,0,0,0,0,0,0,0,0,0,0,0,0,0,2,0,0,0,0,0,0,0,0,0,2481219,0,0
998,4,0,386,368,0,-1,15,24,0,0,0,0,0,0,0,0,0,313817600,0,0,0,0,0,0,0,0,0,0,0,0,0,0,0,0,0,0,0,0,0,0,0,0,0,2,0,0,0,0,0,0,0,0,0,2481219,0,0
999,2,0,386,368,0,-1,15,24,0,0,0,0,0,0,0,0,0,313817600,0,0,0,0,0,0,0,0,0,0,0,0,0,0,0,0,0,0,0,0,0,0,0,0,0,2,0,0,0,0,0,0,0,0,0,2481219,0,0
1000,961,0,386,368,0,-1,15,24,0,0,0,0,0,0,0,0,0,313817600,0,0,0,0,0,0,0,0,0,0,0,0,0,0,0,0,0,0,0,0,0,0,0,0,0,2,0,0,0,0,0,0,0,0,0,2481219,0,0
1001,24,0,387,370,0,-1,15,24,0,0,0,0,0,0,0,0,0,318896640,0,0,0,0,0,0,0,0,0,0,0,0,0,0,0,0,0,0,0,0,0,0,0,0,0,1,0,0,0,0,0,0,0,0,0,2481218,0,0
1002,4,0,387,370,0,-1,15,24,0,0,0,0,0,0,0,0,0,318896640,0,0,0,0,0,0,0,0,0,0,0,0,0,0,0,0,0,0,0,0,0,0,0,0,0,1,0,0,0,0,0,0,0,0,0,2481218,0,0
1003,2,0,387,370,0,-1,15,24,0,0,0,0,0,0,0,0,0,318896640,0,0,0,0,0,0,0,0,0,0,0,0,0,0,0,0,0,0,0,0,0,0,0,0,0,1,0,0,0,0,0,0,0,0,0,2481218,0,0
1004,961,0,387,370,0,-1,15,24,0,0,0,0,0,0,0,0,0,318896640,0,0,0,0,0,0,0,0,0,0,0,0,0,0,0,0,0,0,0,0,0,0,0,0,0,1,0,0,0,0,0,0,0,0,0,2481218,0,0
1005,24,0,387,369,0,-1,15,24,0,0,0,0,0,0,0,0,0,318896640,0,0,0,0,0,0,0,0,0,0,0,0,0,0,0,0,0,0,0,0,0,0,0,0,0,2,0,0,0,0,0,0,0,0,0,2481219,0,0
1006,4,0,387,369,0,-1,15,24,0,0,0,0,0,0,0,0,0,318896640,0,0,0,0,0,0,0,0,0,0,0,0,0,0,0,0,0,0,0,0,0,0,0,0,0,2,0,0,0,0,0,0,0,0,0,2481219,0,0
1007,2,0,387,369,0,-1,15,24,0,0,0,0,0,0,0,0,0,318896640,0,0,0,0,0,0,0,0,0,0,0,0,0,0,0,0,0,0,0,0,0,0,0,0,0,2,0,0,0,0,0,0,0,0,0,2481219,0,0
1008,961,0,387,369,0,-1,15,24,0,0,0,0,0,0,0,0,0,318896640,0,0,0,0,0,0,0,0,0,0,0,0,0,0,0,0,0,0,0,0,0,0,0,0,0,2,0,0,0,0,0,0,0,0,0,2481219,0,0
1009,24,0,388,371,0,-1,15,24,0,0,0,0,0,0,0,0,0,319126016,0,0,0,0,0,0,0,0,0,0,0,0,0,0,0,0,0,0,0,0,0,0,0,0,0,1,0,0,0,0,0,0,0,0,0,2481218,0,0
1010,4,0,388,371,0,-1,15,24,0,0,0,0,0,0,0,0,0,319126016,0,0,0,0,0,0,0,0,0,0,0,0,0,0,0,0,0,0,0,0,0,0,0,0,0,1,0,0,0,0,0,0,0,0,0,2481218,0,0
1011,2,0,388,371,0,-1,15,24,0,0,0,0,0,0,0,0,0,319126016,0,0,0,0,0,0,0,0,0,0,0,0,0,0,0,0,0,0,0,0,0,0,0,0,0,1,0,0,0,0,0,0,0,0,0,2481218,0,0
1012,961,0,388,371,0,-1,15,24,0,0,0,0,0,0,0,0,0,319126016,0,0,0,0,0,0,0,0,0,0,0,0,0,0,0,0,0,0,0,0,0,0,0,0,0,1,0,0,0,0,0,0,0,0,0,2481218,0,0
1013,24,0,388,372,0,-1,15,24,0,0,0,0,0,0,0,0,0,319126016,0,0,0,0,0,0,0,0,0,0,0,0,0,0,0,0,0,0,0,0,0,0,0,0,0,2,0,0,0,0,0,0,0,0,0,2481219,0,0
1014,4,0,388,372,0,-1,15,24,0,0,0,0,0,0,0,0,0,319126016,0,0,0,0,0,0,0,0,0,0,0,0,0,0,0,0,0,0,0,0,0,0,0,0,0,2,0,0,0,0,0,0,0,0,0,2481219,0,0
1015,2,0,388,372,0,-1,15,24,0,0,0,0,0,0,0,0,0,319126016,0,0,0,0,0,0,0,0,0,0,0,0,0,0,0,0,0,0,0,0,0,0,0,0,0,2,0,0,0,0,0,0,0,0,0,2481219,0,0
1016,961,0,388,372,0,-1,15,24,0,0,0,0,0,0,0,0,0,319126016,0,0,0,0,0,0,0,0,0,0,0,0,0,0,0,0,0,0,0,0,0,0,0,0,0,2,0,0,0,0,0,0,0,0,0,2481219,0,0
1017,24,0,389,374,0,-1,15,24,0,0,0,0,0,0,0,0,0,319273408,0,0,0,0,0,0,0,0,0,0,0,0,0,0,0,0,0,0,0,0,0,0,0,0,0,1,0,0,0,0,0,0,0,0,0,2481218,0,0
1018,4,0,389,374,0,-1,15,24,0,0,0,0,0,0,0,0,0,319257088,0,0,0,0,0,0,0,0,0,0,0,0,0,0,0,0,0,0,0,0,0,0,0,0,0,1,0,0,0,0,0,0,0,0,0,2481218,0,0
1019,2,0,389,374,0,-1,15,24,0,0,0,0,0,0,0,0,0,319273472,0,0,0,0,0,0,0,0,0,0,0,0,0,0,0,0,0,0,0,0,0,0,0,0,0,1,0,0,0,0,0,0,0,0,0,2481218,0,0
1020,961,0,389,374,0,-1,15,24,0,0,0,0,0,0,0,0,0,319240640,0,0,0,0,0,0,0,0,0,0,0,0,0,0,0,0,0,0,0,0,0,0,0,0,0,1,0,0,0,0,0,0,0,0,0,2481218,0,0
1021,24,0,389,373,0,-1,15,24,0,0,0,0,0,0,0,0,0,319273408,0,0,0,0,0,0,0,0,0,0,0,0,0,0,0,0,0,0,0,0,0,0,0,0,0,2,0,0,0,0,0,0,0,0,0,2481219,0,0
1022,4,0,389,373,0,-1,15,24,0,0,0,0,0,0,0,0,0,319257088,0,0,0,0,0,0,0,0,0,0,0,0,0,0,0,0,0,0,0,0,0,0,0,0,0,2,0,0,0,0,0,0,0,0,0,2481219,0,0
1023,2,0,389,373,0,-1,15,24,0,0,0,0,0,0,0,0,0,319273472,0,0,0,0,0,0,0,0,0,0,0,0,0,0,0,0,0,0,0,0,0,0,0,0,0,2,0,0,0,0,0,0,0,0,0,2481219,0,0
1024,961,0,389,373,0,-1,15,24,0,0,0,0,0,0,0,0,0,319240640,0,0,0,0,0,0,0,0,0,0,0,0,0,0,0,0,0,0,0,0,0,0,0,0,0,2,0,0,0,0,0,0,0,0,0,2481219,0,0
1025,961,0,390,375,1,-1,13,24,0,0,0,0,0,0,0,0,0,319125952,0,0,0,0,0,0,0,0,0,0,0,0,0,0,0,0,0,0,0,0,0,0,0,0,0,3,0,0,0,0,0,0,0,0,0,2575223,0,0
1026,2,0,390,375,1,-1,13,24,0,0,0,0,0,0,0,0,0,319158784,0,0,0,0,0,0,0,0,0,0,0,0,0,0,0,0,0,0,0,0,0,0,0,0,0,3,0,0,0,0,0,0,0,0,0,2575223,0,0
1027,4,0,390,375,1,-1,13,24,0,0,0,0,0,0,0,0,0,319142400,0,0,0,0,0,0,0,0,0,0,0,0,0,0,0,0,0,0,0,0,0,0,0,0,0,3,0,0,0,0,0,0,0,0,0,2575223,0,0
1028,24,0,390,375,1,-1,13,24,0,0,0,0,0,0,0,0,0,319158720,0,0,0,0,0,0,0,0,0,0,0,0,0,0,0,0,0,0,0,0,0,0,0,0,0,3,0,0,0,0,0,0,0,0,0,2575223,0,0
1029,768,0,390,375,1,-1,13,24,0,0,0,0,0,0,0,0,0,0,0,0,0,0,0,0,0,0,0,0,0,0,0,0,0,0,0,0,0,0,0,0,0,0,0,3,0,0,0,0,0,0,0,0,0,2575223,0,0
1030,961,0,390,376,1,-1,13,24,0,0,0,0,0,0,0,0,0,319240640,0,0,0,0,0,0,0,0,0,0,0,0,0,0,0,0,0,0,0,0,0,0,0,0,0,3,0,0,0,0,0,0,0,0,0,2575223,0,0
1031,2,0,390,376,1,-1,13,24,0,0,0,0,0,0,0,0,0,319273472,0,0,0,0,0,0,0,0,0,0,0,0,0,0,0,0,0,0,0,0,0,0,0,0,0,3,0,0,0,0,0,0,0,0,0,2575223,0,0
1032,4,0,390,376,1,-1,13,24,0,0,0,0,0,0,0,0,0,319257088,0,0,0,0,0,0,0,0,0,0,0,0,0,0,0,0,0,0,0,0,0,0,0,0,0,3,0,0,0,0,0,0,0,0,0,2575223,0,0
1033,24,0,390,376,1,-1,13,24,0,0,0,0,0,0,0,0,0,319273408,0,0,0,0,0,0,0,0,0,0,0,0,0,0,0,0,0,0,0,0,0,0,0,0,0,3,0,0,0,0,0,0,0,0,0,2575223,0,0
1034,961,0,390,377,1,-1,13,24,0,0,0,0,0,0,0,0,0,320010688,0,0,0,0,0,0,0,0,0,0,0,0,0,0,0,0,0,0,0,0,0,0,0,0,0,3,0,0,0,0,0,0,0,0,0,2575223,0,0
1035,2,0,390,377,1,-1,13,24,0,0,0,0,0,0,0,0,0,320043520,0,0,0,0,0,0,0,0,0,0,0,0,0,0,0,0,0,0,0,0,0,0,0,0,0,3,0,0,0,0,0,0,0,0,0,2575223,0,0
1036,4,0,390,377,1,-1,13,24,0,0,0,0,0,0,0,0,0,320027136,0,0,0,0,0,0,0,0,0,0,0,0,0,0,0,0,0,0,0,0,0,0,0,0,0,3,0,0,0,0,0,0,0,0,0,2575223,0,0
1037,24,0,390,377,1,-1,13,24,0,0,0,0,0,0,0,0,0,320043456,0,0,0,0,0,0,0,0,0,0,0,0,0,0,0,0,0,0,0,0,0,0,0,0,0,3,0,0,0,0,0,0,0,0,0,2575223,0,0
1038,961,0,390,378,1,-1,13,24,0,0,0,0,0,0,0,0,0,320240064,0,0,0,0,0,0,0,0,0,0,0,0,0,0,0,0,0,0,0,0,0,0,0,0,0,3,0,0,0,0,0,0,0,0,0,2575223,0,0
1039,2,0,390,378,1,-1,13,24,0,0,0,0,0,0,0,0,0,320272896,0,0,0,0,0,0,0,0,0,0,0,0,0,0,0,0,0,0,0,0,0,0,0,0,0,3,0,0,0,0,0,0,0,0,0,2575223,0,0
1040,4,0,390,378,1,-1,13,24,0,0,0,0,0,0,0,0,0,320256512,0,0,0,0,0,0,0,0,0,0,0,0,0,0,0,0,0,0,0,0,0,0,0,0,0,3,0,0,0,0,0,0,0,0,0,2575223,0,0
1041,24,0,390,378,1,-1,13,24,0,0,0,0,0,0,0,0,0,320272832,0,0,0,0,0,0,0,0,0,0,0,0,0,0,0,0,0,0,0,0,0,0,0,0,0,3,0,0,0,0,0,0,0,0,0,2575223,0,0
1042,1984,1,395,238,0,2,15,168,2856,0,0,0,0,0,0,0,0,0,0,0,0,0,0,0,0,0,0,0,0,0,0,0,0,0,0,0,0,0,0,0,0,0,0,3,0,0,0,0,0,0,0,0,0,1616334,0,0
1043,4,1,395,238,0,2,15,168,2856,0,0,0,0,0,0,0,0,0,0,0,0,0,0,0,0,0,0,0,0,0,0,0,0,0,0,0,0,0,0,0,0,0,0,3,0,0,0,0,0,0,0,0,0,1616334,0,0
1044,2,1,395,238,0,2,15,168,2856,0,0,0,0,0,0,0,0,0,0,0,0,0,0,0,0,0,0,0,0,0,0,0,0,0,0,0,0,0,0,0,0,0,0,3,0,0,0,0,0,0,0,0,0,1616334,0,0
1045,24,1,395,238,0,2,15,168,2856,0,0,0,0,0,0,0,0,0,0,0,0,0,0,0,0,0,0,0,0,0,0,0,0,0,0,0,0,0,0,0,0,0,0,3,0,0,0,0,0,0,0,0,0,1616334,0,0
1046,1,1,395,238,0,2,15,168,2856,0,0,0,0,0,0,0,0,0,0,0,0,0,0,0,0,0,0,0,0,0,0,0,0,0,0,0,0,0,0,0,0,0,0,3,0,0,0,0,0,0,0,0,0,1616334,0,0
1047,1,1,391,240,0,2,13,168,2856,0,0,0,0,0,0,0,0,336656896,0,0,0,0,0,0,0,0,0,0,0,0,0,0,0,0,0,0,0,0,0,0,0,0,0,3,0,0,0,0,0,0,0,0,0,1616334,0,0
1048,2,1,391,240,0,2,13,168,2856,0,0,0,0,0,0,0,0,336689664,0,0,0,0,0,0,0,0,0,0,0,0,0,0,0,0,0,0,0,0,0,0,0,0,0,3,0,0,0,0,0,0,0,0,0,1616334,0,0
1049,4,1,391,240,0,2,13,168,2856,0,0,0,0,0,0,0,0,336673280,0,0,0,0,0,0,0,0,0,0,0,0,0,0,0,0,0,0,0,0,0,0,0,0,0,3,0,0,0,0,0,0,0,0,0,1616334,0,0
1050,1856,1,391,240,0,2,13,168,2856,0,0,0,0,0,0,0,0,336656896,0,0,0,0,0,0,0,0,0,0,0,0,0,0,0,0,0,0,0,0,0,0,0,0,0,3,0,0,0,0,0,0,0,0,0,1616334,0,0
1051,24,1,391,240,0,2,13,168,2856,0,0,0,0,0,0,0,0,336689664,0,0,0,0,0,0,0,0,0,0,0,0,0,0,0,0,0,0,0,0,0,0,0,0,0,3,0,0,0,0,0,0,0,0,0,1616334,0,0
1052,0,0,392,379,10,-1,1,24,0,0,0,0,0,0,0,0,0,0,0,0,0,0,0,0,531740672,0,0,0,0,0,0,0,0,0,0,0,0,0,0,0,0,0,0,3,0,0,0,0,0,0,0,0,0,2827084,0,0
1053,0,0,393,380,10,-1,1,24,0,0,0,0,0,0,0,0,0,0,0,0,0,0,0,0,527693824,0,0,0,0,0,0,0,0,0,0,0,0,0,0,0,0,0,0,3,0,0,0,0,0,0,0,0,0,2827082,0,0
1054,0,0,394,381,10,-1,1,24,0,0,0,0,0,0,0,0,0,0,0,0,0,0,0,0,526596096,0,0,0,0,0,0,0,0,0,0,0,0,0,0,0,0,0,0,3,0,0,0,0,0,0,0,0,0,2827083,0,0
1055,1984,1,395,238,0,2,13,168,2856,0,0,0,0,0,0,0,0,0,0,0,0,0,0,0,0,0,0,0,0,0,0,0,0,0,0,0,0,0,0,0,0,0,0,3,0,0,0,0,0,0,0,0,0,1616334,0,0
1056,961,0,239,382,0,0,13,165,0,0,0,0,0,0,0,0,0,323418624,327547392,336001472,340163072,344406528,0,0,0,0,0,0,0,0,0,0,0,0,0,0,0,0,0,0,0,0,342178304,3,0,0,0,0,0,0,0,0,0,1129683,1129682,1129681
1062,64,0,394,381,10,-1,1,168,0,0,0,0,0,0,0,0,0,319895552,0,0,0,0,0,0,526596096,0,0,0,0,0,0,0,0,0,0,0,0,0,0,0,0,0,0,3,0,0,0,0,0,0,0,0,0,2827083,0,0
1063,4,0,239,382,0,0,13,165,0,0,0,0,0,0,0,0,0,323435072,327563840,336017920,340179520,344422976,0,0,0,0,0,0,0,0,0,0,0,0,0,0,0,0,0,0,0,0,342194752,3,0,0,0,0,0,0,0,0,0,1129683,1129682,1129681
1065,2,0,239,382,0,0,13,165,0,0,0,0,0,0,0,0,0,323451392,327580160,336034304,340195840,344996352,0,0,0,0,0,0,0,0,0,0,0,0,0,0,0,0,0,0,0,0,342211072,3,0,0,0,0,0,0,0,0,0,1129683,1129682,1129681
1068,24,0,239,382,0,0,13,165,0,0,0,0,0,0,0,0,0,323451328,327580096,336034240,340195776,344996288,0,0,0,0,0,0,0,0,0,0,0,0,0,0,0,0,0,0,0,0,342211008,3,0,0,0,0,0,0,0,0,0,1129683,1129682,1129681
1069,961,0,396,383,1,-1,13,24,0,0,0,0,0,0,0,0,0,322173440,0,0,0,0,0,0,0,0,0,0,0,0,0,0,0,0,0,0,0,0,0,0,0,0,0,3,0,0,0,0,0,0,0,0,0,2576479,0,0
1070,2,0,396,383,1,-1,13,24,0,0,0,0,0,0,0,0,0,322206208,0,0,0,0,0,0,0,0,0,0,0,0,0,0,0,0,0,0,0,0,0,0,0,0,0,3,0,0,0,0,0,0,0,0,0,2576479,0,0
1071,4,0,396,383,1,-1,13,24,0,0,0,0,0,0,0,0,0,322189888,0,0,0,0,0,0,0,0,0,0,0,0,0,0,0,0,0,0,0,0,0,0,0,0,0,3,0,0,0,0,0,0,0,0,0,2576479,0,0
1072,24,0,396,383,1,-1,13,24,0,0,0,0,0,0,0,0,0,322206144,0,0,0,0,0,0,0,0,0,0,0,0,0,0,0,0,0,0,0,0,0,0,0,0,0,3,0,0,0,0,0,0,0,0,0,2576479,0,0
1073,0,0,396,383,1,-1,13,24,0,0,0,0,0,0,0,0,0,0,0,0,0,0,0,0,0,0,0,0,0,0,0,0,0,0,0,0,0,0,0,0,0,0,0,3,0,0,0,0,0,0,0,0,0,2576479,0,0
1074,961,0,396,384,1,-1,13,24,0,0,0,0,0,0,0,0,0,322288128,0,0,0,0,0,0,0,0,0,0,0,0,0,0,0,0,0,0,0,0,0,0,0,0,0,3,0,0,0,0,0,0,0,0,0,2576479,0,0
1075,4,0,396,384,1,-1,13,24,0,0,0,0,0,0,0,0,0,322304576,0,0,0,0,0,0,0,0,0,0,0,0,0,0,0,0,0,0,0,0,0,0,0,0,0,3,0,0,0,0,0,0,0,0,0,2576479,0,0
1076,2,0,396,384,1,-1,13,24,0,0,0,0,0,0,0,0,0,322320896,0,0,0,0,0,0,0,0,0,0,0,0,0,0,0,0,0,0,0,0,0,0,0,0,0,3,0,0,0,0,0,0,0,0,0,2576479,0,0
1077,24,0,396,384,1,-1,13,24,0,0,0,0,0,0,0,0,0,322320832,0,0,0,0,0,0,0,0,0,0,0,0,0,0,0,0,0,0,0,0,0,0,0,0,0,3,0,0,0,0,0,0,0,0,0,2576479,0,0
1078,0,0,396,384,1,-1,13,24,0,0,0,0,0,0,0,0,0,0,0,0,0,0,0,0,0,0,0,0,0,0,0,0,0,0,0,0,0,0,0,0,0,0,0,3,0,0,0,0,0,0,0,0,0,2576479,0,0
1079,33,0,0,0,0,0,15,72,0,0,0,0,0,0,0,0,0,0,0,0,0,0,0,0,0,0,0,0,0,0,0,0,0,0,0,0,0,0,0,0,0,0,0,0,0,0,0,0,0,0,0,0,0,0,0,0
1080,24,0,0,0,0,0,15,72,0,0,0,0,0,0,0,0,0,0,0,0,0,0,0,0,0,0,0,0,0,0,0,0,0,0,0,0,0,0,0,0,0,0,0,0,0,0,0,0,0,0,0,0,0,0,0,0
1081,2,0,0,0,0,0,15,72,0,0,0,0,0,0,0,0,0,0,0,0,0,0,0,0,0,0,0,0,0,0,0,0,0,0,0,0,0,0,0,0,0,0,0,0,0,0,0,0,0,0,0,0,0,0,0,0
1082,4,0,0,0,0,0,15,72,0,0,0,0,0,0,0,0,0,0,0,0,0,0,0,0,0,0,0,0,0,0,0,0,0,0,0,0,0,0,0,0,0,0,0,0,0,0,0,0,0,0,0,0,0,0,0,0
1083,2,1,395,240,0,2,13,168,2856,0,0,0,0,0,0,0,0,338721280,0,0,0,0,0,0,0,0,0,0,0,0,0,0,0,0,0,0,0,0,0,0,0,0,0,3,0,0,0,0,0,0,0,0,0,1616334,0,0
1084,24,1,395,240,0,2,13,168,2856,0,0,0,0,0,0,0,0,338721280,0,0,0,0,0,0,0,0,0,0,0,0,0,0,0,0,0,0,0,0,0,0,0,0,0,3,0,0,0,0,0,0,0,0,0,1616334,0,0
1085,4,1,395,240,0,2,13,168,2856,0,0,0,0,0,0,0,0,338704896,0,0,0,0,0,0,0,0,0,0,0,0,0,0,0,0,0,0,0,0,0,0,0,0,0,3,0,0,0,0,0,0,0,0,0,1616334,0,0
1086,1,1,395,240,0,2,13,168,2856,0,0,0,0,0,0,0,0,338147840,0,0,0,0,0,0,0,0,0,0,0,0,0,0,0,0,0,0,0,0,0,0,0,0,0,3,0,0,0,0,0,0,0,0,0,1616334,0,0
1087,1856,1,395,240,0,2,13,168,2856,0,0,0,0,0,0,0,0,338147840,0,0,0,0,0,0,0,0,0,0,0,0,0,0,0,0,0,0,0,0,0,0,0,0,0,3,0,0,0,0,0,0,0,0,0,1616334,0,0
1088,1,1,0,0,0,2,15,168,2856,0,0,0,0,0,0,0,0,0,0,0,0,0,0,0,0,0,0,0,0,0,0,0,0,0,0,0,0,0,0,0,0,0,0,3,0,0,0,0,0,0,0,0,0,1616334,0,0
1089,1984,1,0,0,0,2,15,168,2856,0,0,0,0,0,0,0,0,0,0,0,0,0,0,0,0,0,0,0,0,0,0,0,0,0,0,0,0,0,0,0,0,0,0,3,0,0,0,0,0,0,0,0,0,1616334,0,0
1090,4,1,0,0,0,2,15,168,2856,0,0,0,0,0,0,0,0,0,0,0,0,0,0,0,0,0,0,0,0,0,0,0,0,0,0,0,0,0,0,0,0,0,0,3,0,0,0,0,0,0,0,0,0,1616334,0,0
1091,24,1,0,0,0,2,15,168,2856,0,0,0,0,0,0,0,0,0,0,0,0,0,0,0,0,0,0,0,0,0,0,0,0,0,0,0,0,0,0,0,0,0,0,3,0,0,0,0,0,0,0,0,0,1616334,0,0
1092,2,1,0,0,0,2,15,168,2856,0,0,0,0,0,0,0,0,0,0,0,0,0,0,0,0,0,0,0,0,0,0,0,0,0,0,0,0,0,0,0,0,0,0,3,0,0,0,0,0,0,0,0,0,1616334,0,0
1093,1984,0,0,0,0,0,15,72,0,0,0,0,0,0,0,0,0,0,0,0,0,0,0,0,0,0,0,0,0,0,0,0,0,0,0,0,0,0,0,0,0,0,0,0,0,0,0,0,0,0,0,0,0,0,0,0
1094,1985,0,0,0,0,-1,15,1,0,0,0,0,0,0,0,0,0,322058880,0,0,0,0,0,0,0,0,0,0,0,0,0,0,0,0,0,0,0,0,0,0,0,0,0,0,0,0,0,0,0,0,0,0,0,0,0,0
1095,4,0,0,0,0,-1,15,1,0,0,0,0,0,0,0,0,0,322075264,0,0,0,0,0,0,0,0,0,0,0,0,0,0,0,0,0,0,0,0,0,0,0,0,0,0,0,0,0,0,0,0,0,0,0,0,0,0
1096,26,0,0,0,0,-1,15,1,0,0,0,0,0,0,0,0,0,322091648,0,0,0,0,0,0,0,0,0,0,0,0,0,0,0,0,0,0,0,0,0,0,0,0,0,0,0,0,0,0,0,0,0,0,0,0,0,0
1098,961,0,397,387,1,-1,13,24,0,0,0,0,0,0,0,0,0,325204480,0,0,0,0,0,0,0,0,0,0,0,0,0,0,0,0,0,0,0,0,0,0,0,0,0,3,0,0,0,0,0,0,0,0,0,3025317,0,0
1099,2,0,397,387,1,-1,13,24,0,0,0,0,0,0,0,0,0,325237248,0,0,0,0,0,0,0,0,0,0,0,0,0,0,0,0,0,0,0,0,0,0,0,0,0,3,0,0,0,0,0,0,0,0,0,3025317,0,0
1100,4,0,397,387,1,-1,13,24,0,0,0,0,0,0,0,0,0,325220928,0,0,0,0,0,0,0,0,0,0,0,0,0,0,0,0,0,0,0,0,0,0,0,0,0,3,0,0,0,0,0,0,0,0,0,3025317,0,0
1101,24,0,397,387,1,-1,13,24,0,0,0,0,0,0,0,0,0,325237184,0,0,0,0,0,0,0,0,0,0,0,0,0,0,0,0,0,0,0,0,0,0,0,0,0,3,0,0,0,0,0,0,0,0,0,3025317,0,0
1102,961,0,397,388,1,-1,13,24,0,0,0,0,0,0,0,0,0,325319168,0,0,0,0,0,0,0,0,0,0,0,0,0,0,0,0,0,0,0,0,0,0,0,0,0,3,0,0,0,0,0,0,0,0,0,3025317,0,0
1103,2,0,397,388,1,-1,13,24,0,0,0,0,0,0,0,0,0,325351936,0,0,0,0,0,0,0,0,0,0,0,0,0,0,0,0,0,0,0,0,0,0,0,0,0,3,0,0,0,0,0,0,0,0,0,3025317,0,0
1104,4,0,397,388,1,-1,13,24,0,0,0,0,0,0,0,0,0,325335616,0,0,0,0,0,0,0,0,0,0,0,0,0,0,0,0,0,0,0,0,0,0,0,0,0,3,0,0,0,0,0,0,0,0,0,3025317,0,0
1105,24,0,397,388,1,-1,13,24,0,0,0,0,0,0,0,0,0,325351872,0,0,0,0,0,0,0,0,0,0,0,0,0,0,0,0,0,0,0,0,0,0,0,0,0,3,0,0,0,0,0,0,0,0,0,3025317,0,0
1106,4,0,397,389,1,-1,13,24,0,0,0,0,0,0,0,0,0,325564992,0,0,0,0,0,0,0,0,0,0,0,0,0,0,0,0,0,0,0,0,0,0,0,0,0,3,0,0,0,0,0,0,0,0,0,3025317,0,0
1107,24,0,397,389,1,-1,13,24,0,0,0,0,0,0,0,0,0,326121920,0,0,0,0,0,0,0,0,0,0,0,0,0,0,0,0,0,0,0,0,0,0,0,0,0,3,0,0,0,0,0,0,0,0,0,3025317,0,0
1108,961,0,397,390,1,-1,13,24,0,0,0,0,0,0,0,0,0,326318592,0,0,0,0,0,0,0,0,0,0,0,0,0,0,0,0,0,0,0,0,0,0,0,0,0,3,0,0,0,0,0,0,0,0,0,3025317,0,0
1109,2,0,397,390,1,-1,13,24,0,0,0,0,0,0,0,0,0,326351360,0,0,0,0,0,0,0,0,0,0,0,0,0,0,0,0,0,0,0,0,0,0,0,0,0,3,0,0,0,0,0,0,0,0,0,3025317,0,0
1110,4,0,397,390,1,-1,13,24,0,0,0,0,0,0,0,0,0,326335040,0,0,0,0,0,0,0,0,0,0,0,0,0,0,0,0,0,0,0,0,0,0,0,0,0,3,0,0,0,0,0,0,0,0,0,3025317,0,0
1111,24,0,397,390,1,-1,13,24,0,0,0,0,0,0,0,0,0,326351296,0,0,0,0,0,0,0,0,0,0,0,0,0,0,0,0,0,0,0,0,0,0,0,0,0,3,0,0,0,0,0,0,0,0,0,3025317,0,0
1112,2,0,397,389,1,-1,13,24,0,0,0,0,0,0,0,0,0,326121984,0,0,0,0,0,0,0,0,0,0,0,0,0,0,0,0,0,0,0,0,0,0,0,0,0,3,0,0,0,0,0,0,0,0,0,3025317,0,0
1113,961,0,397,389,1,-1,13,24,0,0,0,0,0,0,0,0,0,325548544,0,0,0,0,0,0,0,0,0,0,0,0,0,0,0,0,0,0,0,0,0,0,0,0,0,3,0,0,0,0,0,0,0,0,0,3025317,0,0
1120,1,1,398,391,0,2,13,167,2856,0,0,0,0,0,0,0,0,338033153,0,0,0,0,0,0,0,0,0,0,0,0,0,0,0,0,0,0,0,0,0,0,0,0,0,3,0,0,0,0,0,0,0,0,0,1616334,0,0
1121,2,1,398,391,0,2,13,167,2856,0,0,0,0,0,0,0,0,338065921,0,0,0,0,0,0,0,0,0,0,0,0,0,0,0,0,0,0,0,0,0,0,0,0,0,3,0,0,0,0,0,0,0,0,0,1616334,0,0
1122,4,1,398,391,0,2,13,167,2856,0,0,0,0,0,0,0,0,338049537,0,0,0,0,0,0,0,0,0,0,0,0,0,0,0,0,0,0,0,0,0,0,0,0,0,3,0,0,0,0,0,0,0,0,0,1616334,0,0
1123,1984,1,398,391,0,2,13,167,2856,0,0,0,0,0,0,0,0,338033153,0,0,0,0,0,0,0,0,0,0,0,0,0,0,0,0,0,0,0,0,0,0,0,0,0,3,0,0,0,0,0,0,0,0,0,1616334,0,0
1124,24,1,398,391,0,2,13,167,2856,0,0,0,0,0,0,0,0,338065921,0,0,0,0,0,0,0,0,0,0,0,0,0,0,0,0,0,0,0,0,0,0,0,0,0,3,0,0,0,0,0,0,0,0,0,1616334,0,0
1130,961,0,378,357,1,-1,15,24,0,0,0,0,0,0,0,0,0,336607680,0,0,0,0,0,0,0,0,0,0,0,0,0,0,0,0,0,0,0,0,0,0,0,0,0,3,0,0,0,0,0,0,0,0,0,1129671,1129670,1129669
1131,16,0,378,357,1,-1,15,24,0,0,0,0,0,0,0,0,0,336607744,0,0,0,0,0,0,0,0,0,0,0,0,0,0,0,0,0,0,0,0,0,0,0,0,0,3,0,0,0,0,0,0,0,0,0,1129671,1129670,1129669
1132,4,0,378,357,1,-1,15,24,0,0,0,0,0,0,0,0,0,335903232,0,0,0,0,0,0,0,0,0,0,0,0,0,0,0,0,0,0,0,0,0,0,0,0,0,3,0,0,0,0,0,0,0,0,0,1129671,1129670,1129669
1133,2,0,378,357,1,-1,15,24,0,0,0,0,0,0,0,0,0,336607744,0,0,0,0,0,0,0,0,0,0,0,0,0,0,0,0,0,0,0,0,0,0,0,0,0,3,0,0,0,0,0,0,0,0,0,1129671,1129670,1129669
1134,8,0,378,357,1,-1,15,24,0,0,0,0,0,0,0,0,0,336607744,0,0,0,0,0,0,0,0,0,0,0,0,0,0,0,0,0,0,0,0,0,0,0,0,0,3,0,0,0,0,0,0,0,0,0,1129671,1129670,1129669
1135,961,0,378,357,1,-1,15,24,0,0,0,0,0,0,0,0,0,335886784,0,0,0,0,0,0,0,0,0,0,0,0,0,0,0,0,0,0,0,0,0,0,0,0,0,3,0,0,0,0,0,0,0,0,0,1129671,1129670,1129669
1136,4,0,378,357,1,-1,15,24,0,0,0,0,0,0,0,0,0,336607744,0,0,0,0,0,0,0,0,0,0,0,0,0,0,0,0,0,0,0,0,0,0,0,0,0,3,0,0,0,0,0,0,0,0,0,1129671,1129670,1129669
1137,2,0,378,357,1,-1,15,24,0,0,0,0,0,0,0,0,0,335919616,0,0,0,0,0,0,0,0,0,0,0,0,0,0,0,0,0,0,0,0,0,0,0,0,0,3,0,0,0,0,0,0,0,0,0,1129671,1129670,1129669
1138,8,0,378,357,1,-1,15,24,0,0,0,0,0,0,0,0,0,335919552,0,0,0,0,0,0,0,0,0,0,0,0,0,0,0,0,0,0,0,0,0,0,0,0,0,3,0,0,0,0,0,0,0,0,0,1129671,1129670,1129669
1139,16,0,378,357,1,-1,15,24,0,0,0,0,0,0,0,0,0,335919552,0,0,0,0,0,0,0,0,0,0,0,0,0,0,0,0,0,0,0,0,0,0,0,0,0,3,0,0,0,0,0,0,0,0,0,1129671,1129670,1129669
1140,961,0,399,392,1,-1,13,24,0,0,0,0,0,0,0,0,0,335886784,0,0,0,0,0,0,0,0,0,0,0,0,0,0,0,0,0,0,0,0,0,0,0,0,0,3,0,0,0,0,0,0,0,0,0,3221461,0,0
1141,2,0,399,392,1,-1,13,24,0,0,0,0,0,0,0,0,0,335919616,0,0,0,0,0,0,0,0,0,0,0,0,0,0,0,0,0,0,0,0,0,0,0,0,0,3,0,0,0,0,0,0,0,0,0,3221461,0,0
1142,4,0,399,392,1,-1,13,24,0,0,0,0,0,0,0,0,0,335903232,0,0,0,0,0,0,0,0,0,0,0,0,0,0,0,0,0,0,0,0,0,0,0,0,0,3,0,0,0,0,0,0,0,0,0,3221461,0,0
1143,24,0,399,392,1,-1,13,24,0,0,0,0,0,0,0,0,0,335919552,0,0,0,0,0,0,0,0,0,0,0,0,0,0,0,0,0,0,0,0,0,0,0,0,0,3,0,0,0,0,0,0,0,0,0,3221461,0,0
1144,961,0,399,393,1,0,13,24,0,0,0,0,0,0,0,0,0,336001472,0,0,0,0,0,0,0,0,0,0,0,0,0,0,0,0,0,0,0,0,0,0,0,0,0,3,0,0,0,0,0,0,0,0,0,3221461,0,0
1145,2,0,399,393,1,0,13,24,0,0,0,0,0,0,0,0,0,336034304,0,0,0,0,0,0,0,0,0,0,0,0,0,0,0,0,0,0,0,0,0,0,0,0,0,3,0,0,0,0,0,0,0,0,0,3221461,0,0
1146,4,0,399,393,1,0,13,24,0,0,0,0,0,0,0,0,0,336017920,0,0,0,0,0,0,0,0,0,0,0,0,0,0,0,0,0,0,0,0,0,0,0,0,0,3,0,0,0,0,0,0,0,0,0,3221461,0,0
1147,24,0,399,393,1,0,13,24,0,0,0,0,0,0,0,0,0,336034240,0,0,0,0,0,0,0,0,0,0,0,0,0,0,0,0,0,0,0,0,0,0,0,0,0,3,0,0,0,0,0,0,0,0,0,3221461,0,0
1148,961,0,399,394,1,0,13,24,0,0,0,0,0,0,0,0,0,336771520,0,0,0,0,0,0,0,0,0,0,0,0,0,0,0,0,0,0,0,0,0,0,0,0,0,3,0,0,0,0,0,0,0,0,0,3221461,0,0
1149,2,0,399,394,1,0,13,24,0,0,0,0,0,0,0,0,0,336804352,0,0,0,0,0,0,0,0,0,0,0,0,0,0,0,0,0,0,0,0,0,0,0,0,0,3,0,0,0,0,0,0,0,0,0,3221461,0,0
1150,4,0,399,394,1,0,13,24,0,0,0,0,0,0,0,0,0,336787968,0,0,0,0,0,0,0,0,0,0,0,0,0,0,0,0,0,0,0,0,0,0,0,0,0,3,0,0,0,0,0,0,0,0,0,3221461,0,0
1151,24,0,399,394,1,0,13,24,0,0,0,0,0,0,0,0,0,336804288,0,0,0,0,0,0,0,0,0,0,0,0,0,0,0,0,0,0,0,0,0,0,0,0,0,3,0,0,0,0,0,0,0,0,0,3221461,0,0
1152,961,0,399,395,1,0,13,24,0,0,0,0,0,0,0,0,0,337000896,0,0,0,0,0,0,0,0,0,0,0,0,0,0,0,0,0,0,0,0,0,0,0,0,0,3,0,0,0,0,0,0,0,0,0,3221461,0,0
1153,2,0,399,395,1,0,13,24,0,0,0,0,0,0,0,0,0,337033728,0,0,0,0,0,0,0,0,0,0,0,0,0,0,0,0,0,0,0,0,0,0,0,0,0,3,0,0,0,0,0,0,0,0,0,3221461,0,0
1154,4,0,399,395,1,0,13,24,0,0,0,0,0,0,0,0,0,337017344,0,0,0,0,0,0,0,0,0,0,0,0,0,0,0,0,0,0,0,0,0,0,0,0,0,3,0,0,0,0,0,0,0,0,0,3221461,0,0
1155,24,0,399,395,1,0,13,24,0,0,0,0,0,0,0,0,0,337033664,0,0,0,0,0,0,0,0,0,0,0,0,0,0,0,0,0,0,0,0,0,0,0,0,0,3,0,0,0,0,0,0,0,0,0,3221461,0,0
1156,961,0,399,396,1,0,13,24,0,0,0,0,0,0,0,0,0,337803776,0,0,0,0,0,0,0,0,0,0,0,0,0,0,0,0,0,0,0,0,0,0,0,0,0,3,0,0,0,0,0,0,0,0,0,3221461,0,0
1157,2,0,399,396,1,0,13,24,0,0,0,0,0,0,0,0,0,337836544,0,0,0,0,0,0,0,0,0,0,0,0,0,0,0,0,0,0,0,0,0,0,0,0,0,3,0,0,0,0,0,0,0,0,0,3221461,0,0
1158,4,0,399,396,1,0,13,24,0,0,0,0,0,0,0,0,0,337820160,0,0,0,0,0,0,0,0,0,0,0,0,0,0,0,0,0,0,0,0,0,0,0,0,0,3,0,0,0,0,0,0,0,0,0,3221461,0,0
1159,24,0,399,396,1,0,13,24,0,0,0,0,0,0,0,0,0,337836480,0,0,0,0,0,0,0,0,0,0,0,0,0,0,0,0,0,0,0,0,0,0,0,0,0,3,0,0,0,0,0,0,0,0,0,3221461,0,0
1160,4,0,242,188,0,-1,3,1512,0,0,0,0,0,0,0,0,0,279181952,295959168,312736384,329349632,344996480,361773696,0,0,0,0,0,0,0,0,0,0,0,0,0,0,0,0,0,0,0,0,0,0,0,0,0,0,0,0,0,0,1084434,1084433,1084432
1161,2,0,242,188,0,-1,3,1512,0,0,0,0,0,0,0,0,0,279181952,295959168,312736384,329366016,344996480,361773696,0,0,0,0,0,0,0,0,0,0,0,0,0,0,0,0,0,0,0,0,0,0,0,0,0,0,0,0,0,0,1084434,1084433,1084432
1162,24,0,242,188,0,-1,3,1512,0,0,0,0,0,0,0,0,0,279181952,295959168,312736384,329365952,344996480,361773696,0,0,0,0,0,0,0,0,0,0,0,0,0,0,0,0,0,0,0,0,0,0,0,0,0,0,0,0,0,0,1084434,1084433,1084432
1163,4,0,275,188,0,-1,1,1512,0,0,0,0,0,0,0,0,0,329349632,0,0,0,0,0,0,0,0,0,0,0,0,0,0,0,0,0,0,0,0,0,0,0,0,0,3,0,0,0,0,0,0,0,0,0,1084434,1084433,1084432
1164,2,0,275,188,0,-1,1,1512,0,0,0,0,0,0,0,0,0,329366016,0,0,0,0,0,0,0,0,0,0,0,0,0,0,0,0,0,0,0,0,0,0,0,0,0,3,0,0,0,0,0,0,0,0,0,1084434,1084433,1084432
1165,24,0,275,188,0,-1,1,1512,0,0,0,0,0,0,0,0,0,329365952,0,0,0,0,0,0,0,0,0,0,0,0,0,0,0,0,0,0,0,0,0,0,0,0,0,3,0,0,0,0,0,0,0,0,0,1084434,1084433,1084432
1166,1792,1,264,0,0,2,13,168,2856,0,0,0,0,0,0,0,0,336886272,0,0,0,0,0,0,0,0,0,0,0,0,0,0,0,0,0,0,0,0,0,0,0,0,0,3,0,0,0,0,0,0,0,0,0,1616334,0,0
1167,2,1,264,239,0,2,13,168,2856,0,0,0,0,0,0,0,0,336919040,0,0,0,0,0,0,0,0,0,0,0,0,0,0,0,0,0,0,0,0,0,0,0,0,0,3,0,0,0,0,0,0,0,0,0,1616334,0,0
1168,24,1,264,239,0,2,13,168,2856,0,0,0,0,0,0,0,0,336919040,0,0,0,0,0,0,0,0,0,0,0,0,0,0,0,0,0,0,0,0,0,0,0,0,0,3,0,0,0,0,0,0,0,0,0,1616334,0,0
1169,4,1,264,239,0,2,13,168,2856,0,0,0,0,0,0,0,0,336902656,0,0,0,0,0,0,0,0,0,0,0,0,0,0,0,0,0,0,0,0,0,0,0,0,0,3,0,0,0,0,0,0,0,0,0,1616334,0,0
1170,1,1,264,239,0,2,13,168,2856,0,0,0,0,0,0,0,0,336886272,0,0,0,0,0,0,0,0,0,0,0,0,0,0,0,0,0,0,0,0,0,0,0,0,0,3,0,0,0,0,0,0,0,0,0,1616334,0,0
1171,2,1,230,391,0,2,13,167,2856,0,0,0,0,0,0,0,0,335804929,0,0,0,0,0,0,0,0,0,0,0,0,0,0,0,0,0,0,0,0,0,0,0,0,0,3,0,0,0,0,0,0,0,0,0,1616334,0,0
1172,24,1,230,391,0,2,13,167,2856,0,0,0,0,0,0,0,0,335804929,0,0,0,0,0,0,0,0,0,0,0,0,0,0,0,0,0,0,0,0,0,0,0,0,0,3,0,0,0,0,0,0,0,0,0,1616334,0,0
1173,4,1,230,391,0,2,13,167,2856,0,0,0,0,0,0,0,0,335788545,0,0,0,0,0,0,0,0,0,0,0,0,0,0,0,0,0,0,0,0,0,0,0,0,0,3,0,0,0,0,0,0,0,0,0,1616334,0,0
1174,1,1,230,391,0,2,13,167,2856,0,0,0,0,0,0,0,0,335772161,0,0,0,0,0,0,0,0,0,0,0,0,0,0,0,0,0,0,0,0,0,0,0,0,0,3,0,0,0,0,0,0,0,0,0,1616334,0,0
1175,832,1,230,391,0,2,13,167,2856,0,0,0,0,0,0,0,0,335772161,0,0,0,0,0,0,0,0,0,0,0,0,0,0,0,0,0,0,0,0,0,0,0,0,0,3,0,0,0,0,0,0,0,0,0,1616334,0,0
1176,2,0,0,0,1,-1,15,168,0,0,0,0,0,0,0,0,0,340933120,0,0,0,0,0,0,0,0,0,0,0,0,0,0,0,0,0,0,0,0,0,0,0,0,0,3,0,0,0,0,0,0,0,0,0,0,0,0
1177,4,0,0,0,1,-1,15,168,0,0,0,0,0,0,0,0,0,340933120,0,0,0,0,0,0,0,0,0,0,0,0,0,0,0,0,0,0,0,0,0,0,0,0,0,3,0,0,0,0,0,0,0,0,0,0,0,0
1178,24,0,0,0,1,-1,15,168,0,0,0,0,0,0,0,0,0,340933120,0,0,0,0,0,0,0,0,0,0,0,0,0,0,0,0,0,0,0,0,0,0,0,0,0,3,0,0,0,0,0,0,0,0,0,0,0,0
1179,961,0,0,0,1,-1,15,168,0,0,0,0,0,0,0,0,0,340933120,0,0,0,0,0,0,0,0,0,0,0,0,0,0,0,0,0,0,0,0,0,0,0,0,0,3,0,0,0,0,0,0,0,0,0,0,0,0
1182,1,0,0,0,10,-1,3,6864,0,0,0,0,0,0,0,0,0,337967744,0,0,0,0,0,0,0,0,0,0,0,0,0,0,0,0,0,0,0,0,0,0,0,0,0,3,0,0,0,0,0,0,0,0,0,0,0,0
1183,4,0,0,0,10,-1,3,6864,0,0,0,0,0,0,0,0,0,337968256,0,0,0,0,0,0,0,0,0,0,0,0,0,0,0,0,0,0,0,0,0,0,0,0,0,3,0,0,0,0,0,0,0,0,0,0,0,0
1184,2,0,0,0,10,-1,3,6864,0,0,0,0,0,0,0,0,0,337983616,0,0,0,0,0,0,0,0,0,0,0,0,0,0,0,0,0,0,0,0,0,0,0,0,0,3,0,0,0,0,0,0,0,0,0,0,0,0
1185,24,0,0,0,10,-1,3,6864,0,0,0,0,0,0,0,0,0,337983552,0,0,0,0,0,0,0,0,0,0,0,0,0,0,0,0,0,0,0,0,0,0,0,0,0,3,0,0,0,0,0,0,0,0,0,0,0,0
1186,1,0,0,0,10,-1,3,744,0,0,0,0,0,0,0,0,0,339016320,0,0,0,0,0,0,0,0,0,0,0,0,0,0,0,0,0,0,0,0,0,0,0,0,0,3,0,0,0,0,0,0,0,0,0,0,0,0
1187,24,0,0,0,10,-1,3,744,0,0,0,0,0,0,0,0,0,339032128,0,0,0,0,0,0,0,0,0,0,0,0,0,0,0,0,0,0,0,0,0,0,0,0,0,3,0,0,0,0,0,0,0,0,0,0,0,0
1188,2,0,0,0,10,-1,3,744,0,0,0,0,0,0,0,0,0,339032192,0,0,0,0,0,0,0,0,0,0,0,0,0,0,0,0,0,0,0,0,0,0,0,0,0,3,0,0,0,0,0,0,0,0,0,0,0,0
1189,4,0,0,0,10,-1,3,744,0,0,0,0,0,0,0,0,0,339016896,0,0,0,0,0,0,0,0,0,0,0,0,0,0,0,0,0,0,0,0,0,0,0,0,0,3,0,0,0,0,0,0,0,0,0,0,0,0
