ID,DifficultyID,EffectIndex,Effect,EffectAmplitude,EffectAttributes,EffectAura,EffectAuraPeriod,EffectBasePoints,EffectBonusCoefficient,EffectChainAmplitude,EffectChainTargets,EffectDieSides,EffectItemType,EffectMechanic,EffectPointsPerResource,EffectPos_facing,EffectRealPointsPerLevel,EffectTriggerSpell,BonusCoefficientFromAP,PvpMultiplier,Coefficient,Variance,ResourceCoefficient,GroupSizeBasePointsCoefficient,EffectMiscValue_0,EffectMiscValue_1,EffectRadiusIndex_0,EffectRadiusIndex_1,EffectSpellClassMask_0,EffectSpellClassMask_1,EffectSpellClassMask_2,EffectSpellClassMask_3,ImplicitTarget_0,ImplicitTarget_1,SpellID
678985,0,0,56,0,0,0,0,-1,0,1,0,1,0,0,0,0,0,0,0,1,0,0,0,1,416,0,0,0,0,0,0,0,32,0,688
679414,0,0,6,0,0,22,0,9,0,1,0,1,0,0,0,0,0,0,0,1,0,0,0,1,16,0,0,0,0,0,0,0,1,0,1138
679577,0,0,6,0,0,22,0,-46,0,1,0,1,0,0,0,0,0,0,0,1,0,0,0,1,116,0,0,0,0,0,0,0,6,0,1490
679578,0,1,6,0,0,87,0,5,0,1,0,1,0,0,0,0,0,0,0,1,0,0,0,1,116,0,0,0,0,0,0,0,6,0,1490
679915,0,0,53,0,0,0,0,-1,0,1,0,1,0,0,0,0,0,0,0,1,0,0,0,1,16,0,0,0,0,0,0,0,0,0,2832
681058,0,0,6,1,0,36,0,-1,0,1,0,1,0,0,0,0,0,0,0,1,0,0,0,1,16,0,0,0,0,0,0,0,1,0,2645
681080,0,2,6,0,0,77,0,99,1,1,0,1,0,0,0,0,0,0,0,1,0,0,0,1,16,0,0,0,0,0,0,0,1,0,1949
681343,0,0,24,0,0,0,0,0,0,1,0,1,2316,0,0,0,0,0,0,1,0,0,0,1,0,0,0,0,0,0,0,0,1,0,2168
681613,0,0,24,0,0,0,0,0,0,1,0,1,4316,0,0,0,0,0,0,1,0,0,0,1,0,0,0,0,0,0,0,0,1,0,3850
682054,0,0,24,0,0,0,0,0,0,1,0,1,4255,0,0,0,0,0,0,1,0,0,0,1,0,0,0,0,0,0,0,0,1,0,3772
682528,0,0,6,0,0,22,0,0,0,1,0,1,0,0,0,0,1,0,0,1,0,0,0,1,16,0,0,0,0,0,0,0,1,0,4080
682550,0,0,6,0,0,14,0,99,0,1,0,1,0,0,0,0,0,0,0,1,0,0,0,1,16,0,0,0,0,0,0,0,1,0,5111
682703,0,0,6,0,0,69,0,599,0,1,0,1,0,0,0,0,0,0,0,1,0,0,0,1,16,0,0,0,0,0,0,0,1,0,4077
682780,0,1,16,0,0,0,0,0,0,1,0,0,0,0,0,0,0,0,0,1,0,0,0,1,924,0,0,0,0,0,0,0,1,0,5099
683285,0,1,16,0,0,0,0,0,0,1,0,0,0,0,0,0,0,0,0,1,0,0,0,1,754,0,0,0,0,0,0,0,1,0,4975
683421,0,0,6,0,0,22,0,7,0,1,0,1,0,0,0,0,0,0,0,1,0,0,0,1,16,0,0,0,0,0,0,0,1,0,14548
683480,0,0,6,0,0,39,0,0,0,1,0,1,0,0,0,0,0,0,0,1,0,0,0,1,16,0,0,0,0,0,0,0,21,0,4980
683795,0,1,16,0,0,0,0,0,0,1,0,0,0,0,0,0,0,0,0,1,0,0,0,1,758,0,0,0,0,0,0,0,1,0,4977
683797,0,1,16,0,0,0,0,0,0,1,0,0,0,0,0,0,0,0,0,1,0,0,0,1,760,0,0,0,0,0,0,0,1,0,4978
684090,0,0,6,0,0,22,0,3,0,1,0,1,0,0,0,0,0,0,0,1,0,0,0,1,16,0,0,0,0,0,0,0,1,0,14545
684117,0,0,6,0,0,69,0,524,0,1,0,351,0,0,0,0,0,0,0,1,0,0,0,1,16,0,0,0,0,0,0,0,1,0,7236
684138,0,0,6,0,0,69,0,299,0,1,0,201,0,0,0,0,0,0,0,1,0,0,0,1,16,0,0,0,0,0,0,0,1,0,7240
684172,0,0,6,0,0,69,0,1349,0,1,0,901,0,0,0,0,0,0,0,1,0,0,0,1,16,0,0,0,0,0,0,0,1,0,7239
684368,0,0,6,0,0,22,0,2,0,1,0,1,0,0,0,0,0,0,0,1,0,0,0,1,16,0,0,0,0,0,0,0,1,0,14544
684442,0,0,6,0,0,69,0,974,0,1,0,651,0,0,0,0,0,0,0,1,0,0,0,1,16,0,0,0,0,0,0,0,1,0,7237
684460,0,0,6,0,0,69,0,674,0,1,0,451,0,0,0,0,0,0,0,1,0,0,0,1,16,0,0,0,0,0,0,0,1,0,7238
684561,0,0,6,0,0,22,0,0,0,1,0,1,0,0,0,0,0,0,0,1,0,0,0,1,16,0,0,0,0,0,0,0,1,0,14541
684645,0,1,16,0,0,0,0,0,0,1,0,0,0,0,0,0,0,0,0,1,0,0,0,1,1086,0,0,0,0,0,0,0,1,0,6620
684741,0,0,3,0,0,0,0,3,0,1,0,1,0,0,0,0,0,0,0,1,0,0,0,1,0,0,16,0,0,0,0,0,1,0,8018
684743,0,0,6,0,0,13,0,5,0,1,0,1,0,0,0,0,0,0,0,1,0,0,0,1,16,0,0,0,0,0,0,0,1,0,7700
685051,0,0,6,0,0,69,0,164,0,1,0,1,0,0,0,0,0,0,0,1,0,0,0,1,16,0,0,0,0,0,0,0,1,0,6143
685052,0,1,6,1,0,74,0,-1,0,1,0,1,0,0,0,0,0,0,0,1,0,0,0,1,16,0,0,0,0,0,0,0,1,0,6143
685220,0,0,6,0,0,14,0,49,0,1,0,1,0,0,0,0,0,0,0,1,0,0,0,1,16,0,0,0,0,0,0,0,6,0,6873
685346,0,0,6,0,0,22,0,5,0,1,0,1,0,0,0,0,0,0,0,1,0,0,0,1,16,0,0,0,0,0,0,0,1,0,14543
685363,0,0,6,0,0,39,0,0,0,1,0,0,0,0,0,0,0,0,0,1,0,0,0,1,16,0,0,0,0,0,0,0,1,0,7940
685656,0,0,3,0,0,0,0,1,0,1,0,1,0,0,0,0,0,0,0,1,0,0,0,1,0,0,16,0,0,0,0,0,1,0,8017
685677,0,2,6,0,0,22,0,5,0,1,0,1,0,0,0,0,0,0,0,1,0,0,0,1,16,0,0,0,0,0,0,0,1,0,7302
685683,0,0,53,0,0,0,0,-1,0,1,0,1,0,0,0,0,0,0,0,1,0,0,0,1,255,0,0,0,0,0,0,0,0,0,7859
685712,0,0,6,0,0,13,0,8,0,1,0,1,0,0,0,0,0,0,0,1,0,0,0,1,16,0,0,0,0,0,0,0,1,0,7702
685715,0,2,6,0,0,22,0,8,0,1,0,1,0,0,0,0,0,0,0,1,0,0,0,1,16,0,0,0,0,0,0,0,1,0,7320
685723,0,0,6,0,0,13,0,6,0,1,0,1,0,0,0,0,0,0,0,1,0,0,0,1,16,0,0,0,0,0,0,0,1,0,7701
685730,0,0,6,0,0,13,0,9,0,1,0,1,0,0,0,0,0,0,0,1,0,0,0,1,16,0,0,0,0,0,0,0,1,0,7703
685894,0,0,6,0,0,13,0,0,0,1,0,1,0,0,0,0,0,0,0,1,0,0,0,1,16,0,0,0,0,0,0,0,1,0,7697
685939,0,0,6,0,0,13,0,2,0,1,0,1,0,0,0,0,0,0,0,1,0,0,0,1,16,0,0,0,0,0,0,0,1,0,7698
685940,0,0,6,0,0,13,0,3,0,1,0,1,0,0,0,0,0,0,0,1,0,0,0,1,16,0,0,0,0,0,0,0,1,0,7699
685944,0,0,3,0,0,0,0,0,1,1,0,0,0,0,0,0,0,0,0,1,0,0,0,1,0,0,16,0,0,0,0,0,1,0,7155
685970,0,1,16,0,0,0,0,0,1,1,0,0,0,0,0,0,0,0,0,1,0,0,0,1,9051,0,0,0,0,0,0,0,1,0,7211
686139,0,0,6,0,0,69,0,289,0,1,0,1,0,0,0,0,0,0,0,1,0,0,0,1,16,0,0,0,0,0,0,0,1,0,8461
686140,0,1,6,1,0,74,0,-1,0,1,0,1,0,0,0,0,0,0,0,1,0,0,0,1,16,0,0,0,0,0,0,0,1,0,8461
686192,0,0,6,0,0,69,0,469,0,1,0,1,0,0,0,0,0,0,0,1,0,0,0,1,16,0,0,0,0,0,0,0,1,0,8462
686193,0,1,6,1,0,74,0,-1,0,1,0,1,0,0,0,0,0,0,0,1,0,0,0,1,16,0,0,0,0,0,0,0,1,0,8462
686316,0,0,28,9.999999843067501e+16,0,0,0,0,0,1,0,1,0,0,0,0,0,0,0,1,0,0,0,1,6388,61,0,0,0,0,0,0,32,0,8834
686397,0,0,24,0,0,0,0,0,0,1,0,1,6316,0,0,0,0,0,0,1,0,0,0,1,0,0,0,0,0,0,0,0,1,0,7754
686588,0,0,6,0,0,56,0,0,0,1,0,0,0,0,0,0,0,0,0,1,0,0,0,1,5948,116,0,0,0,0,0,0,25,0,8222
686662,0,0,27,0,0,4,0,0,0,1,0,1,0,0,0,0,0,0,0,1,0,0,0,1,0,0,16,0,0,0,0,0,18,0,8675
687002,0,0,2,0,0,0,0,49,1,1,0,16,0,0,0,0,2.59999990463,0,0,1,0,0,0,1,0,0,0,0,0,0,0,0,1,0,9779
687125,0,0,3,0,0,0,0,5,0,1,0,1,0,0,0,0,0,0,0,1,0,0,0,1,0,0,16,0,0,0,0,0,1,0,8019
687140,0,0,6,0,0,13,0,12,0,1,0,1,0,0,0,0,0,0,0,1,0,0,0,1,16,0,0,0,0,0,0,0,1,0,9403
687199,0,0,6,0,0,13,0,18,0,1,0,1,0,0,0,0,0,0,0,1,0,0,0,1,16,0,0,0,0,0,0,0,1,0,9306
687290,0,0,6,0,0,69,0,674,0,1,0,1,0,0,0,0,0,0,0,1,0,0,0,1,16,0,0,0,0,0,0,0,1,0,10177
687291,0,1,6,1,0,74,0,-1,0,1,0,1,0,0,0,0,0,0,0,1,0,0,0,1,16,0,0,0,0,0,0,0,1,0,10177
687323,0,2,6,0,0,13,0,14,0,1,0,1,0,0,0,0,0,0,0,1,0,0,0,1,16,0,0,0,0,0,0,0,25,0,8733
687329,0,0,6,0,0,13,0,19,0,1,0,1,0,0,0,0,0,0,0,1,0,0,0,1,16,0,0,0,0,0,0,0,1,0,9307
687369,0,0,24,0,0,0,0,0,0,1,0,1,7916,0,0,0,0,0,0,1,0,0,0,1,0,0,0,0,0,0,0,0,1,0,9818
687495,0,0,6,0,0,13,0,10,0,1,0,1,0,0,0,0,0,0,0,1,0,0,0,1,16,0,0,0,0,0,0,0,1,0,9402
687518,0,0,6,0,0,13,0,13,0,1,0,1,0,0,0,0,0,0,0,1,0,0,0,1,16,0,0,0,0,0,0,0,1,0,9404
687586,0,2,6,0,0,22,0,14,0,1,0,1,0,0,0,0,0,0,0,1,0,0,0,1,16,0,0,0,0,0,0,0,1,0,10220
687612,0,2,6,0,0,22,0,11,0,1,0,1,0,0,0,0,0,0,0,1,0,0,0,1,16,0,0,0,0,0,0,0,1,0,10219
687663,0,0,6,0,0,13,0,20,0,1,0,1,0,0,0,0,0,0,0,1,0,0,0,1,16,0,0,0,0,0,0,0,1,0,9308
687964,0,1,44,0,0,0,0,0,0,1,0,1,0,0,0,0,0,0,0,1,0,0,0,1,516,0,0,0,0,0,0,0,0,0,10239
688020,0,0,3,0,0,0,0,8,0,1,0,1,0,0,0,0,0,0,0,1,0,0,0,1,0,0,16,0,0,0,0,0,1,0,10399
688253,0,0,6,0,0,179,0,1,0,1,0,1,0,0,0,0,0,0,0,1,0,0,0,1,16,0,0,0,0,0,0,0,6,0,12579
688288,0,0,28,1.0000000272564e+16,0,0,0,0,0,1,0,1,0,0,0,0,0,0,0,1,0,0,0,1,7786,61,0,0,0,0,0,0,32,0,11088
688332,0,0,6,0,0,13,0,15,0,1,0,1,0,0,0,0,0,0,0,1,0,0,0,1,16,0,0,0,0,0,0,0,1,0,9304
688333,0,0,6,0,0,13,0,16,0,1,0,1,0,0,0,0,0,0,0,1,0,0,0,1,16,0,0,0,0,0,0,0,1,0,9305
688443,0,1,16,0,0,0,0,0,0,1,0,0,0,0,0,0,0,0,0,1,0,0,0,1,2520,0,0,0,0,0,0,0,1,0,10459
688524,0,0,28,-9.999999843067501e+16,0,0,0,0,0,1,0,1,0,0,0,0,0,0,0,1,0,0,0,1,8324,61,15,0,0,0,0,0,32,0,12504
688525,0,0,6,0,0,77,0,0,0,1,0,0,0,0,0,0,0,0,0,1,0,0,0,1,16,0,0,0,0,0,0,0,21,0,11196
688757,0,2,6,0,0,77,0,99,1,1,0,1,0,0,0,0,0,0,0,1,0,0,0,1,16,0,0,0,0,0,0,0,1,0,11684
688782,0,0,24,0,0,0,0,0,0,1,0,1,9316,0,0,0,0,0,0,1,0,0,0,1,0,0,0,0,0,0,0,0,0,0,11545
688785,0,0,6,0,0,73,0,-2,1,1,0,1,0,0,0,0,0,0,0,1,0,0,0,1,16,0,0,0,0,0,0,0,1,0,11068
688918,0,1,16,0,0,0,0,0,0,1,0,0,0,0,0,0,0,0,0,1,0,0,0,1,2561,0,0,0,0,0,0,0,1,0,10617
689174,0,0,24,0,0,0,0,0,0,1,0,1,8216,0,0,0,0,0,0,1,0,0,0,1,0,0,0,0,0,0,0,0,1,0,10562
689212,0,0,27,0,0,4,0,0,1,1,0,1,0,0,0,0,0,0,0,1,0,0,0,1,0,0,16,0,0,0,0,0,18,28,25996
689305,0,1,6,0,0,10,0,-5,0,1,0,1,0,0,0,0,0,0,0,1,0,0,0,1,16,0,0,0,0,0,0,0,1,0,11160
689622,0,2,6,0,0,77,0,99,1,1,0,1,0,0,0,0,0,0,0,1,0,0,0,1,16,0,0,0,0,0,0,0,1,0,11683
689802,0,1,6,0,0,189,0,49,0,1,0,1,0,0,0,0,-1,0,0,1,0,0,0,1,393216,0,0,0,0,0,0,0,1,0,12686
689961,0,1,16,0,0,0,0,0,0,1,0,0,0,0,0,0,0,0,0,1,0,0,0,1,2932,0,0,0,0,0,0,0,1,0,11547
689976,0,0,6,0,0,22,0,-61,0,1,0,1,0,0,0,0,0,0,0,1,0,0,0,1,116,0,0,0,0,0,0,0,6,0,11721
689977,0,1,6,0,0,87,0,7,0,1,0,1,0,0,0,0,0,0,0,1,0,0,0,1,116,0,0,0,0,0,0,0,6,0,11721
690078,0,0,6,0,0,22,0,-76,0,1,0,1,0,0,0,0,0,0,0,1,0,0,0,1,116,0,0,0,0,0,0,0,6,0,11722
690079,0,1,6,0,0,87,0,9,0,1,0,1,0,0,0,0,0,0,0,1,0,0,0,1,116,0,0,0,0,0,0,0,6,0,11722
690167,0,0,28,-9.999999843067501e+16,0,0,0,0,0,1,0,1,0,0,0,0,0,0,0,1,0,0,0,1,8324,61,0,0,0,0,0,0,46,0,12151
690173,0,0,24,0,0,0,0,0,0,1,0,1,10716,0,0,0,0,0,0,1,0,0,0,1,0,0,0,0,0,0,0,0,1,0,12899
690236,0,0,6,1,0,189,0,499,0,1,0,1,0,0,0,0,0,0,0,1,0,0,0,1,393216,0,0,0,0,0,0,0,1,0,13494
690384,0,0,53,0,0,0,0,-1,0,1,0,1,0,0,0,0,0,0,0,1,0,0,0,1,255,0,0,0,0,0,0,0,0,0,13380
690514,0,1,6,0,0,10,0,-11,0,1,0,1,0,0,0,0,0,0,0,1,0,0,0,1,16,0,0,0,0,0,0,0,1,0,12519
690728,0,0,61,0,0,0,0,0,0,1,0,0,0,0,0,0,0,0,0,1,0,0,0,1,2816,0,0,0,0,0,0,0,0,0,11798
690841,0,1,6,0,0,10,0,-8,0,1,0,1,0,0,0,0,0,0,0,1,0,0,0,1,16,0,0,0,0,0,0,0,1,0,12518
690848,0,0,6,0,0,69,0,874,0,1,0,1,0,0,0,0,0,0,0,1,0,0,0,1,16,0,0,0,0,0,0,0,1,0,28609
690849,0,1,6,1,0,74,0,-1,0,1,0,1,0,0,0,0,0,0,0,1,0,0,0,1,16,0,0,0,0,0,0,0,1,0,28609
690876,0,0,6,0,0,189,0,9,0,1,0,1,0,0,0,0,0,0,0,1,0,0,0,1,393216,0,0,0,0,0,0,0,1,0,13928
690902,0,0,6,0,0,189,0,24,0,1,0,1,0,0,0,0,0,0,0,1,0,0,0,1,16,0,0,0,0,0,0,0,1,0,13678
690942,0,0,53,0,0,0,0,-1,0,1,0,1,0,0,0,0,0,0,0,1,0,0,0,1,255,0,0,0,0,0,0,0,0,0,13485
690960,0,0,6,0,0,189,0,4,0,1,0,1,0,0,0,0,0,0,0,1,0,0,0,1,16,0,0,0,0,0,0,0,1,0,13462
691137,0,0,6,0,0,22,0,7,0,1,0,1,0,0,0,0,0,0,0,1,0,0,0,1,16,0,0,0,0,0,0,0,1,0,13923
691170,0,0,6,0,0,189,0,19,0,1,0,1,0,0,0,0,0,0,0,1,0,0,0,1,16,0,0,0,0,0,0,0,1,0,13677
691178,0,0,53,0,0,0,0,-1,0,1,0,1,0,0,0,0,0,0,0,1,0,0,0,1,255,0,0,0,0,0,0,0,0,0,13687
691215,0,0,6,1,0,189,0,299,0,1,0,1,0,0,0,0,0,0,0,1,0,0,0,1,393216,0,0,0,0,0,0,0,1,0,13533
691236,0,0,6,0,0,13,0,28,0,1,0,1,0,0,0,0,0,0,0,1,0,0,0,1,16,0,0,0,0,0,0,0,1,0,13831
691472,0,0,6,0,0,189,0,9,0,1,0,1,0,0,0,0,0,0,0,1,0,0,0,1,16,0,0,0,0,0,0,0,1,0,13690
691602,0,0,6,0,0,22,0,28,0,1,0,1,0,0,0,0,0,0,0,1,0,0,0,1,16,0,0,0,0,0,0,0,1,0,14568
691626,0,0,6,0,0,22,0,35,0,1,0,1,0,0,0,0,0,0,0,1,0,0,0,1,16,0,0,0,0,0,0,0,1,0,14575
691639,0,0,6,0,0,22,0,27,0,1,0,1,0,0,0,0,0,0,0,1,0,0,0,1,16,0,0,0,0,0,0,0,1,0,14567
691686,0,0,6,0,0,22,0,42,0,1,0,1,0,0,0,0,0,0,0,1,0,0,0,1,16,0,0,0,0,0,0,0,1,0,14979
691687,0,0,6,0,0,22,0,43,0,1,0,1,0,0,0,0,0,0,0,1,0,0,0,1,16,0,0,0,0,0,0,0,1,0,14980
691700,0,0,6,0,0,22,0,44,0,1,0,1,0,0,0,0,0,0,0,1,0,0,0,1,16,0,0,0,0,0,0,0,1,0,14981
691719,0,0,6,0,0,22,0,1,0,1,0,1,0,0,0,0,0,0,0,1,0,0,0,1,16,0,0,0,0,0,0,0,1,0,14542
691720,0,0,6,0,0,22,0,4,0,1,0,1,0,0,0,0,0,0,0,1,0,0,0,1,16,0,0,0,0,0,0,0,1,0,14546
691721,0,0,6,0,0,22,0,8,0,1,0,1,0,0,0,0,0,0,0,1,0,0,0,1,16,0,0,0,0,0,0,0,1,0,14549
691755,0,0,6,0,0,22,0,36,0,1,0,1,0,0,0,0,0,0,0,1,0,0,0,1,16,0,0,0,0,0,0,0,1,0,14576
691756,0,0,6,0,0,22,0,38,0,1,0,1,0,0,0,0,0,0,0,1,0,0,0,1,16,0,0,0,0,0,0,0,1,0,14578
691757,0,0,6,0,0,22,0,39,0,1,0,1,0,0,0,0,0,0,0,1,0,0,0,1,16,0,0,0,0,0,0,0,1,0,14579
691798,0,0,6,0,0,22,0,40,0,1,0,1,0,0,0,0,0,0,0,1,0,0,0,1,16,0,0,0,0,0,0,0,1,0,14977
691799,0,0,6,0,0,22,0,41,0,1,0,1,0,0,0,0,0,0,0,1,0,0,0,1,16,0,0,0,0,0,0,0,1,0,14978
691833,0,0,6,0,0,22,0,45,0,1,0,1,0,0,0,0,0,0,0,1,0,0,0,1,16,0,0,0,0,0,0,0,1,0,14982
691834,0,0,6,0,0,22,0,12,0,1,0,1,0,0,0,0,0,0,0,1,0,0,0,1,16,0,0,0,0,0,0,0,1,0,14554
691835,0,0,6,0,0,22,0,14,0,1,0,1,0,0,0,0,0,0,0,1,0,0,0,1,16,0,0,0,0,0,0,0,1,0,14555
691845,0,0,2,0,0,0,0,164,1,1,0,16,0,0,0,0,0,0,0,1,0,0,0,1,0,0,13,0,0,0,0,0,22,15,15253
691860,0,0,6,0,0,22,0,31,0,1,0,1,0,0,0,0,0,0,0,1,0,0,0,1,16,0,0,0,0,0,0,0,1,0,14571
691877,0,0,6,0,0,22,0,9,0,1,0,1,0,0,0,0,0,0,0,1,0,0,0,1,16,0,0,0,0,0,0,0,1,0,14550
691905,0,0,6,0,0,22,0,22,0,1,0,1,0,0,0,0,0,0,0,1,0,0,0,1,16,0,0,0,0,0,0,0,1,0,14562
691906,0,0,6,0,0,22,0,24,0,1,0,1,0,0,0,0,0,0,0,1,0,0,0,1,16,0,0,0,0,0,0,0,1,0,14563
691907,0,0,6,0,0,22,0,25,0,1,0,1,0,0,0,0,0,0,0,1,0,0,0,1,16,0,0,0,0,0,0,0,1,0,14564
691910,0,0,6,0,0,22,0,26,0,1,0,1,0,0,0,0,0,0,0,1,0,0,0,1,16,0,0,0,0,0,0,0,1,0,14566
691988,0,0,6,0,0,22,0,17,0,1,0,1,0,0,0,0,0,0,0,1,0,0,0,1,16,0,0,0,0,0,0,0,1,0,14580
692055,0,0,6,0,0,189,0,14,0,1,0,1,0,0,0,0,0,0,0,1,0,0,0,1,16,0,0,0,0,0,0,0,1,0,13676
692085,0,0,6,0,0,22,0,6,0,1,0,1,0,0,0,0,0,0,0,1,0,0,0,1,16,0,0,0,0,0,0,0,1,0,14547
692086,0,0,6,0,0,22,0,15,0,1,0,1,0,0,0,0,0,0,0,1,0,0,0,1,16,0,0,0,0,0,0,0,1,0,14556
692087,0,0,6,0,0,22,0,37,0,1,0,1,0,0,0,0,0,0,0,1,0,0,0,1,16,0,0,0,0,0,0,0,1,0,14577
692099,0,1,16,0,0,0,0,0,1,1,0,1,0,0,0,0,0,0,0,1,0,0,0,1,4299,0,0,0,0,0,0,0,1,0,15066
692148,0,0,6,0,0,189,0,4,0,1,0,1,0,0,0,0,0,0,0,1,0,0,0,1,16,0,0,0,0,0,0,0,1,0,13674
692149,0,0,6,0,0,189,0,9,0,1,0,1,0,0,0,0,0,0,0,1,0,0,0,1,16,0,0,0,0,0,0,0,1,0,13675
692190,0,0,6,0,0,69,0,119,0,1,0,1,0,0,0,0,0,0,0,1,0,0,0,1,16,0,0,0,0,0,0,0,1,0,15044
692245,0,0,6,0,0,22,0,32,0,1,0,1,0,0,0,0,0,0,0,1,0,0,0,1,16,0,0,0,0,0,0,0,1,0,14572
692264,0,0,6,0,0,22,0,33,0,1,0,1,0,0,0,0,0,0,0,1,0,0,0,1,16,0,0,0,0,0,0,0,1,0,14573
692265,0,0,6,0,0,22,0,34,0,1,0,1,0,0,0,0,0,0,0,1,0,0,0,1,16,0,0,0,0,0,0,0,1,0,14574
692271,0,0,6,0,0,22,0,29,0,1,0,1,0,0,0,0,0,0,0,1,0,0,0,1,16,0,0,0,0,0,0,0,1,0,14569
692272,0,0,6,0,0,22,0,30,0,1,0,1,0,0,0,0,0,0,0,1,0,0,0,1,16,0,0,0,0,0,0,0,1,0,14570
692525,0,0,6,0,0,13,0,9,0,1,0,1,0,0,0,0,0,0,0,1,0,0,0,1,16,0,0,0,0,0,0,0,1,0,4870
692853,0,0,6,0,0,22,0,16,0,1,0,1,0,0,0,0,0,0,0,1,0,0,0,1,16,0,0,0,0,0,0,0,1,0,14557
692854,0,0,6,0,0,22,0,18,0,1,0,1,0,0,0,0,0,0,0,1,0,0,0,1,16,0,0,0,0,0,0,0,1,0,14558
692947,0,0,6,0,0,22,0,21,0,1,0,1,0,0,0,0,0,0,0,1,0,0,0,1,16,0,0,0,0,0,0,0,1,0,14561
692954,0,0,6,0,0,22,0,19,0,1,0,1,0,0,0,0,0,0,0,1,0,0,0,1,16,0,0,0,0,0,0,0,1,0,14559
692955,0,0,6,0,0,22,0,20,0,1,0,1,0,0,0,0,0,0,0,1,0,0,0,1,16,0,0,0,0,0,0,0,1,0,14560
692978,0,0,6,0,0,22,0,13,0,1,0,1,0,0,0,0,0,0,0,1,0,0,0,1,16,0,0,0,0,0,0,0,1,0,14553
693036,0,0,6,0,0,22,0,10,0,1,0,1,0,0,0,0,0,0,0,1,0,0,0,1,16,0,0,0,0,0,0,0,1,0,14551
693037,0,0,6,0,0,22,0,11,0,1,0,1,0,0,0,0,0,0,0,1,0,0,0,1,16,0,0,0,0,0,0,0,1,0,14552
693055,0,0,6,0,0,22,0,23,0,1,0,1,0,0,0,0,0,0,0,1,0,0,0,1,16,0,0,0,0,0,0,0,1,0,14581
693069,0,1,16,0,0,0,0,0,1,1,0,0,0,0,0,0,0,0,0,1,0,0,0,1,4734,0,0,0,0,0,0,0,1,0,16028
693091,0,0,6,0,0,22,0,74,1,1,0,1,0,0,0,0,0,0,0,1,0,0,0,1,16,0,0,0,0,0,0,0,25,0,16392
693130,0,0,24,0,0,0,0,0,0,1,0,1,12216,0,0,0,0,0,0,1,0,0,0,1,0,0,0,0,0,0,0,0,1,0,15915
693182,0,0,3,0,0,0,0,27,0,1,0,1,0,0,0,0,0,0,0,1,0,0,0,1,0,0,16,0,0,0,0,0,1,0,16315
693224,0,0,6,0,0,189,0,249,0,1,0,1,0,0,0,0,0,0,0,1,0,0,0,1,16,0,0,0,0,0,0,0,1,0,17351
693324,0,0,3,0,0,0,0,14,0,1,0,1,0,0,0,0,0,0,0,1,0,0,0,1,0,0,16,0,0,0,0,0,1,0,16314
693488,0,0,3,0,0,0,0,39,0,1,0,1,0,0,0,0,0,0,0,1,0,0,0,1,0,0,16,0,0,0,0,0,1,0,16316
693499,0,0,28,0,0,0,0,3,1,1,0,1,0,0,0,0,0,0,0,1,0,0,0,1,10375,64,16,0,0,0,0,0,18,0,16103
693976,0,1,6,0,0,56,0,0,0,1,0,0,0,0,0,0,0,0,0,1,0,0,0,1,10016,0,0,0,0,0,0,0,6,0,17738
694133,0,0,6,0,0,143,0,14,0,1,0,1,0,0,0,0,0,0,0,1,0,0,0,1,16,0,0,0,0,0,0,0,1,0,16325
694189,0,0,6,0,0,13,0,22,0,1,0,1,0,0,0,0,0,0,0,1,0,0,0,1,16,0,0,0,0,0,0,0,1,0,17889
694267,0,0,24,0,0,0,0,0,0,1,0,1,12416,0,0,0,0,0,0,1,0,0,0,1,0,0,0,0,0,0,0,0,1,0,16645
694457,0,0,6,0,0,13,0,29,0,1,0,1,0,0,0,0,0,0,0,1,0,0,0,1,16,0,0,0,0,0,0,0,1,0,17893
694458,0,0,6,0,0,13,0,33,0,1,0,1,0,0,0,0,0,0,0,1,0,0,0,1,16,0,0,0,0,0,0,0,1,0,17896
694540,0,1,16,0,0,0,0,0,1,1,0,0,0,0,0,0,0,0,0,1,0,0,0,1,5088,0,0,0,0,0,0,0,1,0,16996
694568,0,0,6,0,0,13,0,26,0,1,0,1,0,0,0,0,0,0,0,1,0,0,0,1,16,0,0,0,0,0,0,0,1,0,17892
694687,0,0,28,0,0,0,0,0,1,1,0,1,0,0,0,0,0,0,0,1,0,0,0,1,11144,64,16,0,0,0,0,0,47,0,17449
694783,0,0,6,0,0,13,0,42,0,1,0,1,0,0,0,0,0,0,0,1,0,0,0,1,16,0,0,0,0,0,0,0,1,0,17902
694838,0,0,6,0,0,13,0,45,0,1,0,1,0,0,0,0,0,0,0,1,0,0,0,1,16,0,0,0,0,0,0,0,1,0,17905
694839,0,0,6,0,0,13,0,46,0,1,0,1,0,0,0,0,0,0,0,1,0,0,0,1,16,0,0,0,0,0,0,0,1,0,17906
694843,0,2,16,0,0,0,0,0,1,1,0,0,0,0,0,0,0,0,0,1,0,0,0,1,5096,0,0,0,0,0,0,0,1,0,16989
694907,0,0,6,0,0,13,0,55,0,1,0,1,0,0,0,0,0,0,0,1,0,0,0,1,16,0,0,0,0,0,0,0,1,0,17910
694951,0,0,6,0,0,13,0,25,0,1,0,1,0,0,0,0,0,0,0,1,0,0,0,1,16,0,0,0,0,0,0,0,1,0,17891
694982,0,0,6,0,0,13,0,53,0,1,0,1,0,0,0,0,0,0,0,1,0,0,0,1,16,0,0,0,0,0,0,0,1,0,17911
695045,0,0,6,0,0,13,0,49,0,1,0,1,0,0,0,0,0,0,0,1,0,0,0,1,16,0,0,0,0,0,0,0,1,0,17908
695046,0,0,6,0,0,13,0,50,0,1,0,1,0,0,0,0,0,0,0,1,0,0,0,1,16,0,0,0,0,0,0,0,1,0,17909
695059,0,0,6,0,0,13,0,30,0,1,0,1,0,0,0,0,0,0,0,1,0,0,0,1,16,0,0,0,0,0,0,0,1,0,17894
695060,0,0,6,0,0,13,0,32,0,1,0,1,0,0,0,0,0,0,0,1,0,0,0,1,16,0,0,0,0,0,0,0,1,0,17895
695069,0,0,6,0,0,13,0,48,0,1,0,1,0,0,0,0,0,0,0,1,0,0,0,1,16,0,0,0,0,0,0,0,1,0,17907
695084,0,0,6,0,0,13,0,43,0,1,0,1,0,0,0,0,0,0,0,1,0,0,0,1,16,0,0,0,0,0,0,0,1,0,17903
695102,0,0,6,0,0,13,0,23,0,1,0,1,0,0,0,0,0,0,0,1,0,0,0,1,16,0,0,0,0,0,0,0,1,0,17890
695146,0,0,6,0,0,13,0,38,0,1,0,1,0,0,0,0,0,0,0,1,0,0,0,1,16,0,0,0,0,0,0,0,1,0,17899
695164,0,0,6,0,0,13,0,40,0,1,0,1,0,0,0,0,0,0,0,1,0,0,0,1,16,0,0,0,0,0,0,0,1,0,17901
695246,0,0,6,0,0,13,0,35,0,1,0,1,0,0,0,0,0,0,0,1,0,0,0,1,16,0,0,0,0,0,0,0,1,0,17897
695369,0,0,6,0,0,189,0,99,0,1,0,1,0,0,0,0,0,0,0,1,0,0,0,1,16,0,0,0,0,0,0,0,1,0,18064
695498,0,0,6,0,0,69,0,1949,0,1,0,1301,0,0,0,0,0,0,0,1,0,0,0,1,16,0,0,0,0,0,0,0,1,0,17544
695548,0,1,16,0,0,0,0,0,1,1,0,1,0,0,0,0,0,0,0,1,0,0,0,1,28,0,0,0,0,0,0,0,1,0,19719
695549,0,2,16,0,0,0,0,0,1,1,0,1,0,0,0,0,0,0,0,1,0,0,0,1,29,0,0,0,0,0,0,0,1,0,19719
695558,0,0,6,0,0,13,0,36,0,1,0,1,0,0,0,0,0,0,0,1,0,0,0,1,16,0,0,0,0,0,0,0,1,0,17898
695633,0,0,6,0,0,13,0,39,0,1,0,1,0,0,0,0,0,0,0,1,0,0,0,1,16,0,0,0,0,0,0,0,1,0,17900
695740,0,0,28,0,0,0,0,0,0,1,0,1,0,0,0,0,0,0,0,1,0,0,0,1,11727,64,16,0,0,0,0,0,18,0,19459
695779,0,0,6,0,0,13,0,131,0,1,0,1,0,0,0,0,0,0,0,1,0,0,0,1,16,0,0,0,0,0,0,0,1,0,24666
696169,0,0,16,0,0,0,0,0,1,1,0,0,0,0,0,0,0,0,0,1,0,0,0,1,4771,0,0,0,0,0,0,0,1,0,17045
696297,0,1,16,0,0,0,0,0,1,1,0,0,0,0,0,0,0,0,0,1,0,0,0,1,6084,0,0,0,0,0,0,0,1,0,19676
696300,0,1,16,0,0,0,0,0,1,1,0,0,0,0,0,0,0,0,0,1,0,0,0,1,6102,0,0,0,0,0,0,0,1,0,19686
696566,0,1,16,0,0,0,0,0,1,1,0,0,0,0,0,0,0,0,0,1,0,0,0,1,6087,0,0,0,0,0,0,0,1,0,19679
696998,0,1,16,0,0,0,0,0,1,1,0,0,0,0,0,0,0,0,0,1,0,0,0,1,5088,0,0,0,0,0,0,0,1,0,20513
697424,0,1,16,0,0,0,0,0,1,1,0,0,0,0,0,0,0,0,0,1,0,0,0,1,6101,0,0,0,0,0,0,0,1,0,19685
697436,0,1,16,0,0,0,0,0,1,1,0,0,0,0,0,0,0,0,0,1,0,0,0,1,6063,0,0,0,0,0,0,0,1,0,19684
697445,0,1,16,0,0,0,0,0,1,1,0,0,0,0,0,0,0,0,0,1,0,0,0,1,6085,0,0,0,0,0,0,0,1,0,19597
697457,0,1,6,1,0,74,0,99,0,1,0,1,0,0,0,0,0,0,0,1,0,0,0,1,16,0,0,0,0,0,0,0,25,0,19595
697473,0,1,16,0,0,0,0,0,1,1,0,0,0,0,0,0,0,0,0,1,0,0,0,1,6088,0,0,0,0,0,0,0,1,0,19680
697513,0,1,16,0,0,0,0,0,1,1,0,0,0,0,0,0,0,0,0,1,0,0,0,1,6062,0,0,0,0,0,0,0,1,0,19681
697516,0,1,16,0,0,0,0,0,1,1,0,0,0,0,0,0,0,0,0,1,0,0,0,1,6083,0,0,0,0,0,0,0,1,0,19682
697540,0,1,16,0,0,0,0,0,1,1,0,0,0,0,0,0,0,0,0,1,0,0,0,1,6082,0,0,0,0,0,0,0,1,0,19683
697674,0,0,6,0,0,189,0,3,0,1,0,1,0,0,0,0,0,0,0,1,0,0,0,1,16,0,0,0,0,0,0,0,1,0,21466
697692,0,0,6,0,0,189,0,11,0,1,0,1,0,0,0,0,0,0,0,1,0,0,0,1,16,0,0,0,0,0,0,0,1,0,21475
697693,0,0,6,0,0,189,0,12,0,1,0,1,0,0,0,0,0,0,0,1,0,0,0,1,16,0,0,0,0,0,0,0,1,0,21476
697775,0,0,6,0,0,73,0,-101,1,1,0,1,0,0,0,0,0,0,0,1,0,0,0,1,16,0,0,0,0,0,0,0,1,0,20376
697799,0,0,28,0,0,0,0,0,1,1,0,0,0,0,0,0,0,0,0,1,0,0,0,1,13148,64,16,0,0,0,0,0,53,0,21154
697857,0,1,16,0,0,0,0,0,1,1,0,0,0,0,0,0,0,0,0,1,0,0,0,1,6064,0,0,0,0,0,0,0,1,0,19677
697860,0,1,16,0,0,0,0,0,1,1,0,0,0,0,0,0,0,0,0,1,0,0,0,1,6061,0,0,0,0,0,0,0,1,0,19678
698062,0,0,6,0,0,189,0,10,0,1,0,1,0,0,0,0,0,0,0,1,0,0,0,1,16,0,0,0,0,0,0,0,1,0,21474
698065,0,0,6,0,0,22,0,9,1,1,0,1,0,0,0,0,0,0,0,1,0,0,0,1,16,0,0,0,0,0,0,0,1,0,20596
698203,0,0,24,0,0,0,0,0,0,1,0,1,17016,0,0,0,0,0,0,1,0,0,0,1,0,0,0,0,0,0,0,0,1,0,20897
698215,0,0,6,0,0,189,0,13,0,1,0,1,0,0,0,0,0,0,0,1,0,0,0,1,16,0,0,0,0,0,0,0,1,0,21477
698216,0,0,6,0,0,189,0,16,0,1,0,1,0,0,0,0,0,0,0,1,0,0,0,1,16,0,0,0,0,0,0,0,1,0,21479
698300,0,0,6,0,0,189,0,1,0,1,0,1,0,0,0,0,0,0,0,1,0,0,0,1,16,0,0,0,0,0,0,0,1,0,21468
698322,0,0,6,0,0,189,0,0,0,1,0,1,0,0,0,0,0,0,0,1,0,0,0,1,16,0,0,0,0,0,0,0,1,0,21469
698323,0,0,6,0,0,189,0,5,0,1,0,1,0,0,0,0,0,0,0,1,0,0,0,1,16,0,0,0,0,0,0,0,1,0,21470
698324,0,0,6,0,0,189,0,6,0,1,0,1,0,0,0,0,0,0,0,1,0,0,0,1,16,0,0,0,0,0,0,0,1,0,21471
698402,0,0,6,1,0,189,0,211,0,1,0,1,0,0,0,0,0,0,0,1,0,0,0,1,393216,0,0,0,0,0,0,0,1,0,21165
698537,0,0,76,0,0,0,0,0,1,1,0,1,0,0,0,0,0,0,0,1,0,0,0,1,178205,0,16,0,0,0,0,0,47,0,20737
698645,0,0,28,0,0,0,0,0,1,1,0,1,0,0,0,0,0,0,0,1,0,0,0,1,12806,64,16,0,0,0,0,0,18,0,20506
698668,0,0,28,0,0,0,0,0,1,1,0,0,0,0,0,0,0,0,0,1,0,0,0,1,14122,64,16,0,0,0,0,0,53,0,22421
698742,0,0,6,0,0,102,0,39,1,1,0,1,0,0,0,0,0,0,0,1,0,0,0,1,16,0,0,0,0,0,0,0,1,0,21937
698743,0,1,6,0,0,131,0,39,1,1,0,1,0,0,0,0,0,0,0,1,0,0,0,1,16,0,0,0,0,0,0,0,1,0,21937
698770,0,0,61,0,0,0,0,0,1,1,0,0,0,0,0,0,0,0,0,1,0,0,0,1,7216,0,0,0,0,0,0,0,0,0,21538
698802,0,0,6,0,0,189,0,2,0,1,0,1,0,0,0,0,0,0,0,1,0,0,0,1,16,0,0,0,0,0,0,0,1,0,21467
698821,0,0,6,0,0,189,0,27,0,1,0,1,0,0,0,0,0,0,0,1,0,0,0,1,16,0,0,0,0,0,0,0,1,0,21488
698896,0,0,24,0,0,0,0,0,0,1,0,1,17716,0,0,0,0,0,0,1,0,0,0,1,0,0,0,0,0,0,0,0,1,0,21940
698964,0,0,6,0,0,189,0,7,0,1,0,1,0,0,0,0,0,0,0,1,0,0,0,1,16,0,0,0,0,0,0,0,1,0,21472
698973,0,0,6,0,0,189,0,28,0,1,0,1,0,0,0,0,0,0,0,1,0,0,0,1,16,0,0,0,0,0,0,0,1,0,21489
698974,0,0,6,0,0,189,0,29,0,1,0,1,0,0,0,0,0,0,0,1,0,0,0,1,16,0,0,0,0,0,0,0,1,0,21490
698975,0,0,6,0,0,189,0,30,0,1,0,1,0,0,0,0,0,0,0,1,0,0,0,1,16,0,0,0,0,0,0,0,1,0,21491
698998,0,0,6,0,0,189,0,31,0,1,0,1,0,0,0,0,0,0,0,1,0,0,0,1,16,0,0,0,0,0,0,0,1,0,21492
699000,0,0,6,0,0,13,0,6,0,1,0,1,0,0,0,0,0,0,0,1,0,0,0,1,16,0,0,0,0,0,0,0,1,0,21930
699021,0,0,2,0,0,0,0,164,1,1,0,16,0,0,0,0,0,0,0,1,0,0,0,1,0,0,13,0,0,0,0,0,22,15,22271
699057,0,0,6,0,0,189,0,8,0,1,0,1,0,0,0,0,0,0,0,1,0,0,0,1,16,0,0,0,0,0,0,0,1,0,21473
699261,0,0,28,0,0,0,0,0,1,1,0,1,0,0,0,0,0,0,0,1,0,0,0,1,13620,66,16,0,0,0,0,0,18,0,21837
699319,0,0,6,0,0,189,0,32,0,1,0,1,0,0,0,0,0,0,0,1,0,0,0,1,16,0,0,0,0,0,0,0,1,0,21493
699395,0,0,116,0,0,0,0,0,1,1,0,0,0,0,0,0,0,0,0,1,0,0,0,1,0,0,0,0,0,0,0,0,0,0,22027
699414,0,0,6,0,0,189,0,33,0,1,0,1,0,0,0,0,0,0,0,1,0,0,0,1,16,0,0,0,0,0,0,0,1,0,21494
699433,0,0,111,0,0,0,0,0,1,1,0,1,0,0,0,0,0,0,0,1,0,0,0,1,16,0,0,0,0,0,0,0,1,0,22619
699524,0,1,6,0,0,87,0,1099,1,1,0,1,0,0,0,0,0,0,0,1,0,0,0,1,16,0,0,0,0,0,0,0,1,0,22278
699602,0,0,105,0,0,0,0,-1,0,1,0,1,0,0,0,0,0,0,0,1,0,0,0,1,179604,0,16,0,0,0,0,0,47,0,22996
699622,0,0,6,0,0,189,0,15,0,1,0,1,0,0,0,0,0,0,0,1,0,0,0,1,16,0,0,0,0,0,0,0,1,0,21478
699625,0,0,28,0,0,0,0,0,1,1,0,1,0,0,0,0,0,0,0,1,0,0,0,1,14504,64,16,0,0,0,0,0,22,32,23159
699634,0,0,6,1,0,189,0,299,0,1,0,1,0,0,0,0,0,0,0,1,0,0,0,1,393216,0,0,0,0,0,0,0,1,0,22640
699642,0,0,6,0,0,189,0,36,0,1,0,1,0,0,0,0,0,0,0,1,0,0,0,1,16,0,0,0,0,0,0,0,1,0,21497
699643,0,0,6,0,0,189,0,37,0,1,0,1,0,0,0,0,0,0,0,1,0,0,0,1,16,0,0,0,0,0,0,0,1,0,21498
699668,0,0,6,0,0,13,0,14,0,1,0,1,0,0,0,0,0,0,0,1,0,0,0,1,16,0,0,0,0,0,0,0,1,0,21920
699688,0,0,28,0,0,0,0,0,1,1,0,1,0,0,0,0,0,0,0,1,0,0,0,1,13136,64,16,0,0,0,0,0,47,0,21327
699709,0,0,6,0,0,189,0,26,0,1,0,1,0,0,0,0,0,0,0,1,0,0,0,1,16,0,0,0,0,0,0,0,1,0,21487
699711,0,0,6,0,0,189,0,34,0,1,0,1,0,0,0,0,0,0,0,1,0,0,0,1,16,0,0,0,0,0,0,0,1,0,21495
699712,0,0,6,0,0,189,0,35,0,1,0,1,0,0,0,0,0,0,0,1,0,0,0,1,16,0,0,0,0,0,0,0,1,0,21496
699713,0,0,6,0,0,189,0,20,0,1,0,1,0,0,0,0,0,0,0,1,0,0,0,1,16,0,0,0,0,0,0,0,1,0,21482
699888,0,0,6,0,0,189,0,18,0,1,0,1,0,0,0,0,0,0,0,1,0,0,0,1,16,0,0,0,0,0,0,0,1,0,21481
699889,0,0,6,0,0,189,0,22,0,1,0,1,0,0,0,0,0,0,0,1,0,0,0,1,16,0,0,0,0,0,0,0,1,0,21484
699890,0,0,6,0,0,189,0,23,0,1,0,1,0,0,0,0,0,0,0,1,0,0,0,1,16,0,0,0,0,0,0,0,1,0,21485
699891,0,0,6,0,0,189,0,25,0,1,0,1,0,0,0,0,0,0,0,1,0,0,0,1,16,0,0,0,0,0,0,0,1,0,21486
700100,0,0,28,0,0,0,0,1499,0,1,0,1,0,0,0,0,0,0,0,1,0,0,0,1,14465,121,16,0,0,0,0,0,47,0,23034
700135,0,0,28,0,0,0,0,1499,0,1,0,1,0,0,0,0,0,0,0,1,0,0,0,1,14466,121,16,0,0,0,0,0,47,0,23035
700220,0,0,6,0,0,189,0,21,0,1,0,1,0,0,0,0,0,0,0,1,0,0,0,1,16,0,0,0,0,0,0,0,1,0,21483
700234,0,1,16,0,0,0,0,0,1,1,0,0,0,0,0,0,0,0,0,1,0,0,0,1,8149,0,0,0,0,0,0,0,1,0,24108
700246,0,0,6,0,0,189,0,17,0,1,0,1,0,0,0,0,0,0,0,1,0,0,0,1,16,0,0,0,0,0,0,0,1,0,21480
700323,0,0,6,1,0,74,0,99,1,1,0,1,0,0,0,0,0,0,0,1,0,0,0,1,16,0,0,0,0,0,0,0,1,0,23131
700493,0,0,16,0,0,0,0,0,1,1,0,0,0,0,0,0,0,0,0,1,0,0,0,1,8115,0,0,0,0,0,0,0,21,0,24064
700494,0,1,16,0,0,0,0,0,1,1,0,0,0,0,0,0,0,0,0,1,0,0,0,1,8122,0,0,0,0,0,0,0,1,0,24064
700538,0,0,16,0,0,0,0,0,1,1,0,0,0,0,0,0,0,0,0,1,0,0,0,1,7871,0,0,0,0,0,0,0,1,0,23660
700575,0,0,105,0,0,0,0,-1,0,1,0,1,0,0,0,0,0,0,0,1,0,0,0,1,179624,0,16,0,0,0,0,0,47,0,23005
700598,0,0,16,0,0,0,0,0,1,1,0,0,0,0,0,0,0,0,0,1,0,0,0,1,7142,0,0,0,0,0,0,0,21,0,23658
700599,0,1,16,0,0,0,0,0,1,1,0,0,0,0,0,0,0,0,0,1,0,0,0,1,7141,0,0,0,0,0,0,0,21,0,23658
700600,0,0,16,0,0,0,0,0,1,1,0,0,0,0,0,0,0,0,0,1,0,0,0,1,7872,0,0,0,0,0,0,0,1,0,23659
700687,0,1,16,0,0,0,0,0,1,1,0,0,0,0,0,0,0,0,0,1,0,0,0,1,7681,0,0,0,0,0,0,0,1,0,23354
700832,0,0,6,0,0,22,0,29,1,1,0,1,0,0,0,0,0,0,0,1,0,0,0,1,16,0,0,0,0,0,0,0,1,0,24446
700842,0,0,6,0,0,22,0,119,1,1,0,1,0,0,0,0,0,0,0,1,0,0,0,1,16,0,0,0,0,0,0,0,1,0,24449
700884,0,0,16,0,0,0,0,0,1,1,0,1,0,0,0,0,0,0,0,1,0,0,0,1,8354,0,0,0,0,0,0,0,25,0,24875
700983,0,0,3,0,0,0,0,0,1,1,0,0,0,0,0,0,0,0,0,1,0,0,0,1,0,0,16,0,0,0,0,0,1,0,24173
701006,0,0,24,0,0,0,0,0,1,1,0,1,20416,0,0,0,0,0,0,1,0,0,0,1,0,0,0,0,0,0,0,0,1,0,24874
701035,0,1,16,0,0,0,0,0,1,1,0,0,0,0,0,0,0,0,0,1,0,0,0,1,7843,0,0,0,0,0,0,0,1,0,23514
701099,0,0,6,0,0,22,0,59,1,1,0,1,0,0,0,0,0,0,0,1,0,0,0,1,16,0,0,0,0,0,0,0,1,0,24447
701123,0,0,6,0,0,22,0,89,1,1,0,1,0,0,0,0,0,0,0,1,0,0,0,1,16,0,0,0,0,0,0,0,1,0,24448
701129,0,0,16,0,0,0,0,0,1,1,0,0,0,0,0,0,0,0,0,1,0,0,0,1,8114,0,0,0,0,0,0,0,21,0,24061
701130,0,1,16,0,0,0,0,0,1,1,0,0,0,0,0,0,0,0,0,1,0,0,0,1,8121,0,0,0,0,0,0,0,1,0,24061
701163,0,0,28,0,0,0,0,3,1,1,0,1,0,0,0,0,0,0,0,1,0,0,0,1,14397,64,16,0,0,0,0,0,18,0,22939
701270,0,0,6,0,0,107,0,-2001,1,1,0,1,16416,0,0,0,0,0,0,1,0,0,0,1,11,0,0,0,16416,0,0,0,1,0,24429
701371,0,2,16,0,0,0,0,0,1,1,0,0,0,0,0,0,0,0,0,1,0,0,0,1,8240,0,0,0,0,0,0,0,1,0,24377
701408,0,0,28,0,0,0,0,1499,0,1,0,1,0,0,0,0,0,0,0,1,0,0,0,1,14751,121,16,0,0,0,0,0,47,0,23538
701409,0,0,28,0,0,0,0,1499,0,1,0,1,0,0,0,0,0,0,0,1,0,0,0,1,14752,121,16,0,0,0,0,0,47,0,23539
701464,0,1,16,0,0,0,0,0,1,1,0,0,0,0,0,0,0,0,0,1,0,0,0,1,8149,0,0,0,0,0,0,0,1,0,24107
701526,0,0,6,0,0,13,0,71,0,1,0,1,0,0,0,0,0,0,0,1,0,0,0,1,16,0,0,0,0,0,0,0,1,0,24667
701628,0,1,16,0,0,0,0,0,1,1,0,0,0,0,0,0,0,0,0,1,0,0,0,1,8150,0,0,0,0,0,0,0,1,0,24101
701640,0,2,16,0,0,0,0,0,1,1,0,0,0,0,0,0,0,0,0,1,0,0,0,1,8373,0,0,0,0,0,0,0,1,0,24973
701665,0,1,16,0,0,0,0,0,1,1,0,0,0,0,0,0,0,0,0,1,0,0,0,1,8150,0,0,0,0,0,0,0,1,0,24102
701667,0,1,16,0,0,0,0,0,1,1,0,0,0,0,0,0,0,0,0,1,0,0,0,1,8150,0,0,0,0,0,0,0,1,0,24103
701669,0,1,16,0,0,0,0,0,1,1,0,0,0,0,0,0,0,0,0,1,0,0,0,1,8150,0,0,0,0,0,0,0,1,0,24104
701672,0,1,16,0,0,0,0,0,1,1,0,0,0,0,0,0,0,0,0,1,0,0,0,1,8149,0,0,0,0,0,0,0,1,0,24105
701675,0,1,16,0,0,0,0,0,1,1,0,0,0,0,0,0,0,0,0,1,0,0,0,1,8149,0,0,0,0,0,0,0,1,0,24106
701770,0,0,86,0,0,0,0,0,1,1,0,0,0,0,0,0,0,0,0,1,0,0,0,1,16,0,0,0,0,0,0,0,40,0,24784
701773,0,0,86,0,0,0,0,0,1,1,0,0,0,0,0,0,0,0,0,1,0,0,0,1,16,0,0,0,0,0,0,0,40,0,24786
701880,0,0,5,0,0,0,0,0,1,1,0,0,0,0,0,0,0,0,0,1,0,0,0,1,0,0,16,0,0,0,0,0,6,48,25371
702252,0,0,86,0,0,0,0,0,1,1,0,0,0,0,0,0,0,0,0,1,0,0,0,1,16,0,0,0,0,0,0,0,40,0,24788
702254,0,0,86,0,0,0,0,0,1,1,0,0,0,0,0,0,0,0,0,1,0,0,0,1,16,0,0,0,0,0,0,0,40,0,24789
702256,0,0,86,0,0,0,0,0,1,1,0,0,0,0,0,0,0,0,0,1,0,0,0,1,16,0,0,0,0,0,0,0,40,0,24790
702303,0,0,86,0,0,0,0,0,1,1,0,0,0,0,0,0,0,0,0,1,0,0,0,1,16,0,0,0,0,0,0,0,40,0,24734
702474,0,0,28,0,0,0,0,0,1,1,0,0,0,0,0,0,0,0,0,1,0,0,0,1,15368,64,16,0,0,0,0,0,18,0,25024
702611,0,0,86,0,0,0,0,0,1,1,0,0,0,0,0,0,0,0,0,1,0,0,0,1,16,0,0,0,0,0,0,0,40,0,24744
702650,0,0,28,1000000000,0,0,0,0,1,1,0,0,0,0,0,0,0,0,0,1,0,0,0,1,15186,41,16,0,0,0,0,0,32,0,24939
702688,0,0,86,0,0,0,0,0,1,1,0,0,0,0,0,0,0,0,0,1,0,0,0,1,16,0,0,0,0,0,0,0,40,0,24770
702691,0,0,86,0,0,0,0,0,1,1,0,0,0,0,0,0,0,0,0,1,0,0,0,1,16,0,0,0,0,0,0,0,40,0,24772
702706,0,0,6,0,0,123,0,-151,0,1,0,1,0,0,0,0,0,0,0,1,0,0,0,1,16,0,0,0,0,0,0,0,30,0,26204
702715,0,0,5,0,0,0,0,0,1,1,0,0,0,0,0,0,0,0,0,1,0,0,0,1,0,0,16,0,0,0,0,0,6,48,26196
702734,0,0,28,0,0,0,0,2,1,1,0,1,0,0,0,0,0,0,0,1,0,0,0,1,15718,64,16,0,0,0,0,0,18,0,26060
702775,0,0,6,0,0,123,0,-301,0,1,0,1,0,0,0,0,0,0,0,1,0,0,0,1,16,0,0,0,0,0,0,0,1,0,25718
702777,0,0,86,0,0,0,0,0,1,1,0,0,0,0,0,0,0,0,0,1,0,0,0,1,16,0,0,0,0,0,0,0,40,0,24768
702788,0,0,86,0,0,0,0,0,1,1,0,0,0,0,0,0,0,0,0,1,0,0,0,1,16,0,0,0,0,0,0,0,40,0,24763
702809,0,0,86,0,0,0,0,0,1,1,0,0,0,0,0,0,0,0,0,1,0,0,0,1,16,0,0,0,0,0,0,0,40,0,24765
702835,0,0,6,0,0,13,0,19,0,1,0,1,0,0,0,0,0,0,0,1,0,0,0,1,16,0,0,0,0,0,0,0,1,0,25066
702872,0,0,28,0,0,0,0,4,1,1,0,1,0,0,0,0,0,0,0,1,0,0,0,1,15712,64,16,0,0,0,0,0,18,0,26058
702883,0,0,6,0,0,78,0,0,0,1,0,0,0,0,0,0,0,0,0,1,0,0,0,1,15716,0,0,0,0,0,0,0,1,0,26054
702940,0,0,16,0,0,0,0,0,1,1,0,0,0,0,0,0,0,0,0,1,0,0,0,1,8305,0,12,0,0,0,0,0,22,7,25201
702944,0,0,86,0,0,0,0,0,1,1,0,0,0,0,0,0,0,0,0,1,0,0,0,1,16,0,0,0,0,0,0,0,40,0,24760
702949,0,0,53,0,0,0,0,-1,0,1,0,1,0,0,0,0,0,0,0,1,0,0,0,1,2616,0,0,0,0,0,0,0,0,0,25078
703094,0,0,76,0,0,0,0,0,1,1,0,0,0,0,0,0,0,0,0,1,0,0,0,1,180660,0,16,0,0,0,0,0,32,0,25720
703142,0,0,86,0,0,0,0,0,1,1,0,0,0,0,0,0,0,0,0,1,0,0,0,1,16,0,0,0,0,0,0,0,40,0,24756
703170,0,0,86,0,0,0,0,0,1,1,0,0,0,0,0,0,0,0,0,1,0,0,0,1,16,0,0,0,0,0,0,0,40,0,24758
703207,0,0,16,0,0,0,0,0,1,1,0,0,0,0,0,0,0,0,0,1,0,0,0,1,8868,0,0,0,0,0,0,0,1,0,26394
703529,0,0,3,0,0,0,0,0,1,1,0,0,0,0,0,0,0,0,0,1,0,0,0,1,0,0,16,0,0,0,0,0,1,0,27771
703609,0,0,24,0,0,0,0,2,0,1,0,1,21716,0,0,0,0,0,0,1,0,0,0,1,0,0,0,0,0,0,0,0,1,0,26427
703624,0,0,3,0,0,0,0,0,1,1,0,0,0,0,0,0,0,0,0,1,0,0,0,1,0,0,16,0,0,0,0,0,8,0,25822
703638,0,0,28,0,0,0,0,0,1,1,0,1,0,0,0,0,0,0,0,1,0,0,0,1,15717,64,16,0,0,0,0,0,18,0,26284
703939,0,0,6,0,0,69,0,299,0,1,0,201,0,0,0,0,0,0,0,1,0,0,0,1,16,0,0,0,0,0,0,0,1,0,27534
704261,0,0,6,1,0,189,0,149,0,1,0,1,0,0,0,0,0,0,0,1,0,0,0,1,393216,0,0,0,0,0,0,0,1,0,28701
704397,0,0,6,0,0,13,0,69,0,1,0,1,0,0,0,0,0,0,0,1,0,0,0,1,16,0,0,0,0,0,0,0,1,0,26726
704398,0,0,6,0,0,13,0,71,0,1,0,1,0,0,0,0,0,0,0,1,0,0,0,1,16,0,0,0,0,0,0,0,1,0,26727
704412,0,0,28,0,0,0,0,0,1,1,0,1,0,0,0,0,0,0,0,1,0,0,0,1,15902,64,16,0,0,0,0,0,18,0,26392
704624,0,0,6,0,0,13,0,56,0,1,0,1,0,0,0,0,0,0,0,1,0,0,0,1,16,0,0,0,0,0,0,0,1,0,26717
704665,0,0,28,1000000000,0,0,0,0,1,1,0,0,0,0,0,0,0,0,0,1,0,0,0,1,11325,41,16,0,0,0,0,0,32,0,26972
704675,0,0,6,0,0,13,0,55,0,1,0,1,0,0,0,0,0,0,0,1,0,0,0,1,16,0,0,0,0,0,0,0,1,0,26716
704678,0,0,53,0,0,0,0,-1,0,1,0,1,0,0,0,0,0,0,0,1,0,0,0,1,2616,0,0,0,0,0,0,0,0,0,27109
704696,0,0,6,0,0,13,0,65,0,1,0,1,0,0,0,0,0,0,0,1,0,0,0,1,16,0,0,0,0,0,0,0,1,0,26723
704697,0,0,6,0,0,13,0,66,0,1,0,1,0,0,0,0,0,0,0,1,0,0,0,1,16,0,0,0,0,0,0,0,1,0,26724
704708,0,0,6,0,0,13,0,58,0,1,0,1,0,0,0,0,0,0,0,1,0,0,0,1,16,0,0,0,0,0,0,0,1,0,26718
704709,0,0,6,0,0,13,0,59,0,1,0,1,0,0,0,0,0,0,0,1,0,0,0,1,16,0,0,0,0,0,0,0,1,0,26719
704710,0,0,6,0,0,13,0,60,0,1,0,1,0,0,0,0,0,0,0,1,0,0,0,1,16,0,0,0,0,0,0,0,1,0,26720
704749,0,0,6,0,0,13,0,62,0,1,0,1,0,0,0,0,0,0,0,1,0,0,0,1,16,0,0,0,0,0,0,0,1,0,26721
704750,0,0,6,0,0,13,0,63,0,1,0,1,0,0,0,0,0,0,0,1,0,0,0,1,16,0,0,0,0,0,0,0,1,0,26722
704766,0,0,6,0,0,13,0,68,0,1,0,1,0,0,0,0,0,0,0,1,0,0,0,1,16,0,0,0,0,0,0,0,1,0,26725
704836,0,0,16,0,0,0,0,0,0,1,0,0,0,0,0,0,0,0,0,1,0,0,0,1,9378,0,0,0,0,0,0,0,1,0,29294
704866,0,0,3,0,0,0,0,0,0,1,0,0,0,0,0,0,0,0,0,1,0,0,0,1,0,0,16,0,0,0,0,0,38,0,28861
704868,0,0,28,0,0,0,0,0,0,1,0,1,0,0,0,0,0,0,0,1,0,0,0,1,16697,64,16,0,0,0,0,0,53,0,28863
704885,0,0,28,0,0,0,0,0,0,1,0,1,0,0,0,3.68264508247,0,0,0,1,0,0,0,1,16983,64,16,0,0,0,0,0,17,0,29258
704897,0,0,6,0,0,22,0,34,0,1,0,1,0,0,0,0,0,0,0,1,0,0,0,1,16,0,0,0,0,0,0,0,1,0,28766
704919,0,0,6,1,0,189,0,199,0,1,0,1,0,0,0,0,0,0,0,1,0,0,0,1,393216,0,0,0,0,0,0,0,1,0,28866
705068,0,0,53,0,0,0,0,-1,1,1,0,1,0,0,0,0,0,0,0,1,0,0,0,1,2716,0,0,0,0,0,0,0,0,0,29480
705113,0,0,3,0,0,0,0,0,0,1,0,0,0,0,0,0,0,0,0,1,0,0,0,1,0,0,16,0,0,0,0,0,18,0,30101
705181,0,0,28,0,0,0,0,0,0,1,0,1,0,0,0,5.51524114609,0,0,0,1,0,0,0,1,16983,64,16,0,0,0,0,0,17,0,29217
705190,0,0,28,0,0,0,0,0,0,1,0,1,0,0,0,5.21853494644,0,0,0,1,0,0,0,1,16981,64,16,0,0,0,0,0,17,0,29239
705202,0,0,28,0,0,0,0,0,0,1,0,1,0,0,0,2.94960689545,0,0,0,1,0,0,0,1,16983,64,16,0,0,0,0,0,17,0,29262
705219,0,0,28,0,0,0,0,0,0,1,0,1,0,0,0,5.51524114609,0,0,0,1,0,0,0,1,16984,64,16,0,0,0,0,0,17,0,29247
705220,0,0,28,0,0,0,0,0,0,1,0,1,0,0,0,4.55530977249,0,0,0,1,0,0,0,1,16984,64,16,0,0,0,0,0,17,0,29248
705265,0,0,28,0,0,0,0,0,0,1,0,1,0,0,0,2.93215298653,0,0,0,1,0,0,0,1,16981,64,16,0,0,0,0,0,17,0,29226
705291,0,0,28,0,0,0,0,0,0,1,0,1,0,0,0,4.55530977249,0,0,0,1,0,0,0,1,16983,64,16,0,0,0,0,0,17,0,29224
705292,0,0,28,0,0,0,0,0,0,1,0,3,0,0,0,5.21853494644,0,0,0,1,0,0,0,1,16983,64,16,0,0,0,0,0,17,0,29223
705293,0,1,28,0,0,0,0,0,0,1,0,2,0,0,0,5.21853494644,0,0,0,1,0,0,0,1,16981,64,16,0,0,0,0,0,17,0,29223
705294,0,0,28,0,0,0,0,0,0,1,0,1,0,0,0,3.68264508247,0,0,0,1,0,0,0,1,16983,64,16,0,0,0,0,0,17,0,29225
705315,0,0,28,0,0,0,0,0,0,1,0,1,0,0,0,3.68264508247,0,0,0,1,0,0,0,1,16983,64,16,0,0,0,0,0,17,0,29267
705357,0,0,28,0,0,0,0,0,0,1,0,1,0,0,0,2.94960689545,0,0,0,1,0,0,0,1,16983,64,16,0,0,0,0,0,17,0,29227
705468,0,0,28,0,0,0,0,0,0,1,0,1,0,0,0,2.93215298653,0,0,0,1,0,0,0,1,16984,64,16,0,0,0,0,0,17,0,29249
705470,0,0,28,0,0,0,0,0,0,1,0,1,0,0,0,5.51524114609,0,0,0,1,0,0,0,1,16983,64,16,0,0,0,0,0,17,0,29255
705483,0,0,28,0,0,0,0,0,0,1,0,1,0,0,0,5.21853494644,0,0,0,1,0,0,0,1,16981,64,16,0,0,0,0,0,17,0,29256
705484,0,0,28,0,0,0,0,0,0,1,0,1,0,0,0,4.55530977249,0,0,0,1,0,0,0,1,16983,64,16,0,0,0,0,0,17,0,29257
705505,0,0,28,0,0,0,0,0,0,1,0,1,0,0,0,2.93215298653,0,0,0,1,0,0,0,1,16981,64,16,0,0,0,0,0,17,0,29268
705506,0,0,28,0,0,0,0,0,0,1,0,1,0,0,0,2.94960689545,0,0,0,1,0,0,0,1,16983,64,16,0,0,0,0,0,17,0,29269
705507,0,1,28,0,0,0,0,0,0,1,0,1,0,0,0,2.94960689545,0,0,0,1,0,0,0,1,16982,64,16,0,0,0,0,0,17,0,29269
705559,0,0,28,0,0,0,0,0,0,1,0,1,0,0,0,5.51524114609,0,0,0,1,0,0,0,1,16984,64,16,0,0,0,0,0,17,0,29237
705560,0,1,28,0,0,0,0,0,0,1,0,2,0,0,0,4.55530977249,0,0,0,1,0,0,0,1,16984,64,16,0,0,0,0,0,17,0,29237
705561,0,2,28,0,0,0,0,0,0,1,0,1,0,0,0,2.93215298653,0,0,0,1,0,0,0,1,16984,64,16,0,0,0,0,0,17,0,29237
705562,0,0,28,0,0,0,0,0,0,1,0,1,0,0,0,4.55530977249,0,0,0,1,0,0,0,1,16983,64,16,0,0,0,0,0,17,0,29240
705563,0,1,28,0,0,0,0,0,0,1,0,1,0,0,0,4.55530977249,0,0,0,1,0,0,0,1,16982,64,16,0,0,0,0,0,17,0,29240
705572,0,0,28,0,0,0,0,0,0,1,0,1,0,0,0,5.51524114609,0,0,0,1,0,0,0,1,16983,64,16,0,0,0,0,0,17,0,29238
705714,0,0,27,0,0,4,0,0,0,1,0,0,0,0,0,0,0,0,0,1,0,0,0,1,0,0,16,0,0,0,0,0,18,0,31725
845933,0,2,6,0,0,189,0,0,0,1,0,0,0,0,0,0,0,0,0,1,0,0,0,1,16,0,0,0,0,0,0,0,1,0,27179
846062,0,1,3,0,0,0,0,48,0,1,0,1,0,0,0,0,0,0,0,1,0,0,0,1,0,0,16,0,0,0,0,0,1,0,25479
846095,0,0,6,0,0,22,0,139,1,1,0,1,0,0,0,0,0,0,0,1,0,0,0,1,16,0,0,0,0,0,0,0,1,0,27054
846121,0,0,6,0,0,13,0,53,0,1,0,1,0,0,0,0,0,0,0,1,0,0,0,1,16,0,0,0,0,0,0,0,1,0,27980
846148,0,1,3,0,0,0,0,61,0,1,0,1,0,0,0,0,0,0,0,1,0,0,0,1,0,0,16,0,0,0,0,0,1,0,25485
846275,0,2,6,0,0,77,0,99,1,1,0,1,0,0,0,0,0,0,0,1,0,0,0,1,16,0,0,0,0,0,0,0,1,0,27213
846385,0,0,24,0,0,0,0,0,0,1,0,1,20816,0,0,0,0,0,0,1,0,0,0,1,0,0,0,0,0,0,0,0,1,0,25255
846609,0,0,6,0,0,22,0,-89,0,1,0,1,0,0,0,0,0,0,0,1,0,0,0,1,116,0,0,0,0,0,0,0,6,0,27228
846610,0,1,6,0,0,87,0,9,0,1,0,1,0,0,0,0,0,0,0,1,0,0,0,1,116,0,0,0,0,0,0,0,6,0,27228
846789,0,0,24,0,0,0,0,0,0,1,0,1,22116,0,0,0,0,0,0,1,0,0,0,1,0,0,0,0,0,0,0,0,1,0,27238
846806,0,0,6,0,0,189,0,14,0,1,0,1,0,0,0,0,0,0,0,1,0,0,0,1,16,0,0,0,0,0,0,0,1,0,27940
847026,0,2,6,0,0,22,0,17,0,1,0,1,0,0,0,0,0,0,0,1,0,0,0,1,16,0,0,0,0,0,0,0,1,0,27124
847215,0,0,28,0,0,0,0,0,0,1,0,1,0,0,0,0,0,0,0,1,0,0,0,1,17267,64,16,0,0,0,0,0,18,0,30184
847333,0,0,6,0,0,189,0,399,0,1,0,1,0,0,0,0,0,0,0,1,0,0,0,1,393216,0,0,0,0,0,0,0,1,0,28507
847399,0,0,3,0,0,0,0,0,0,1,0,0,0,0,0,0,0,0,0,1,0,0,0,1,0,0,16,0,0,0,0,0,1,0,30201
847419,0,0,6,0,0,69,0,2799,0,1,0,1201,0,0,0,0,0,0,0,1,0,0,0,1,16,0,0,0,0,0,0,0,1,0,28512
847454,0,0,24,0,0,0,0,0,0,1,0,1,23516,0,0,0,0,0,0,1,0,0,0,1,0,0,0,0,0,0,0,0,1,0,29615
847835,0,1,16,0,0,0,0,0,1,1,0,0,0,0,0,0,0,0,0,1,0,0,0,1,9484,0,0,0,0,0,0,0,1,0,30100
847878,0,0,24,0,0,0,0,0,0,1,0,1,23116,0,0,0,0,0,0,1,0,0,0,1,0,0,0,0,0,0,0,0,1,0,28948
847926,0,1,16,0,0,0,0,0,1,1,0,0,0,0,0,0,0,0,0,1,0,0,0,1,9486,0,0,0,0,0,0,0,1,0,30103
847929,0,1,16,0,0,0,0,0,1,1,0,0,0,0,0,0,0,0,0,1,0,0,0,1,9485,0,0,0,0,0,0,0,1,0,30104
848024,0,0,28,0,0,0,0,0,1,1,0,1,0,0,0,0.55850499868,0,0,0,1,0,0,0,1,17248,64,16,0,0,0,0,0,17,0,30120
848260,0,0,27,0,0,4,0,0,0,1,0,1,0,0,0,0,0,0,0,1,0,0,0,1,0,0,16,0,0,0,0,0,18,0,29322
848316,0,0,16,0,0,0,0,0,0,1,0,0,0,0,0,0,0,0,0,1,0,0,0,1,9538,0,0,0,0,0,0,0,1,0,30419
848396,0,0,27,0,0,0,0,0,0,1,0,0,0,0,0,0,0,0,0,1,0,0,0,1,0,0,16,0,0,0,0,0,88,0,30262
848397,0,0,27,0,0,0,0,0,0,1,0,0,0,0,0,0,0,0,0,1,0,0,0,1,0,0,16,0,0,0,0,0,88,0,30263
848398,0,0,27,0,0,0,0,0,0,1,0,0,0,0,0,0,0,0,0,1,0,0,0,1,0,0,16,0,0,0,0,0,88,0,30264
848399,0,0,27,0,0,4,0,0,0,1,0,0,0,0,0,0,0,0,0,1,0,0,0,1,0,0,16,0,0,0,0,0,88,0,30265
848509,0,0,6,0,0,13,0,54,0,1,0,1,0,0,0,0,0,0,0,1,0,0,0,1,16,0,0,0,0,0,0,0,1,0,28493
848578,0,0,28,0,0,0,0,0,0,1,0,0,0,0,0,1.32986104488,0,0,0,1,0,0,0,1,17265,64,16,0,0,0,0,0,17,0,30171
848579,0,0,28,0,0,0,0,0,0,1,0,0,0,0,0,6.1521987915,0,0,0,1,0,0,0,1,17265,64,16,0,0,0,0,0,17,0,30179
848638,0,1,16,0,0,0,0,0,0,1,0,0,0,0,0,0,0,0,0,1,0,0,0,1,9666,0,0,0,0,0,0,0,1,0,30988
848724,0,1,16,0,0,0,0,0,0,1,0,0,0,0,0,0,0,0,0,1,0,0,0,1,9595,0,10,0,0,0,0,0,22,15,30790
849172,0,0,28,0,0,0,0,0,0,1,0,1,0,0,0,0,0,0,0,1,0,0,0,1,17470,64,16,0,0,0,0,0,53,0,30539
849258,0,0,2,0,0,0,0,1002,1.14999997616,1,0,255,0,0,0,0,3.79999995232,0,0,1,0,0,0,1,0,0,0,0,0,0,0,0,6,0,30545
849306,0,1,16,0,0,0,0,0,0,1,0,0,0,0,0,0,0,0,0,1,0,0,0,1,9711,0,23,0,0,0,0,0,22,15,31336
849309,0,0,16,0,0,0,0,0,0,1,0,0,0,0,0,0,0,0,0,1,0,0,0,1,9711,0,0,0,0,0,0,0,25,0,31339
849390,0,1,6,0,0,22,0,74,0,1,0,1,0,0,0,0,0,0,0,1,0,0,0,1,16,0,0,0,0,0,0,0,1,0,31256
849594,0,0,24,0,0,0,0,0,0,1,0,1,24255,0,0,0,0,0,0,1,0,0,0,1,0,0,0,0,0,0,0,0,1,0,31442
849617,0,2,6,0,0,79,0,0,0,1,0,1,0,0,0,0,0,0,0,1,0,0,0,1,16,0,0,0,0,0,0,0,1,0,31674
849620,0,2,6,0,0,79,0,1,0,1,0,1,0,0,0,0,0,0,0,1,0,0,0,1,16,0,0,0,0,0,0,0,1,0,31675
849645,0,1,16,0,0,0,0,0,1,1,0,0,0,0,0,0,0,0,0,1,0,0,0,1,9591,0,0,0,0,0,0,0,1,0,30647
849695,0,0,27,0,0,4,0,0,0,1,0,0,0,0,0,0,0,0,0,1,0,0,0,1,0,0,16,0,0,0,0,0,63,0,31361
849713,0,2,6,0,0,79,0,2,0,1,0,1,0,0,0,0,0,0,0,1,0,0,0,1,16,0,0,0,0,0,0,0,1,0,31676
849716,0,2,6,0,0,79,0,3,0,1,0,1,0,0,0,0,0,0,0,1,0,0,0,1,16,0,0,0,0,0,0,0,1,0,31677
849719,0,2,6,0,0,79,0,4,0,1,0,1,0,0,0,0,0,0,0,1,0,0,0,1,16,0,0,0,0,0,0,0,1,0,31678
849739,0,1,16,0,0,0,0,0,1,1,0,0,0,0,0,0,0,0,0,1,0,0,0,1,9592,0,0,0,0,0,0,0,1,0,30648
849744,0,1,16,0,0,0,0,0,1,1,0,0,0,0,0,0,0,0,0,1,0,0,0,1,9593,0,0,0,0,0,0,0,1,0,30652
849748,0,0,28,0,0,0,0,0,0,1,0,1,0,0,0,0,0,0,0,1,0,0,0,1,18370,64,16,0,0,0,0,0,63,0,30744
849821,0,0,28,0,0,0,0,0,0,1,0,1,0,0,0,0,0,0,0,1,0,0,0,1,17471,64,16,0,0,0,0,0,53,0,30496
849898,0,0,2,0,0,0,0,722,1,1,0,255,0,0,0,0,0,0,0,1,0,0,0,1,0,0,0,0,0,0,0,0,6,0,31620
849963,0,0,24,0,0,0,0,0,0,1,0,1,24116,0,0,0,0,0,0,1,0,0,0,1,0,0,0,0,0,0,0,0,1,0,31071
849984,0,0,16,0,0,0,0,0,0,1,0,0,0,0,0,0,0,0,0,1,0,0,0,1,9711,0,20,0,0,0,0,0,22,30,31377
850295,0,0,28,0,0,0,0,0,0,1,0,0,0,0,0,0,0,0,0,1,0,0,0,1,18553,64,16,0,0,0,0,0,18,0,32564
850396,0,0,3,0,0,0,0,0,0,1,0,0,0,0,0,0,0,0,0,1,0,0,0,1,0,0,16,0,0,0,0,0,53,0,32647
850408,0,0,6,0,0,69,0,1124,0,1,0,1,0,0,0,0,0,0,0,1,0,0,0,1,16,0,0,0,0,0,0,0,1,0,32796
850409,0,1,6,1,0,74,0,-1,0,1,0,1,0,0,0,0,0,0,0,1,0,0,0,1,16,0,0,0,0,0,0,0,1,0,32796
850558,0,0,16,0,0,0,0,0,0,1,0,0,0,0,0,0,0,0,0,1,0,0,0,1,9889,0,11,0,0,0,0,0,22,15,32174
850699,0,0,27,0,0,0,0,0,0,1,0,0,0,0,0,0,0,0,0,1,0,0,0,1,0,0,16,0,0,0,0,0,88,0,32812
850951,0,0,9,1,0,0,0,722,1,2,0,255,0,0,0,0,0,0,0,1,0,0,0,1,0,0,0,0,0,0,0,0,6,0,32428
851035,0,0,27,0,0,4,0,0,0,1,0,0,0,0,0,0,0,0,0,1,0,0,0,1,0,0,16,0,0,0,0,0,18,52,32286
851148,0,0,28,0,0,0,0,0,0,1,0,0,0,0,0,0,0,0,0,1,0,0,0,1,18430,64,16,0,0,0,0,0,18,0,32372
851437,0,0,3,0,0,0,0,0,0,1,0,0,0,0,0,0,0,0,0,1,0,0,0,1,0,0,16,0,0,0,0,0,1,0,32618
851440,0,0,6,0,0,13,0,-1,0,1,0,1,0,0,0,0,0,0,0,1,0,0,0,1,16,0,0,0,0,0,0,0,1,0,32698
851998,0,0,6,1,0,189,0,131,0,1,0,1,0,0,0,0,0,0,0,1,0,0,0,1,393216,0,0,0,0,0,0,0,1,0,33489
852003,0,0,28,0,0,0,0,0,0,1,0,1,0,0,0,3.12187099457,0,0,0,1,0,0,0,1,19224,64,16,0,0,0,0,0,17,0,33566
852293,0,0,6,1,0,189,0,259,0,1,0,1,0,0,0,0,0,0,0,1,0,0,0,1,393216,0,0,0,0,0,0,0,1,0,33807
852361,0,0,28,0,0,0,0,0,0,1,0,1,0,0,0,3.12187099457,0,0,0,1,0,0,0,1,19226,64,16,0,0,0,0,0,17,0,33582
852362,0,0,28,0,0,0,0,0,0,1,0,1,0,0,0,1.36024904251,0,0,0,1,0,0,0,1,19226,64,16,0,0,0,0,0,17,0,33583
852363,0,0,28,0,0,0,0,0,0,1,0,1,0,0,0,5.58016681671,0,0,0,1,0,0,0,1,19226,64,16,0,0,0,0,0,17,0,33584
852364,0,0,28,0,0,0,0,0,0,1,0,1,0,0,0,0.04773399979,0,0,0,1,0,0,0,1,19226,64,16,0,0,0,0,0,17,0,33585
852365,0,0,28,0,0,0,0,0,0,1,0,1,0,0,0,6.01283407211,0,0,0,1,0,0,0,1,19226,64,16,0,0,0,0,0,17,0,33586
852558,0,0,6,0,0,56,0,0,1,1,0,0,0,0,0,0,0,0,0,1,0,0,0,1,19116,0,0,0,0,0,0,0,1,0,33441
852581,0,0,6,0,0,13,0,77,0,1,0,1,0,0,0,0,0,0,0,1,0,0,0,1,16,0,0,0,0,0,0,0,1,0,33818
852596,0,0,28,0,0,0,0,0,0,1,0,0,0,0,0,0,0,0,0,1,0,0,0,1,19438,64,16,0,0,0,0,0,18,0,33954
852688,0,2,16,0,0,0,0,0,0,1,0,0,0,0,0,0,0,0,0,1,0,0,0,1,10162,0,0,0,0,0,0,0,1,0,33824
852766,0,1,6,0,0,14,0,19,0,1,0,1,0,0,0,0,1,0,0,1,0,0,0,1,16,0,0,0,0,0,0,0,6,0,33528
852923,0,0,3,0,0,0,0,0,0,1,0,0,0,0,0,0,0,0,0,1,0,0,0,1,0,0,16,0,0,0,0,0,1,0,33283
853000,0,1,6,0,0,39,0,0,0,1,0,0,0,0,0,0,0,0,0,1,0,0,0,1,16,0,0,0,0,0,0,0,1,0,34202
853151,0,0,28,0,0,0,0,0,0,1,0,0,0,0,0,0,0,0,0,1,0,0,0,1,19233,64,16,0,0,0,0,0,0,0,33622
853184,0,0,28,0,0,0,0,0,0,1,0,1,0,0,0,0,0,0,0,1,0,0,0,1,19464,64,16,0,0,0,0,0,63,0,33978
853242,0,0,28,0,0,0,0,0,0,1,0,1,0,0,0,0.50614601374,0,0,0,1,0,0,0,1,19920,64,16,0,0,0,0,0,17,0,34682
853333,0,0,28,0,0,0,0,0,0,1,0,1,0,0,0,6.12610578537,0,0,0,1,0,0,0,1,19920,64,16,0,0,0,0,0,17,0,34685
853335,0,0,28,0,0,0,0,0,0,1,0,1,0,0,0,2.46091389656,0,0,0,1,0,0,0,1,19920,64,16,0,0,0,0,0,17,0,34687
853338,0,0,28,0,0,0,0,0,0,1,0,1,0,0,0,3.73500490189,0,0,0,1,0,0,0,1,19920,64,16,0,0,0,0,0,17,0,34690
853415,0,2,16,0,0,0,0,0,0,1,0,0,0,0,0,0,0,0,0,1,0,0,0,1,10204,0,0,0,0,0,0,0,1,0,34379
853433,0,1,6,0,0,108,0,9,0,1,0,1,0,0,0,0,0,0,0,1,0,0,0,1,16,0,0,0,0,0,0,0,6,0,34520
853448,0,0,6,1,0,189,0,324,0,1,0,1,0,0,0,0,0,0,0,1,0,0,0,1,393216,0,0,0,0,0,0,0,1,0,34775
853514,0,0,76,0,0,0,0,0,0,1,0,0,0,0,0,0,0,0,0,1,0,0,0,1,183816,0,0,0,0,0,0,0,18,0,34386
853912,0,0,6,0,0,87,0,-76,0,1,0,1,0,0,0,0,0,0,0,1,0,0,0,1,16,0,0,0,0,0,0,0,1,0,34334
853957,0,1,27,0,0,4,0,0,0,1,0,0,0,0,0,0,0,0,0,1,0,0,0,1,0,0,16,0,0,0,0,0,18,0,34872
854054,0,0,2,0,0,0,0,722,1,1,0,255,0,0,0,0,0,0,0,1,0,0,0,1,0,0,0,0,0,0,0,0,6,0,34641
854158,0,0,28,0,0,0,0,0,0,1,0,0,0,0,0,0,0,0,0,1,0,0,0,1,19750,61,16,0,0,0,0,0,47,0,34728
854170,0,0,16,0,0,0,0,0,0,1,0,0,0,0,0,0,0,0,0,1,0,0,0,1,10277,0,0,0,0,0,0,0,25,0,34883
854377,0,0,6,0,0,22,0,0,0,1,0,0,0,0,0,0,0,0,0,1,0,0,0,1,16,0,0,0,0,0,0,0,1,0,34957
854574,0,1,6,0,0,22,0,0,0,1,0,0,0,0,0,0,0,0,0,1,0,0,0,1,16,0,0,0,0,0,0,0,1,0,34903
854746,0,0,28,0,0,0,0,0,0,1,0,1,0,0,0,0,0,0,0,1,0,0,0,1,19958,64,16,0,0,0,0,0,47,0,34759
854749,0,0,28,0,0,0,0,0,0,1,0,1,0,0,0,0,0,0,0,1,0,0,0,1,19969,64,16,0,0,0,0,0,47,0,34761
854750,0,0,28,0,0,0,0,0,0,1,0,1,0,0,0,0,0,0,0,1,0,0,0,1,19962,64,16,0,0,0,0,0,47,0,34762
854751,0,0,28,0,0,0,0,0,0,1,0,1,0,0,0,0,0,0,0,1,0,0,0,1,19964,64,16,0,0,0,0,0,47,0,34763
854783,0,0,6,1,0,189,0,179,0,1,0,1,0,0,0,0,0,0,0,1,0,0,0,1,393216,0,0,0,0,0,0,0,1,0,35131
854838,0,0,3,0,0,0,0,0,0,1,0,0,0,0,0,0,0,0,0,1,0,0,0,1,0,0,16,0,0,0,0,0,1,0,35764
854883,0,0,76,0,0,0,0,0,0,1,0,0,0,0,0,0,0,0,0,1,0,0,0,1,183816,0,0,0,0,0,0,0,46,0,36325
854885,0,0,28,0,0,0,0,0,0,1,0,1,0,0,0,0,0,0,0,1,0,0,0,1,20021,64,16,0,0,0,0,0,18,0,36326
854961,0,0,16,0,0,0,0,0,0,1,0,0,0,0,0,0,0,0,0,1,0,0,0,1,10454,0,0,0,0,0,0,0,25,0,35998
855087,0,1,3,0,0,0,0,1,0,1,0,1,0,0,0,0,0,0,0,1,0,0,0,1,0,0,16,0,0,0,0,0,1,0,36494
855089,0,1,3,0,0,0,0,1,0,1,0,1,0,0,0,0,0,0,0,1,0,0,0,1,0,0,16,0,0,0,0,0,1,0,36495
855091,0,1,3,0,0,0,0,1,0,1,0,1,0,0,0,0,0,0,0,1,0,0,0,1,0,0,16,0,0,0,0,0,1,0,36496
855093,0,1,3,0,0,0,0,65,0,1,0,1,0,0,0,0,0,0,0,1,0,0,0,1,0,0,16,0,0,0,0,0,1,0,36497
855188,0,1,3,0,0,0,0,70,0,1,0,1,0,0,0,0,0,0,0,1,0,0,0,1,0,0,16,0,0,0,0,0,1,0,36498
855190,0,1,3,0,0,0,0,73,0,1,0,1,0,0,0,0,0,0,0,1,0,0,0,1,0,0,16,0,0,0,0,0,1,0,36499
855194,0,1,3,0,0,0,0,61,0,1,0,1,0,0,0,0,0,0,0,1,0,0,0,1,0,0,16,0,0,0,0,0,1,0,36502
855306,0,1,3,0,0,0,0,1,0,1,0,1,0,0,0,0,0,0,0,1,0,0,0,1,0,0,16,0,0,0,0,0,1,0,36744
855356,0,0,61,0,0,0,0,0,0,1,0,0,0,0,0,0,0,0,0,1,0,0,0,1,13516,0,0,0,0,0,0,0,0,0,36182
855400,0,0,3,0,0,0,0,0,0,1,0,0,0,0,0,0,0,0,0,1,0,0,0,1,0,0,16,0,0,0,0,0,6,0,36677
855405,0,1,3,0,0,0,0,3,0,1,0,1,0,0,0,0,0,0,0,1,0,0,0,1,0,0,16,0,0,0,0,0,1,0,36750
855407,0,1,3,0,0,0,0,4,0,1,0,1,0,0,0,0,0,0,0,1,0,0,0,1,0,0,16,0,0,0,0,0,1,0,36751
855515,0,1,3,0,0,0,0,4,0,1,0,1,0,0,0,0,0,0,0,1,0,0,0,1,0,0,16,0,0,0,0,0,1,0,36752
855517,0,1,3,0,0,0,0,3,0,1,0,1,0,0,0,0,0,0,0,1,0,0,0,1,0,0,16,0,0,0,0,0,1,0,36753
855519,0,1,3,0,0,0,0,5,0,1,0,1,0,0,0,0,0,0,0,1,0,0,0,1,0,0,16,0,0,0,0,0,1,0,36754
855521,0,1,3,0,0,0,0,6,0,1,0,1,0,0,0,0,0,0,0,1,0,0,0,1,0,0,16,0,0,0,0,0,1,0,36755
855619,0,1,3,0,0,0,0,6,0,1,0,1,0,0,0,0,0,0,0,1,0,0,0,1,0,0,16,0,0,0,0,0,1,0,36756
855621,0,1,3,0,0,0,0,5,0,1,0,1,0,0,0,0,0,0,0,1,0,0,0,1,0,0,16,0,0,0,0,0,1,0,36757
855623,0,1,3,0,0,0,0,9,0,1,0,1,0,0,0,0,0,0,0,1,0,0,0,1,0,0,16,0,0,0,0,0,1,0,36758
855625,0,1,3,0,0,0,0,9,0,1,0,1,0,0,0,0,0,0,0,1,0,0,0,1,0,0,16,0,0,0,0,0,1,0,36759
855704,0,1,3,0,0,0,0,10,0,1,0,1,0,0,0,0,0,0,0,1,0,0,0,1,0,0,16,0,0,0,0,0,1,0,36760
855706,0,1,3,0,0,0,0,8,0,1,0,1,0,0,0,0,0,0,0,1,0,0,0,1,0,0,16,0,0,0,0,0,1,0,36761
855708,0,1,3,0,0,0,0,15,0,1,0,1,0,0,0,0,0,0,0,1,0,0,0,1,0,0,16,0,0,0,0,0,1,0,36762
855710,0,1,3,0,0,0,0,16,0,1,0,1,0,0,0,0,0,0,0,1,0,0,0,1,0,0,16,0,0,0,0,0,1,0,36763
855734,0,0,6,0,0,87,0,12,0,1,0,1,0,0,0,0,0,0,0,1,0,0,0,1,116,0,0,0,0,0,0,0,1,0,35872
855735,0,1,6,0,0,22,0,-71,0,1,0,1,0,0,0,0,0,0,0,1,0,0,0,1,116,0,0,0,0,0,0,0,1,0,35872
855759,0,0,28,0,0,0,0,0,0,1,0,1,0,0,0,0,0,0,0,1,0,0,0,1,21101,64,16,0,0,0,0,0,53,0,36119
855776,0,1,6,0,0,189,0,124,1,1,0,1,0,0,0,0,0,0,0,1,0,0,0,1,16,0,0,0,0,0,0,0,1,0,36372
855834,0,0,28,0,0,0,0,0,0,1,0,1,0,0,0,0,0,0,0,1,0,0,0,1,20752,64,16,0,0,0,0,0,18,0,35736
855850,0,0,27,0,0,4,0,0,0,1,0,0,0,0,0,0,0,0,0,1,0,0,0,1,0,0,16,0,0,0,0,0,18,29,36037
855851,0,0,28,0,0,0,0,0,0,1,0,1,0,0,0,0,0,0,0,1,0,0,0,1,21030,64,16,0,0,0,0,0,53,0,36038
855887,0,0,28,0,0,0,0,0,0,1,0,1,0,0,0,0,0,0,0,1,0,0,0,1,17471,64,16,0,0,0,0,0,18,0,36463
855915,0,0,27,0,0,4,0,0,0,1,0,0,0,0,0,0,0,0,0,1,0,0,0,1,0,0,16,0,0,0,0,0,18,29,35487
855919,0,0,24,0,0,0,0,0,0,1,0,1,29516,0,0,0,0,0,0,1,0,0,0,1,0,0,0,0,0,0,0,0,1,0,35576
856055,0,0,50,0,0,0,0,-1,0,1,0,1,0,0,0,0,0,0,0,1,0,0,0,1,184604,0,16,0,0,0,0,0,47,0,35743
856056,0,0,50,0,0,0,0,-1,0,1,0,1,0,0,0,0,0,0,0,1,0,0,0,1,184605,0,16,0,0,0,0,0,47,0,35744
856242,0,0,28,0,0,0,0,0,0,1,0,3,0,0,0,0,0,0,0,1,0,0,0,1,21395,64,16,0,0,0,0,0,18,0,36633
856415,0,0,28,0,0,0,0,0,0,1,0,1,0,0,0,0,0,0,0,1,0,0,0,1,17471,64,16,0,0,0,0,0,53,0,36147
856470,0,0,3,0,0,0,0,0,0,1,0,0,0,0,0,0,0,0,0,1,0,0,0,1,0,0,16,0,0,0,0,0,6,0,36791
856514,0,1,134,0,0,0,0,0,0,1,0,0,0,0,0,0,0,0,0,1,0,0,0,1,21716,0,0,0,0,0,0,0,1,0,37323
856582,0,0,28,0,0,0,0,0,0,1,0,1,0,0,0,0,0,0,0,1,0,0,0,1,21373,64,16,0,0,0,0,0,18,0,36948
856647,0,0,28,0,0,0,0,0,0,1,0,0,0,0,0,0,0,0,0,1,0,0,0,1,21913,64,16,0,0,0,0,0,17,0,37854
856666,0,2,6,0,0,22,0,49,0,1,0,1,0,0,0,0,0,0,0,1,0,0,0,1,16,0,0,0,0,0,0,0,1,0,36881
856730,0,0,3,0,0,0,0,0,0,1,0,0,0,0,0,0,0,0,0,1,0,0,0,1,0,0,16,0,0,0,0,0,47,0,37692
856739,0,0,28,0,0,0,0,0,0,1,0,0,0,0,0,2.51327395439,0,0,0,1,0,0,0,1,21913,64,16,0,0,0,0,0,17,0,37858
856823,0,0,28,0,0,0,0,0,0,1,0,0,0,0,0,2.51327395439,0,0,0,1,0,0,0,1,21913,64,16,0,0,0,0,0,17,0,37860
856824,0,0,28,0,0,0,0,0,0,1,0,0,0,0,0,4.25860404968,0,0,0,1,0,0,0,1,21913,64,16,0,0,0,0,0,17,0,37861
856831,0,2,16,0,0,0,0,0,0,1,0,0,0,0,0,0,0,0,0,1,0,0,0,1,10716,0,0,0,0,0,0,0,25,0,37940
856838,0,2,16,0,0,0,0,0,0,1,0,0,0,0,0,0,0,0,0,1,0,0,0,1,10711,0,0,0,0,0,0,0,25,0,36812
856839,0,0,28,0,0,0,0,0,0,1,0,1,0,0,0,0,0,0,0,1,0,0,0,1,21414,64,16,0,0,0,0,0,18,0,36813
856942,0,0,3,0,0,0,0,0,0,1,0,0,0,0,0,0,0,0,0,1,0,0,0,1,0,0,16,0,0,0,0,0,8,0,36821
857138,0,0,28,0,0,0,0,0,0,1,0,1,0,0,0,0,0,0,0,1,0,0,0,1,21387,64,16,0,0,0,0,0,18,0,36903
857221,0,2,16,0,0,0,0,0,0,1,0,0,0,0,0,0,0,0,0,1,0,0,0,1,10710,0,0,0,0,0,0,0,25,0,37962
857245,0,0,28,0,0,0,0,0,0,1,0,1,0,0,0,0,0,0,0,1,0,0,0,1,16697,64,16,0,0,0,0,0,53,0,37063
857246,0,1,3,0,0,0,0,1110,0,1,0,1,0,0,0,0,0,0,0,1,0,0,0,1,0,0,16,0,0,0,0,0,1,0,37063
857318,0,2,16,0,0,0,0,0,0,1,0,0,0,0,0,0,0,0,0,1,0,0,0,1,10712,0,0,0,0,0,0,0,25,0,37968
857392,0,0,6,1,0,189,0,299,0,1,0,1,0,0,0,0,0,0,0,1,0,0,0,1,393216,0,0,0,0,0,0,0,1,0,37728
857407,0,1,3,0,0,0,0,17,0,1,0,1,0,0,0,0,0,0,0,1,0,0,0,1,0,0,16,0,0,0,0,0,1,0,36764
857409,0,1,3,0,0,0,0,14,0,1,0,1,0,0,0,0,0,0,0,1,0,0,0,1,0,0,16,0,0,0,0,0,1,0,36765
857411,0,1,3,0,0,0,0,29,0,1,0,1,0,0,0,0,0,0,0,1,0,0,0,1,0,0,16,0,0,0,0,0,1,0,36766
857413,0,1,3,0,0,0,0,31,0,1,0,1,0,0,0,0,0,0,0,1,0,0,0,1,0,0,16,0,0,0,0,0,1,0,36767
857518,0,1,3,0,0,0,0,33,0,1,0,1,0,0,0,0,0,0,0,1,0,0,0,1,0,0,16,0,0,0,0,0,1,0,36768
857520,0,1,3,0,0,0,0,27,0,1,0,1,0,0,0,0,0,0,0,1,0,0,0,1,0,0,16,0,0,0,0,0,1,0,36769
857522,0,1,3,0,0,0,0,42,0,1,0,1,0,0,0,0,0,0,0,1,0,0,0,1,0,0,16,0,0,0,0,0,1,0,36770
857524,0,1,3,0,0,0,0,45,0,1,0,1,0,0,0,0,0,0,0,1,0,0,0,1,0,0,16,0,0,0,0,0,1,0,36771
857612,0,1,3,0,0,0,0,47,0,1,0,1,0,0,0,0,0,0,0,1,0,0,0,1,0,0,16,0,0,0,0,0,1,0,36772
857614,0,1,3,0,0,0,0,39,0,1,0,1,0,0,0,0,0,0,0,1,0,0,0,1,0,0,16,0,0,0,0,0,1,0,36773
857616,0,1,3,0,0,0,0,51,0,1,0,1,0,0,0,0,0,0,0,1,0,0,0,1,0,0,16,0,0,0,0,0,1,0,36774
857618,0,1,3,0,0,0,0,55,0,1,0,1,0,0,0,0,0,0,0,1,0,0,0,1,0,0,16,0,0,0,0,0,1,0,36775
857705,0,1,3,0,0,0,0,59,0,1,0,1,0,0,0,0,0,0,0,1,0,0,0,1,0,0,16,0,0,0,0,0,1,0,36776
857707,0,1,3,0,0,0,0,48,0,1,0,1,0,0,0,0,0,0,0,1,0,0,0,1,0,0,16,0,0,0,0,0,1,0,36777
857743,0,0,6,1,0,189,0,159,0,1,0,1,0,0,0,0,0,0,0,1,0,0,0,1,393216,0,0,0,0,0,0,0,1,0,37163
857801,0,2,16,0,0,0,0,0,0,1,0,0,0,0,0,0,0,0,0,1,0,0,0,1,10557,0,0,0,0,0,0,0,25,0,37910
857862,0,0,6,1,0,189,0,199,0,1,0,1,0,0,0,0,0,0,0,1,0,0,0,1,393216,0,0,0,0,0,0,0,1,0,37526
857889,0,0,24,0,0,0,0,0,0,1,0,1,30816,0,0,0,0,0,0,1,0,0,0,1,0,0,0,0,0,0,0,0,1,0,37836
857917,0,0,28,0,0,0,0,0,0,1,0,1,0,0,0,0,0,0,0,1,0,0,0,1,16697,64,16,0,0,0,0,0,53,0,37014
857918,0,1,3,0,0,0,0,6499,0,1,0,1,0,0,0,0,0,0,0,1,0,0,0,1,0,0,16,0,0,0,0,0,1,0,37014
858010,0,0,6,0,0,139,0,3,1,1,0,1,0,0,0,0,0,0,0,1,0,0,0,1,1016,0,0,0,0,0,0,0,1,0,38157
858197,0,0,6,0,0,87,0,99,0,1,0,1,0,0,0,0,0,0,0,1,0,0,0,1,16,0,0,0,0,0,0,0,1,0,38089
858244,0,0,28,0,0,0,0,0,0,1,0,0,0,0,0,0,0,0,0,1,0,0,0,1,22228,61,16,0,0,0,0,0,47,0,38611
858452,0,0,134,0,0,0,0,0,0,1,0,0,0,0,0,0,0,0,0,1,0,0,0,1,22316,0,0,0,0,0,0,0,21,0,38775
858541,0,0,28,0,0,0,0,3499,0,1,0,1,0,0,0,0,0,0,0,1,0,0,0,1,22236,63,16,0,0,0,0,0,32,0,38624
858562,0,1,76,0,0,0,0,0,0,1,0,0,0,0,0,0,0,0,0,1,0,0,0,1,183816,0,0,0,0,0,0,0,46,0,38920
858685,0,0,6,0,0,87,0,19,0.10000000149,1,0,1,0,0,0,0,0,0,0,1,0,0,0,1,16,0,0,0,0,0,0,0,6,0,38035
858839,0,0,6,0,0,87,0,54,0,1,0,1,0,0,0,0,0,0,0,1,0,0,0,1,16,0,0,0,0,0,0,0,1,0,38714
858884,0,0,28,0,0,0,0,0,0,1,0,0,0,0,0,0,0,0,0,1,0,0,0,1,22460,64,16,0,0,0,0,0,72,0,39163
859096,0,0,6,1,0,189,0,399,0,1,0,1,0,0,0,0,0,0,0,1,0,0,0,1,393216,0,0,0,0,0,0,0,1,0,38282
859111,0,0,2,0,0,0,0,111,1,1,0,1,0,0,0,0,0,0,0,1,0,0,0,1,0,0,16,0,0,0,0,0,16,0,38498
859125,0,1,16,0,0,0,0,0,0,1,0,0,0,0,0,0,0,0,0,1,0,0,0,1,10839,0,0,0,0,0,0,0,1,0,38729
859211,0,0,6,0,0,13,0,349,0,1,0,1,0,0,0,0,0,0,0,1,0,0,0,1,16,0,0,0,0,0,0,0,1,0,38649
859394,0,0,2,0,0,0,0,109,0,1,0,11,0,0,0,0,0,0,0,1,0,0,0,1,0,0,16,0,0,0,0,0,63,16,38513
859598,0,0,24,0,0,0,0,0,0,1,0,1,32216,0,0,0,0,0,0,1,0,0,0,1,0,0,0,0,0,0,0,0,1,0,39732
859639,0,0,86,0,0,0,0,0,0,1,0,0,0,0,0,0,0,0,0,1,0,0,0,1,16,0,0,0,0,0,0,0,40,0,40283
859641,0,0,86,0,0,0,0,0,0,1,0,0,0,0,0,0,0,0,0,1,0,0,0,1,16,0,0,0,0,0,0,0,40,0,40284
859643,0,0,86,0,0,0,0,0,0,1,0,0,0,0,0,0,0,0,0,1,0,0,0,1,16,0,0,0,0,0,0,0,40,0,40285
859645,0,0,86,0,0,0,0,0,0,1,0,0,0,0,0,0,0,0,0,1,0,0,0,1,16,0,0,0,0,0,0,0,40,0,40286
859693,0,0,16,0,0,0,0,0,0,1,0,0,0,0,0,0,0,0,0,1,0,0,0,1,10977,0,0,0,0,0,0,0,1,0,39660
859787,0,0,28,0,0,0,0,0,1,1,0,1,0,0,0,5.11381483078,0,0,0,1,0,0,0,1,21920,64,16,0,0,0,0,0,17,0,39813
859788,0,0,28,0,0,0,0,0,1,1,0,1,0,0,0,5.11381483078,0,0,0,1,0,0,0,1,21920,64,16,0,0,0,0,0,17,0,39814
859789,0,0,28,0,0,0,0,0,1,1,0,1,0,0,0,5.27089500427,0,0,0,1,0,0,0,1,21920,64,16,0,0,0,0,0,17,0,39815
859790,0,0,28,0,0,0,0,0,1,1,0,1,0,0,0,5.27089500427,0,0,0,1,0,0,0,1,21920,64,16,0,0,0,0,0,17,0,39816
859880,0,0,28,0,0,0,0,0,1,1,0,1,0,0,0,5.14872217178,0,0,0,1,0,0,0,1,21920,64,16,0,0,0,0,0,17,0,39817
859881,0,0,28,0,0,0,0,0,1,1,0,1,0,0,0,4.32841682434,0,0,0,1,0,0,0,1,21920,64,16,0,0,0,0,0,17,0,39818
859882,0,0,28,0,0,0,0,0,1,1,0,1,0,0,0,4.01425695419,0,0,0,1,0,0,0,1,21920,64,16,0,0,0,0,0,17,0,39819
859883,0,0,28,0,0,0,0,0,1,1,0,1,0,0,0,4.01425695419,0,0,0,1,0,0,0,1,21920,64,16,0,0,0,0,0,17,0,39820
859884,0,0,28,0,0,0,0,0,1,1,0,1,0,0,0,4.31096410751,0,0,0,1,0,0,0,1,21920,64,16,0,0,0,0,0,17,0,39821
859885,0,0,28,0,0,0,0,0,1,1,0,1,0,0,0,4.31096410751,0,0,0,1,0,0,0,1,21920,64,16,0,0,0,0,0,17,0,39822
860108,0,1,16,0,0,0,0,0,0,1,0,0,0,0,0,0,0,0,0,1,0,0,0,1,11058,0,0,0,0,0,0,0,25,0,40310
860111,0,1,16,0,0,0,0,0,0,1,0,0,0,0,0,0,0,0,0,1,0,0,0,1,11058,0,0,0,0,0,0,0,25,0,40311
860112,0,2,16,0,0,0,0,0,0,1,0,0,0,0,0,0,0,0,0,1,0,0,0,1,11080,0,0,0,0,0,0,0,25,0,40311
860153,0,1,3,0,0,0,0,39678,0,1,0,1,0,0,0,0,0,0,0,1,0,0,0,1,0,0,16,0,0,0,0,0,32,0,39678
860154,0,0,76,0,0,0,0,0,0,1,0,0,0,0,0,0,0,0,0,1,0,0,0,1,185523,0,16,0,0,0,0,0,32,0,39679
860200,0,1,16,0,0,0,0,0,0,1,0,0,0,0,0,0,0,0,0,1,0,0,0,1,11058,0,0,0,0,0,0,0,25,0,40312
860201,0,2,16,0,0,0,0,0,0,1,0,0,0,0,0,0,0,0,0,1,0,0,0,1,11080,0,0,0,0,0,0,0,25,0,40312
860249,0,0,28,0,0,0,0,0,1,1,0,0,0,0,0,0,0,0,0,1,0,0,0,1,15368,64,16,0,0,0,0,0,18,0,39685
860282,0,0,6,0,0,56,0,0,1,1,0,0,0,0,0,0,0,0,0,1,0,0,0,1,10516,0,0,0,0,0,0,0,1,0,40155
860549,0,0,16,0,0,0,0,0,0,1,0,0,0,0,0,0,0,0,0,1,0,0,0,1,10985,0,33,0,0,0,0,0,22,7,39932
860630,0,0,16,0,0,0,0,0,0,1,0,0,0,0,0,0,0,0,0,1,0,0,0,1,10886,0,0,0,0,0,0,0,1,0,39564
860673,0,0,86,0,0,0,0,0,0,1,0,0,0,0,0,0,0,0,0,1,0,0,0,1,16,0,0,0,0,0,0,0,40,0,40176
860676,0,0,86,0,0,0,0,0,0,1,0,0,0,0,0,0,0,0,0,1,0,0,0,1,16,0,0,0,0,0,0,0,40,0,40177
860679,0,0,86,0,0,0,0,0,0,1,0,0,0,0,0,0,0,0,0,1,0,0,0,1,16,0,0,0,0,0,0,0,40,0,40178
860682,0,0,86,0,0,0,0,0,0,1,0,0,0,0,0,0,0,0,0,1,0,0,0,1,16,0,0,0,0,0,0,0,40,0,40179
860842,0,0,28,0,0,0,0,0,0,1,0,0,0,0,0,0,0,0,0,1,0,0,0,1,22972,64,16,0,0,0,0,0,32,0,39793
860890,0,0,3,0,0,0,0,0,0,1,0,0,0,0,0,0,0,0,0,1,0,0,0,1,0,0,16,0,0,0,0,0,1,0,39188
860978,0,0,6,1,0,189,0,199,0,1,0,1,0,0,0,0,0,0,0,1,0,0,0,1,393216,0,0,0,0,0,0,0,1,0,40267
861059,0,0,6,0,0,189,0,239,0,1,0,1,0,0,0,0,0,0,0,1,0,0,0,1,393216,0,0,0,0,0,0,0,1,0,39959
861209,0,0,86,0,0,0,0,0,0,1,0,0,0,0,0,0,0,0,0,1,0,0,0,1,16,0,0,0,0,0,0,0,40,0,40512
861228,0,0,3,0,0,0,0,0,1,1,0,0,0,0,0,0,0,0,0,1,0,0,0,1,0,0,16,0,0,0,0,0,1,0,40674
861229,0,0,3,0,0,0,0,0,1,1,0,0,0,0,0,0,0,0,0,1,0,0,0,1,0,0,16,0,0,0,0,0,1,0,40675
861231,0,0,3,0,0,0,0,0,1,1,0,0,0,0,0,0,0,0,0,1,0,0,0,1,0,0,16,0,0,0,0,0,1,0,40676
861358,0,1,86,0,0,0,0,0,0,1,0,0,0,0,0,0,0,0,0,1,0,0,0,1,16,0,0,0,0,0,0,0,40,0,41004
861420,0,0,76,0,0,0,0,0,0,1,0,0,0,0,0,1.57079601288,0,0,0,1,0,0,0,1,185898,0,16,0,0,0,0,0,47,0,40527
861422,0,0,76,0,0,0,0,0,1,1,0,0,0,0,0,0,0,0,0,1,0,0,0,1,185899,0,16,0,0,0,0,0,47,0,40530
861423,0,1,76,0,0,0,0,0,0,1,0,0,0,0,0,0,0,0,0,1,0,0,0,1,185900,0,16,0,0,0,0,0,47,0,40530
861552,0,0,3,0,0,0,0,0,0,1,0,0,0,0,0,0,0,0,0,1,0,0,0,1,0,0,16,0,0,0,0,0,73,0,40854
861639,0,0,76,0,0,0,0,0,0,1,0,0,0,0,0,0,0,0,0,1,0,0,0,1,185916,0,0,0,0,0,0,0,18,0,40694
861690,0,0,16,0,0,0,0,0,0,1,0,0,0,0,0,0,0,0,0,1,0,0,0,1,11087,0,0,0,0,0,0,0,25,0,41250
861881,0,1,86,0,0,0,0,0,0,1,0,0,0,0,0,0,0,0,0,1,0,0,0,1,16,0,0,0,0,0,0,0,40,0,41110
861897,0,0,16,0,0,0,0,0,0,1,0,0,0,0,0,0,0,0,0,1,0,0,0,1,11090,0,22,0,0,0,0,0,22,15,41340
861973,0,1,86,0,0,0,0,0,0,1,0,0,0,0,0,0,0,0,0,1,0,0,0,1,16,0,0,0,0,0,0,0,40,0,41111
861976,0,1,86,0,0,0,0,0,0,1,0,0,0,0,0,0,0,0,0,1,0,0,0,1,16,0,0,0,0,0,0,0,40,0,41112
861980,0,2,86,0,0,0,0,0,0,1,0,0,0,0,0,0,0,0,0,1,0,0,0,1,16,0,0,0,0,0,0,0,40,0,41113
862021,0,0,28,0,0,0,0,0,1,1,0,0,0,0,0,0,0,0,0,1,0,0,0,1,23216,64,16,0,0,0,0,0,18,0,40474
862023,0,0,28,0,0,0,0,0,1,1,0,0,0,0,0,0,0,0,0,1,0,0,0,1,23215,64,16,0,0,0,0,0,18,0,40476
862039,0,1,86,0,0,0,0,0,0,1,0,0,0,0,0,0,0,0,0,1,0,0,0,1,16,0,0,0,0,0,0,0,40,0,40632
862097,0,0,28,0,0,0,0,0,1,1,0,1,0,0,0,0,0,0,0,1,0,0,0,1,23429,64,16,0,0,0,0,0,53,0,41348
862216,0,1,16,0,0,0,0,0,0,1,0,0,0,0,0,0,0,0,0,1,0,0,0,1,11115,0,0,0,0,0,0,0,21,0,41588
862238,0,1,28,0,0,0,0,0,0,1,0,1,0,0,0,0,0,0,0,1,0,0,0,1,23254,64,16,0,0,0,0,0,53,0,40569
862242,0,1,86,0,0,0,0,0,0,1,0,0,0,0,0,0,0,0,0,1,0,0,0,1,16,0,0,0,0,0,0,0,40,0,40640
862245,0,1,86,0,0,0,0,0,0,1,0,0,0,0,0,0,0,0,0,1,0,0,0,1,16,0,0,0,0,0,0,0,40,0,40642
862248,0,1,86,0,0,0,0,0,0,1,0,0,0,0,0,0,0,0,0,1,0,0,0,1,16,0,0,0,0,0,0,0,40,0,40644
862361,0,0,28,0,0,0,0,0,0,1,0,0,0,0,0,0,0,0,0,1,0,0,0,1,23338,64,16,0,0,0,0,0,32,0,40889
862430,0,0,86,0,0,0,0,0,0,1,0,0,0,0,0,0,0,0,0,1,0,0,0,1,16,0,0,0,0,0,0,0,40,0,40494
862431,0,0,86,0,0,0,0,0,0,1,0,0,0,0,0,0,0,0,0,1,0,0,0,1,16,0,0,0,0,0,0,0,40,0,40495
862438,0,0,76,0,0,0,0,0,1,1,0,0,0,0,0,0,0,0,0,1,0,0,0,1,185903,0,16,0,0,0,0,0,49,0,40574
862519,0,1,16,0,0,0,0,0,0,1,0,0,0,0,0,0,0,0,0,1,0,0,0,1,11116,0,0,0,0,0,0,0,21,0,41601
862633,0,2,6,0,0,39,0,0,0,1,0,0,0,0,0,0,0,0,0,1,0,0,0,1,255,0,0,0,0,0,0,0,1,38,40503
862715,0,0,16,0,0,0,0,0,0,1,0,0,0,0,0,0,0,0,0,1,0,0,0,1,11097,0,22,0,0,0,0,0,22,30,41454
862727,0,0,16,0,0,0,0,0,0,1,0,0,0,0,0,0,0,0,0,1,0,0,0,1,11334,0,0,0,0,0,0,0,25,0,43445
862825,0,0,3,0,0,0,0,0,0,1,0,0,0,0,0,0,0,0,0,1,0,0,0,1,0,0,16,0,0,0,0,0,1,0,43126
862906,0,0,27,0,0,4,0,0,0,1,0,0,0,0,0,0,0,0,0,1,0,0,0,1,0,0,16,0,0,0,0,0,1,0,42657
862970,0,1,16,0,0,0,0,0,0,1,0,0,0,0,0,0,0,0,0,1,0,0,0,1,11058,0,10,0,0,0,0,0,22,7,42004
862971,0,2,16,0,0,0,0,0,0,1,0,0,0,0,0,0,0,0,0,1,0,0,0,1,11080,0,10,0,0,0,0,0,22,7,42004
863103,0,0,16,0,0,0,0,0,0,1,0,0,0,0,0,0,0,0,0,1,0,0,0,1,11142,0,0,0,0,0,0,0,1,0,42316
863268,0,0,16,0,0,0,0,0,0,1,0,0,0,0,0,0,0,0,0,1,0,0,0,1,11345,0,0,0,0,0,0,0,25,0,43472
863269,0,0,16,0,0,0,0,0,0,1,0,0,0,0,0,0,0,0,0,1,0,0,0,1,11334,0,0,0,0,0,0,0,25,0,43473
863270,0,0,16,0,0,0,0,0,0,1,0,0,0,0,0,0,0,0,0,1,0,0,0,1,11334,0,0,0,0,0,0,0,25,0,43474
863361,0,0,16,0,0,0,0,0,1,1,0,0,0,0,0,0,0,0,0,1,0,0,0,1,11336,0,0,0,0,0,0,0,21,0,43475
863362,0,1,16,0,0,0,0,0,1,1,0,0,0,0,0,0,0,0,0,1,0,0,0,1,11340,0,0,0,0,0,0,0,21,0,43475
863363,0,0,16,0,0,0,0,0,1,1,0,0,0,0,0,0,0,0,0,1,0,0,0,1,11337,0,0,0,0,0,0,0,21,0,43477
863364,0,1,16,0,0,0,0,0,1,1,0,0,0,0,0,0,0,0,0,1,0,0,0,1,11341,0,0,0,0,0,0,0,21,0,43477
863474,0,0,16,0,0,0,0,0,1,1,0,0,0,0,0,0,0,0,0,1,0,0,0,1,11338,0,0,0,0,0,0,0,21,0,43483
863475,0,1,16,0,0,0,0,0,1,1,0,0,0,0,0,0,0,0,0,1,0,0,0,1,11342,0,0,0,0,0,0,0,21,0,43483
863476,0,0,16,0,0,0,0,0,1,1,0,0,0,0,0,0,0,0,0,1,0,0,0,1,11335,0,0,0,0,0,0,0,21,0,43484
863477,0,1,16,0,0,0,0,0,1,1,0,0,0,0,0,0,0,0,0,1,0,0,0,1,11339,0,0,0,0,0,0,0,21,0,43484
863518,0,0,28,0,0,0,0,0,1,1,0,0,0,0,0,0,0,0,0,1,0,0,0,1,23523,64,16,0,0,0,0,0,50,0,42035
863519,0,1,28,0,0,0,0,0,0,1,0,0,0,0,0,0,0,0,0,1,0,0,0,1,23318,64,16,0,0,0,0,0,49,0,42035
863520,0,2,28,0,0,0,0,0,0,1,0,0,0,0,0,0,0,0,0,1,0,0,0,1,23524,64,16,0,0,0,0,0,47,0,42035
863650,0,0,16,0,0,0,0,0,0,1,0,0,0,0,0,0,0,0,0,1,0,0,0,1,11131,0,12,0,0,0,0,0,22,7,42242
863651,0,1,16,0,0,0,0,0,0,1,0,0,0,0,0,0,0,0,0,1,0,0,0,1,11219,0,12,0,0,0,0,0,22,7,42242
863781,0,0,28,0,0,0,0,0,1,1,0,1,0,0,0,0,0,0,0,1,0,0,0,1,24187,64,16,0,0,0,0,0,53,0,43216
863823,0,2,6,0,0,39,0,0,0,1,0,0,0,0,0,0,0,0,0,1,0,0,0,1,255,0,0,0,0,0,0,0,1,38,41962
863913,0,0,6,0,0,189,0,9,0,1,0,1,0,0,0,0,0,0,0,1,0,0,0,1,16,0,0,0,0,0,0,0,1,0,41885
863974,0,0,3,0,0,0,0,0,0,1,0,0,0,0,0,0,0,0,0,1,0,0,0,1,0,0,16,0,0,0,0,0,1,0,43073
864293,0,0,16,0,0,0,0,0,0,1,0,0,0,0,0,0,0,0,0,1,0,0,0,1,11226,0,0,0,0,0,0,0,25,0,42781
864516,0,0,28,0,0,0,0,0,0,1,0,0,0,0,0,0,0,0,0,1,0,0,0,1,25305,64,16,0,0,0,0,0,47,0,45426
864697,0,0,16,0,0,0,0,0,0,1,0,0,0,0,0,0,0,0,0,1,0,0,0,1,11496,0,0,0,0,0,0,0,1,0,44969
864698,0,1,16,0,0,0,0,0,0,1,0,0,0,0,0,0,0,0,0,1,0,0,0,1,11523,0,0,0,0,0,0,0,1,0,44969
864734,0,0,16,0,0,0,0,0,0,1,0,0,0,0,0,0,0,0,0,1,0,0,0,1,11731,0,0,0,0,0,0,0,25,0,45719
864735,0,1,16,0,0,0,0,0,0,1,0,0,0,0,0,0,0,0,0,1,0,0,0,1,11921,0,0,0,0,0,0,0,25,0,45719
864925,0,0,32,0,0,0,0,0,0,1,0,0,0,0,0,0,0,46054,0,1,0,0,0,1,0,0,16,0,0,0,0,0,8,0,45732
865201,0,0,28,0,0,0,0,0,0,1,0,1,0,0,0,0,0,0,0,1,0,0,0,1,25598,64,16,0,0,0,0,0,18,0,45781
865270,0,0,28,0,0,0,0,0,0,1,0,0,0,0,0,0,0,0,0,1,0,0,0,1,24981,61,16,0,0,0,0,0,32,0,44999
865580,0,0,76,0,0,0,0,0,1,1,0,0,0,0,0,0,0,0,0,1,0,0,0,1,187265,0,16,0,0,0,0,0,49,0,45093
865582,0,1,50,0,0,0,0,0,0,1,0,0,0,0,0,0,0,0,0,1,0,0,0,1,187267,0,16,0,0,0,0,0,47,0,45094
865603,0,0,32,0,0,0,0,0,0,1,0,0,0,0,0,0,0,45644,0,1,0,0,0,1,0,0,16,0,0,0,0,0,47,0,45638
865737,0,0,28,0,0,0,0,3499,0,1,0,1,0,0,0,0,0,0,0,1,0,0,0,1,24649,63,16,0,0,0,0,0,32,0,44130
865766,0,0,16,0,0,0,0,0,0,1,0,0,0,0,0,0,0,0,0,1,0,0,0,1,11518,0,0,0,0,0,0,0,25,0,44934
865837,0,0,32,0,0,0,0,0,0,1,0,0,0,0,0,0,0,44231,0,1,0,0,0,1,0,0,16,0,0,0,0,0,46,0,44255
865968,0,0,16,0,0,0,0,0,0,1,0,0,0,0,0,0,0,0,0,1,0,0,0,1,11516,0,0,0,0,0,0,0,27,0,44947
866031,0,0,32,0,0,0,0,0,0,1,0,0,0,0,0,0,0,46325,0,1,0,0,0,1,0,0,16,0,0,0,0,0,47,0,46321
866036,0,0,32,0,0,0,0,0,0,1,0,0,0,0,0,0,0,46313,0,1,0,0,0,1,0,0,16,0,0,0,0,0,47,0,46326
866075,0,0,76,0,0,0,0,0,0,1,0,0,0,0,0,0,0,0,0,1,0,0,0,1,188508,0,16,0,0,0,0,0,75,0,47690
866181,0,0,16,0,0,0,0,0,0,1,0,0,0,0,0,0,0,0,0,1,0,0,0,1,12139,0,12,0,0,0,0,0,22,7,47775
866182,0,1,16,0,0,0,0,0,0,1,0,0,0,0,0,0,0,0,0,1,0,0,0,1,12135,0,12,0,0,0,0,0,22,7,47775
866202,0,0,16,0,0,0,0,0,0,1,0,0,0,0,0,0,0,0,0,1,0,0,0,1,12600,0,0,0,0,0,0,0,25,0,51495
866271,0,0,16,0,0,0,0,0,0,1,0,0,0,0,0,0,0,0,0,1,0,0,0,1,11293,0,0,0,0,0,0,0,1,0,47134
866367,0,1,16,0,0,0,0,0,0,1,0,0,0,0,0,0,0,0,0,1,0,0,0,1,12187,0,0,0,0,0,0,0,1,0,48056
866369,0,1,16,0,0,0,0,0,0,1,0,0,0,0,0,0,0,0,0,1,0,0,0,1,12186,0,0,0,0,0,0,0,1,0,48057
866389,0,0,32,0,0,0,0,0,0,1,0,0,0,0,0,0,0,51694,0,1,0,0,0,1,0,0,16,0,0,0,0,0,87,0,51661
866390,0,0,3,0,0,0,0,0,1,1,0,0,0,0,0,0,0,0,0,1,0,0,0,1,0,0,16,0,0,0,0,0,8,0,51694
866392,0,0,3,0,0,0,0,0,1,1,0,0,0,0,0,0,0,0,0,1,0,0,0,1,0,0,16,0,0,0,0,0,8,0,51697
866453,0,0,16,0,0,0,0,0,0,1,0,0,0,0,0,0,0,0,0,1,0,0,0,1,11975,0,0,0,0,0,0,0,25,0,46956
866486,0,0,16,0,0,0,0,0,0,1,0,0,0,0,0,0,0,0,0,1,0,0,0,1,11122,0,0,0,0,0,0,0,25,0,51798
866495,0,0,27,0,0,4,0,0,0,1,0,0,0,0,0,0,0,0,0,1,0,0,0,1,0,0,16,0,0,0,0,0,18,52,45911
866579,0,0,27,0,0,4,0,0,0,1,0,0,0,0,0,0,0,0,0,1,0,0,0,1,0,0,16,0,0,0,0,0,18,52,45912
866580,0,0,27,0,0,4,0,0,0,1,0,0,0,0,0,0,0,0,0,1,0,0,0,1,0,0,16,0,0,0,0,0,18,52,45914
866588,0,0,16,0,0,0,0,0,0,1,0,0,0,0,0,0,0,0,0,1,0,0,0,1,11657,0,0,0,0,0,0,0,25,0,46081
866589,0,1,16,0,0,0,0,0,0,1,0,0,0,0,0,0,0,0,0,1,0,0,0,1,11924,0,0,0,0,0,0,0,25,0,46081
866606,0,0,16,0,0,0,0,0,0,1,0,0,0,0,0,0,0,0,0,1,0,0,0,1,11891,0,10,0,0,0,0,0,22,30,46375
866622,0,0,16,0,0,0,0,0,0,1,0,0,0,0,0,0,0,0,0,1,0,0,0,1,11922,0,0,0,0,0,0,0,25,0,46651
866623,0,1,16,0,0,0,0,0,0,1,0,0,0,0,0,0,0,0,0,1,0,0,0,1,11926,0,0,0,0,0,0,0,25,0,46651
866625,0,0,16,0,0,0,0,0,0,1,0,0,0,0,0,0,0,0,0,1,0,0,0,1,11923,0,0,0,0,0,0,0,25,0,46654
866626,0,1,16,0,0,0,0,0,0,1,0,0,0,0,0,0,0,0,0,1,0,0,0,1,11925,0,0,0,0,0,0,0,25,0,46654
866731,0,0,16,0,0,0,0,0,0,1,0,0,0,0,0,0,0,0,0,1,0,0,0,1,11964,0,0,0,0,0,0,0,25,0,46825
866732,0,0,16,0,0,0,0,0,0,1,0,0,0,0,0,0,0,0,0,1,0,0,0,1,11966,0,0,0,0,0,0,0,25,0,46826
866773,0,1,16,0,0,0,0,0,0,1,0,0,0,0,0,0,0,0,0,1,0,0,0,1,12494,0,0,0,0,0,0,0,1,0,50399
866976,0,0,24,0,0,0,0,0,0,1,0,1,35316,0,0,0,0,0,0,1,0,0,0,1,0,0,0,0,0,0,0,0,1,0,46404
867058,0,0,3,0,0,0,0,0,0,1,0,0,0,0,0,0,0,0,0,1,0,0,0,1,0,0,16,0,0,0,0,0,6,0,46292
867074,0,0,16,0,0,0,0,0,0,1,0,0,0,0,0,0,0,0,0,1,0,0,0,1,11937,0,0,0,0,0,0,0,25,0,46711
867075,0,1,16,0,0,0,0,0,0,1,0,0,0,0,0,0,0,0,0,1,0,0,0,1,11924,0,0,0,0,0,0,0,25,0,46711
867137,0,0,16,0,0,0,0,0,0,1,0,0,0,0,0,0,0,0,0,1,0,0,0,1,11874,0,0,0,0,0,0,0,25,0,46206
867216,0,0,3,0,0,0,0,0,0,1,0,0,0,0,0,0,0,0,0,1,0,0,0,1,0,0,16,0,0,0,0,0,47,0,46121
867365,0,0,153,0,0,0,0,0,0,1,0,0,0,0,0,0,0,0,0,1,0,0,0,1,26016,0,0,0,0,0,0,0,25,0,46730
867451,0,0,86,0,0,0,0,0,1,1,0,0,0,0,0,0,0,0,0,1,0,0,0,1,16,0,0,0,0,0,0,0,40,0,46592
870836,0,2,6,0,0,189,0,0,0,1,0,0,0,0,0,0,0,0,0,1,0,0,0,1,16,0,0,0,0,0,0,0,1,0,20925
870837,0,2,6,0,0,189,0,0,0,1,0,0,0,0,0,0,0,0,0,1,0,0,0,1,16,0,0,0,0,0,0,0,1,0,20927
870838,0,2,6,0,0,189,0,0,0,1,0,0,0,0,0,0,0,0,0,1,0,0,0,1,16,0,0,0,0,0,0,0,1,0,20928
870985,0,1,3,0,0,0,0,4399,0,1,0,1,0,0,0,0,0,0,0,1,0,0,0,1,0,0,16,0,0,0,0,0,1,0,28863
870994,0,1,6,0,0,107,0,29,0,1,0,1,0,0,0,0,0,0,0,1,0,0,0,1,28,0,0,0,-1879045120,3316,0,0,0,0,29191
875522,0,3,6,0,0,22,0,200,0,1,0,0,0,0,0,0,0,0,0,1,0,0,0,1,16,0,0,0,0,0,0,0,1,0,346285
896043,0,2,16,0,0,0,0,0,1,1,0,0,0,0,0,0,0,0,0,1,0,0,0,1,64845,0,0,0,0,0,0,0,21,0,43484
896044,0,2,16,0,0,0,0,0,1,1,0,0,0,0,0,0,0,0,0,1,0,0,0,1,64845,0,0,0,0,0,0,0,21,0,43483
896045,0,2,16,0,0,0,0,0,1,1,0,0,0,0,0,0,0,0,0,1,0,0,0,1,64845,0,0,0,0,0,0,0,21,0,43477
896046,0,2,16,0,0,0,0,0,1,1,0,0,0,0,0,0,0,0,0,1,0,0,0,1,64845,0,0,0,0,0,0,0,21,0,43475
900213,0,0,6,0,0,179,0,25,1,1,0,0,0,0,0,0,0,0,0,1,0,0,0,1,16,0,0,0,0,0,0,0,1,0,361930
900219,176,0,6,0,0,87,0,50,0,1,0,0,0,0,0,0,0,0,0,1,0,0,0,1,16,0,0,0,0,0,0,0,1,0,38714
900222,176,0,6,0,0,179,0,15,1,1,0,0,0,0,0,0,0,0,0,1,0,0,0,1,16,0,0,0,0,0,0,0,1,0,361930
910277,0,0,16,0,0,0,0,0,0,1,0,0,0,0,0,0,0,0,0,1,0,0,0,1,10985,0,0,0,0,0,0,0,1,0,366916
910278,0,0,16,0,0,0,0,0,0,1,0,0,0,0,0,0,0,0,0,1,0,0,0,1,10445,0,0,0,0,0,0,0,1,0,366917
910509,0,0,32,0,0,0,0,0,0,1,0,0,0,0,0,0,0,367068,0,1,0,0,0,1,0,0,16,16,0,0,0,0,8,0,367062
